data_idx,mapped_rxn,template
418,CC(C)(C)c1nc(N2CCOCC2)c2nnn(Cc3ccccc3Cl)c2n1.Cl[c:1]1[n:2][c:3]([C:4]([CH3:5])([CH3:6])[CH3:7])[n:8][c:9]2[c:10]1[n:11][n:12][n:13]2[CH2:14][c:15]1[cH:16][cH:17][cH:18][cH:19][c:20]1[Cl:21].[OH:22][CH2:23][CH:24]1[CH2:25][NH:26][CH2:27][CH2:28][O:29]1>>[c:1]1([N:26]2[CH2:25][CH:24]([CH2:23][OH:22])[O:29][CH2:28][CH2:27]2)[n:2][c:3]([C:4]([CH3:5])([CH3:6])[CH3:7])[n:8][c:9]2[c:10]1[n:11][n:12][n:13]2[CH2:14][c:15]1[cH:16][cH:17][cH:18][cH:19][c:20]1[Cl:21],[N:1].Cl-[c:2]>>[N:1]-[c:2]
450,Cc1ccccc1.[CH3:1][CH2:2][CH2:3][CH2:4][CH2:5][CH:6]1[CH2:7][CH:8]=[C:9]([c:10]2[cH:11][cH:12][c:13]([S:14]([F:15])([F:16])([F:17])([F:18])[F:19])[cH:20][cH:21]2)[CH2:22][CH2:23]1.[Pd]>>[CH3:1][CH2:2][CH2:3][CH2:4][CH2:5][C@H:6]1[CH2:7][CH2:8][C@H:9]([c:10]2[cH:11][cH:12][c:13]([S:14]([F:15])([F:16])([F:17])([F:18])[F:19])[cH:20][cH:21]2)[CH2:22][CH2:23]1,[C:1]=[C:2]>>[C:1]-[C:2]
531,C1CCOC1.COP(=O)(OC)[CH2:1][C:2](=[O:3])[CH2:4][CH2:5][CH2:6][CH2:7][CH2:8][NH:9][C:10](=[O:11])[O:12][C:13]([CH3:14])([CH3:15])[CH3:16].O.O=C([O-])[O-].O=[CH:17][c:18]1[cH:19][n:20][c:21]([CH3:22])[n:23][cH:24]1.[K+].[K+]>>[CH:1]([C:2](=[O:3])[CH2:4][CH2:5][CH2:6][CH2:7][CH2:8][NH:9][C:10](=[O:11])[O:12][C:13]([CH3:14])([CH3:15])[CH3:16])=[CH:17][c:18]1[cH:19][n:20][c:21]([CH3:22])[n:23][cH:24]1,O=[C:2].C-O-P(=O)(-O-C)-[C:1]-C=O>>O=C-[C:1]=[C:2]
932,C1CCOC1.C[Si](C)(C)[N-][Si](C)(C)C.F[c:1]1[c:2](-[c:3]2[c:4]([NH2:5])[cH:6][n:7][c:8]([F:9])[cH:10]2)[cH:11][c:12]([Br:13])[cH:14][n:15]1.[Na+]>>[c:1]12[c:2]([c:3]3[c:4]([nH:5]1)[cH:6][n:7][c:8]([F:9])[cH:10]3)[cH:11][c:12]([Br:13])[cH:14][n:15]2,F-[c:1]:[c:2]-[c:3]:[c:4]-[N:5]>>[c:1]1:[c:2]:[c:3]:[c:4]:[n:5]:1
1245,NC(=O)[O-].O=[CH:1][c:2]1[cH:3][cH:4][c:5]2[cH:6][cH:7][cH:8][c:9]([O:10][CH3:11])[c:12]2[n:13]1.[CH3:14][C:15]([CH3:16])([CH3:17])[O:18][C:19](=[O:20])[N:21]([CH2:22][CH2:23][F:24])[C@H:25]1[CH2:26][CH2:27][N:28]([C@H:29]([c:30]2[cH:31][cH:32][c:33]([NH:34][NH2:35])[n:36][cH:37]2)[C:38]([F:39])([F:40])[F:41])[CH2:42]1>>[c:1]1(-[c:2]2[cH:3][cH:4][c:5]3[cH:6][cH:7][cH:8][c:9]([O:10][CH3:11])[c:12]3[n:13]2)[n:35][n:34][c:33]2[cH:32][cH:31][c:30]([C@@H:29]([N:28]3[CH2:27][CH2:26][C@H:25]([N:21]([C:19]([O:18][C:15]([CH3:14])([CH3:16])[CH3:17])=[O:20])[CH2:22][CH2:23][F:24])[CH2:42]3)[C:38]([F:39])([F:40])[F:41])[cH:37][n:36]12,O=[C:1].[N:2]-[N:3]-[c:4]:[n:5]>>[c:1]1:[n:2]:[n:3]:[c:4]:[n:5]:1
1625,BrB(Br)Br.C[O:1][CH2:2][c:3]1[n:4][cH:5][n:6][c:7]([N:8]2[CH2:9][CH2:10][CH2:11][CH2:12][CH2:13]2)[c:14]1[CH3:15].ClCCl.[Na+].[OH-]>>[OH:1][CH2:2][c:3]1[n:4][cH:5][n:6][c:7]([N:8]2[CH2:9][CH2:10][CH2:11][CH2:12][CH2:13]2)[c:14]1[CH3:15],C-[O:1]-C-c>>[O:1]-C-c
1785,Br[c:1]1[cH:2][n:3][c:4]([NH:5][c:6]2[cH:7][cH:8][c:9]3[c:10]([cH:11]2)[O:12][CH2:13][CH2:14][O:15]3)[n:16][c:17]1[NH:18][c:19]1[cH:20][cH:21][c:22]2[c:23]([cH:24]1)[O:25][CH2:26][CH2:27][O:28]2.OB(O)[c:29]1[cH:30][cH:31][cH:32][c:33]([Cl:34])[cH:35]1.c1ccc(-c2cnc(Nc3ccc4c(c3)OCCO4)nc2Nc2ccc3c(c2)OCCO3)cc1>>[c:1]1(-[c:29]2[cH:30][cH:31][cH:32][c:33]([Cl:34])[cH:35]2)[cH:2][n:3][c:4]([NH:5][c:6]2[cH:7][cH:8][c:9]3[c:10]([cH:11]2)[O:12][CH2:13][CH2:14][O:15]3)[n:16][c:17]1[NH:18][c:19]1[cH:20][cH:21][c:22]2[c:23]([cH:24]1)[O:25][CH2:26][CH2:27][O:28]2,Br-[c:1].O-B(-O)-[c:2]>>[c:1]-[c:2]
1810,Cl[c:1]1[n:2][cH:3][c:4]2[cH:5][cH:6][cH:7][c:8]([O:9][CH3:10])[c:11]2[n:12]1.N#N.[Br-].[Zn+][c:13]1[n:14][cH:15][cH:16][s:17]1>>[c:1]1(-[c:13]2[n:14][cH:15][cH:16][s:17]2)[n:2][cH:3][c:4]2[cH:5][cH:6][cH:7][c:8]([O:9][CH3:10])[c:11]2[n:12]1,Cl-[c:1].[Zn+]-[c:2]>>[c:1]-[c:2]
2110,CCCCCCCCCCCCCCCC(=O)[O:1][CH2:2]/[CH:3]=[C:4]([CH3:5])/[CH:6]=[CH:7]/[CH:8]=[C:9]([CH3:10])/[CH:11]=[CH:12]/[C:13]1=[C:14]([CH3:15])[CH2:16][CH2:17][CH2:18][C:19]1([CH3:20])[CH3:21].O.OC[C@H](O)[C@@H](O)[C@H](O[C@H]1O[C@H](CO)[C@@H](O)[C@H](O)[C@H]1O)[C@H](O)CO.[Ca+2].[Ca+2].[O-][Si]([O-])([O-])[O-]>>[OH:1][CH2:2]/[CH:3]=[C:4]([CH3:5])/[CH:6]=[CH:7]/[CH:8]=[C:9]([CH3:10])/[CH:11]=[CH:12]/[C:13]1=[C:14]([CH3:15])[CH2:16][CH2:17][CH2:18][C:19]1([CH3:20])[CH3:21],C-C-C-C-C-C-C-C-C-C-C-C-C-C-C-C(=O)-[O:1]>>[O:1]
2783,O.O[C@@H:1]1[O:2][C@H:3]([CH2:4][OH:5])[C@H:6]([OH:7])[C@H:8]([OH:9])[C@H:10]1[OH:11].[CH3:12][CH2:13][CH2:14][CH2:15][CH2:16][CH2:17][CH2:18][NH2:19]>>[CH:1]1([NH:19][CH2:18][CH2:17][CH2:16][CH2:15][CH2:14][CH2:13][CH3:12])[O:2][C@H:3]([CH2:4][OH:5])[C@H:6]([OH:7])[C@H:8]([OH:9])[C@H:10]1[OH:11],[N:2].O-[C:1]-O>>O-[C:1]-[N:2]
2873,BrCCBr.C1CCOC1.C[Si](C)(C)Cl.I/[C:1]([C:2]([O:3][CH3:4])=[O:5])=[CH:6]/[CH:7]1[CH2:8][CH2:9][CH2:10][CH2:11][CH2:12]1.I[c:13]1[cH:14][cH:15][c:16](-[n:17]2[c:18]([CH3:19])[n:20][n:21][n:22]2)[c:23]([Cl:24])[cH:25]1.O=C(/C=C/c1ccccc1)/C=C/c1ccccc1.O=C(/C=C/c1ccccc1)/C=C/c1ccccc1.[Cl-].[NH4+].[Pd].[Zn].c1ccc(P(c2ccccc2)c2ccccc2)cc1>>[C:1](\[C:2]([O:3][CH3:4])=[O:5])(=[CH:6]/[CH:7]1[CH2:8][CH2:9][CH2:10][CH2:11][CH2:12]1)[c:13]1[cH:14][cH:15][c:16](-[n:17]2[c:18]([CH3:19])[n:20][n:21][n:22]2)[c:23]([Cl:24])[cH:25]1,I-[c:2].C=[C:1]/I>>C=[C:1]\[c:2]
3198,CCCC[Sn](CCCC)(CCCC)[c:1]1[cH:2][cH:3][cH:4][c:5](-[c:6]2[cH:7][cH:8][cH:9][c:10]([S:11](=[O:12])(=[O:13])[NH:14][C:15]([CH3:16])([CH3:17])[CH3:18])[cH:19]2)[n:20]1.Cc1ccccc1.O=S(=O)(O[c:21]1[cH:22][c:23](-[c:24]2[cH:25][cH:26][c:27]([C:28]([F:29])([F:30])[F:31])[n:32][cH:33]2)[cH:34][c:35]([CH3:36])[n:37]1)C(F)(F)F>>[c:1]1(-[c:21]2[cH:22][c:23](-[c:24]3[cH:25][cH:26][c:27]([C:28]([F:29])([F:30])[F:31])[n:32][cH:33]3)[cH:34][c:35]([CH3:36])[n:37]2)[cH:2][cH:3][cH:4][c:5](-[c:6]2[cH:7][cH:8][cH:9][c:10]([S:11](=[O:12])(=[O:13])[NH:14][C:15]([CH3:16])([CH3:17])[CH3:18])[cH:19]2)[n:20]1,F-C(-F)(-F)-S(=O)(=O)-O-[c:1].C-C-C-C-[Sn](-[c:2])(-C-C-C-C)-C-C-C-C>>[c:1]-[c:2]
3242,CC(=O)O.O=C(OCc1ccccc1)[NH:1][C@H:2]([CH3:3])[c:4]1[cH:5][cH:6][c:7]([C:8](=[O:9])[NH:10][c:11]2[cH:12][cH:13][n:14][c:15]3[nH:16][cH:17][cH:18][c:19]23)[cH:20][c:21]1[N:22]=[N+:23]=[N-:24].[BrH:25]>>[BrH:25].[BrH:25].[NH2:1][C@H:2]([CH3:3])[c:4]1[cH:5][cH:6][c:7]([C:8](=[O:9])[NH:10][c:11]2[cH:12][cH:13][n:14][c:15]3[nH:16][cH:17][cH:18][c:19]23)[cH:20][c:21]1[N:22]=[N+:23]=[N-:24],O=C(-[N:1])-O-C-c1:c:c:c:c:c:1>>[N:1]
3387,Br[c:1]1[cH:2][c:3]([F:4])[cH:5][c:6]([F:7])[cH:8]1.C1CCOC1.CC(C)c1cccc(C(C)C)c1-n1cc[n+](-c2c(C(C)C)cccc2C(C)C)c1.CCCCCC.[Br-].[Cl-].[Cl-].[Mg+][c:9]1[cH:10][cH:11][c:12]([O:13][CH3:14])[cH:15][cH:16]1.[NH4+]>>[c:1]1(-[c:9]2[cH:10][cH:11][c:12]([O:13][CH3:14])[cH:15][cH:16]2)[cH:2][c:3]([F:4])[cH:5][c:6]([F:7])[cH:8]1,Br-[c:1].[Mg+]-[c:2]>>[c:1]-[c:2]
3611,O=[CH:1][c:2]1[c:3]([CH3:4])[c:5]([Cl:6])[cH:7][c:8]([C:9]([CH3:10])([CH3:11])[CH3:12])[c:13]1[OH:14].[NH2:15][C:16](=[O:17])[c:18]1[cH:19][c:20]([F:21])[cH:22][cH:23][c:24]1[NH2:25]>>[c:1]1(-[c:2]2[c:3]([CH3:4])[c:5]([Cl:6])[cH:7][c:8]([C:9]([CH3:10])([CH3:11])[CH3:12])[c:13]2[OH:14])[nH:15][c:16](=[O:17])[c:18]2[cH:19][c:20]([F:21])[cH:22][cH:23][c:24]2[n:25]1,O=[C:5].O=[C:1](-[N:6])-[c:2]:[c:3]-[N:4]>>O=[c:1]1:[c:2]:[c:3]:[n:4]:[c:5]:[n:6]:1
3805,Cl.N[NH:1][c:2]1[cH:3][cH:4][cH:5][c:6]2[cH:7][cH:8][cH:9][cH:10][c:11]12.O=[C:12]([CH2:13][CH2:14][CH2:15][CH2:16][N:17]1[CH2:18][CH2:19][CH:20]([c:21]2[cH:22][cH:23][cH:24][c:25]([NH:26][C:27]([CH:28]([CH3:29])[CH3:30])=[O:31])[cH:32]2)[CH2:33][CH2:34]1)[c:35]1[cH:36][cH:37][cH:38][c:39]([F:40])[cH:41]1>>[nH:1]1[c:2]2[c:3]([cH:4][cH:5][c:6]3[cH:7][cH:8][cH:9][cH:10][c:11]23)[c:13]([CH2:14][CH2:15][CH2:16][N:17]2[CH2:18][CH2:19][CH:20]([c:21]3[cH:22][cH:23][cH:24][c:25]([NH:26][C:27]([CH:28]([CH3:29])[CH3:30])=[O:31])[cH:32]3)[CH2:33][CH2:34]2)[c:12]1-[c:35]1[cH:36][cH:37][cH:38][c:39]([F:40])[cH:41]1,O=[C:1]-[C:2].N-[N:5]-[c:4]:[c:3]>>[c:1]1:[c:2]:[c:3]:[c:4]:[n:5]:1
4009,C1CCOC1.CNc1nc(C(F)(F)F)ccc1Cn1nc2c(-c3ccncc3)c(-c3ccc(Cl)cc3)ccn2c1=O.Cl[c:1]1[c:2]([CH2:3][n:4]2[c:5](=[O:6])[n:7]3[c:8]([n:9]2)[c:10](-[c:11]2[cH:12][cH:13][n:14][cH:15][cH:16]2)[c:17](-[c:18]2[cH:19][cH:20][c:21]([Cl:22])[cH:23][cH:24]2)[cH:25][cH:26]3)[cH:27][cH:28][c:29]([C:30]([F:31])([F:32])[F:33])[n:34]1.[CH3:35][CH2:36][NH2:37]>>[c:1]1([NH:37][CH2:36][CH3:35])[c:2]([CH2:3][n:4]2[c:5](=[O:6])[n:7]3[c:8]([n:9]2)[c:10](-[c:11]2[cH:12][cH:13][n:14][cH:15][cH:16]2)[c:17](-[c:18]2[cH:19][cH:20][c:21]([Cl:22])[cH:23][cH:24]2)[cH:25][cH:26]3)[cH:27][cH:28][c:29]([C:30]([F:31])([F:32])[F:33])[n:34]1,[N:1].Cl-[c:2]>>[N:1]-[c:2]
4313,CCO.ClCCl.O.O=C([O-])[O-].O=[C:1]([CH2:2][c:3]1[cH:4][cH:5][cH:6][c:7]([O:8][CH3:9])[cH:10]1)[CH:11]1[CH2:12][N:13]([C:14](=[O:15])[O:16][C:17]([CH3:18])([CH3:19])[CH3:20])[CH2:21][CH2:22][C:23]1=O.O=[N+]([O-])O.O=[N+]([O-])O.[CH3:24][O:25][c:26]1[cH:27][c:28]([NH:29][C:30](=[NH:31])[NH2:32])[cH:33][cH:34][c:35]1-[n:36]1[cH:37][n:38][c:39]([CH3:40])[cH:41]1.[K+].[K+]>>[c:1]1([CH2:2][c:3]2[cH:4][cH:5][cH:6][c:7]([O:8][CH3:9])[cH:10]2)[c:11]2[c:23]([n:31][c:30]([NH:29][c:28]3[cH:27][c:26]([O:25][CH3:24])[c:35](-[n:36]4[cH:37][n:38][c:39]([CH3:40])[cH:41]4)[cH:34][cH:33]3)[n:32]1)[CH2:22][CH2:21][N:13]([C:14](=[O:15])[O:16][C:17]([CH3:18])([CH3:19])[CH3:20])[CH2:12]2,[N:3]-[C:4]=[N:5].O=[C:2]-[C:1]-[C:6]=O>>[c:1]1:[c:2]:[n:3]:[c:4]:[n:5]:[c:6]:1
4608,C1COCCO1.Cl[c:1]1[n:2][c:3]([NH:4][CH:5]2[CH2:6][CH2:7]2)[n:8][c:9]([NH:10][CH:11]2[CH2:12][CH2:13]2)[n:14]1.[NH2:15][CH:16]1[CH2:17][CH2:18]1>>[c:1]1([NH:15][CH:16]2[CH2:17][CH2:18]2)[n:2][c:3]([NH:4][CH:5]2[CH2:6][CH2:7]2)[n:8][c:9]([NH:10][CH:11]2[CH2:12][CH2:13]2)[n:14]1,[N:1].Cl-[c:2]>>[N:1]-[c:2]
4750,O[C:1]([c:2]1[cH:3][n:4][cH:5][c:6]([N:7]2[CH2:8][C@H:9]3[CH2:10][N:11]([C:12]([O:13][C:14]([CH3:15])([CH3:16])[CH3:17])=[O:18])[CH2:19][C@H:20]3[CH2:21]2)[cH:22]1)=[O:23].[CH3:24][O:25][c:26]1[cH:27][c:28]([NH2:29])[cH:30][c:31]([O:32][CH3:33])[cH:34]1>>[C:1]([c:2]1[cH:3][n:4][cH:5][c:6]([N:7]2[CH2:8][C@H:9]3[CH2:10][N:11]([C:12]([O:13][C:14]([CH3:15])([CH3:16])[CH3:17])=[O:18])[CH2:19][C@H:20]3[CH2:21]2)[cH:22]1)(=[O:23])[NH:29][c:28]1[cH:27][c:26]([O:25][CH3:24])[cH:34][c:31]([O:32][CH3:33])[cH:30]1,[N:2].O-[C:1]=O>>O=[C:1]-[N:2]
4943,C1CCOC1.CC(C)(C)O[C:1](=[O:2])[CH2:3][O:4][CH:5]1[CH2:6][CH2:7][N:8]([C:9](=[O:10])[O:11][C:12]([CH3:13])([CH3:14])[CH3:15])[CH2:16][CH2:17]1>>[CH2:1]([OH:2])[CH2:3][O:4][CH:5]1[CH2:6][CH2:7][N:8]([C:9](=[O:10])[O:11][C:12]([CH3:13])([CH3:14])[CH3:15])[CH2:16][CH2:17]1,C-C(-C)(-C)-O-[C:1]=[O:2]>>[C:1]-[O:2]
5396,CC#N.CC#N.CN(Cc1ccccc1)C(=O)CCl.CO.ClCCl.Cl[C:1](=[O:2])[CH2:3][Cl:4].O.[CH2:5]1[CH2:6][CH2:7][NH:8][CH2:9][CH2:10]1>>[C:1](=[O:2])([CH2:3][Cl:4])[N:8]1[CH2:7][CH2:6][CH2:5][CH2:10][CH2:9]1,[N:2].Cl-[C:1]=O>>O=[C:1]-[N:2]
6129,Cc1ccccc1CCO.I[c:1]1[c:2]([O:3][CH3:4])[cH:5][cH:6][c:7]([Cl:8])[cH:9]1.O.O=C([O-])[O-].OB(O)[C:10]1=[C:11]([Br:12])[CH2:13][CH2:14][CH2:15]1.[K+].[K+].c1ccc([PH](c2ccccc2)(c2ccccc2)[Pd]([PH](c2ccccc2)(c2ccccc2)c2ccccc2)([PH](c2ccccc2)(c2ccccc2)c2ccccc2)[PH](c2ccccc2)(c2ccccc2)c2ccccc2)cc1>>[c:1]1([C:10]2=[C:11]([Br:12])[CH2:13][CH2:14][CH2:15]2)[c:2]([O:3][CH3:4])[cH:5][cH:6][c:7]([Cl:8])[cH:9]1,I-[c:2].C=[C:1]-B(-O)-O>>C=[C:1]-[c:2]
6234,CN(C)C=O.II.O=C([O-])[O-].O=[CH:1][c:2]1[cH:3][c:4]([CH3:5])[c:6]([O:7][CH2:8][CH2:9][N:10]2[CH2:11][CH2:12][O:13][CH2:14][CH2:15]2)[c:16]([CH3:17])[cH:18]1.[CH3:19][O:20][c:21]1[cH:22][c:23]([NH2:24])[c:25]([C:26]([NH2:27])=[O:28])[c:29]([O:30][CH3:31])[cH:32]1.[K+].[K+]>>[c:1]1(-[c:2]2[cH:3][c:4]([CH3:5])[c:6]([O:7][CH2:8][CH2:9][N:10]3[CH2:11][CH2:12][O:13][CH2:14][CH2:15]3)[c:16]([CH3:17])[cH:18]2)[n:24][c:23]2[cH:22][c:21]([O:20][CH3:19])[cH:32][c:29]([O:30][CH3:31])[c:25]2[c:26](=[O:28])[nH:27]1,O=[C:5].O=[C:1](-[N:6])-[c:2]:[c:3]-[N:4]>>O=[c:1]1:[c:2]:[c:3]:[n:4]:[c:5]:[n:6]:1
6419,Br[c:1]1[c:2]2[cH:3][n:4][c:5]([NH2:6])[c:7]([O:8][C@H:9]([CH3:10])[c:11]3[c:12]([Cl:13])[cH:14][cH:15][c:16]([F:17])[c:18]3[Cl:19])[c:20]2[o:21][cH:22]1.CCN(CC)CC.CN(C)C=O.CO.C[Sn](C)(C)[C:23]1=[CH:24][CH2:25][N:26]([C:27]([CH3:28])([CH3:29])[CH3:30])[CH2:31][CH2:32]1.ClCCl.N#N.O=C(/C=C/c1ccccc1)/C=C/c1ccccc1.O=C(/C=C/c1ccccc1)/C=C/c1ccccc1.O=C(/C=C/c1ccccc1)/C=C/c1ccccc1.[Pd].[Pd]>>[c:1]1([C:23]2=[CH:24][CH2:25][N:26]([C:27]([CH3:28])([CH3:29])[CH3:30])[CH2:31][CH2:32]2)[c:2]2[cH:3][n:4][c:5]([NH2:6])[c:7]([O:8][C@H:9]([CH3:10])[c:11]3[c:12]([Cl:13])[cH:14][cH:15][c:16]([F:17])[c:18]3[Cl:19])[c:20]2[o:21][cH:22]1,Br-[c:2].C-[Sn](-C)(-C)-[C:1]=C>>C=[C:1]-[c:2]
6554,Br[c:1]1[cH:2][cH:3][c:4](-[c:5]2[cH:6][n:7][c:8]([CH:9]3[N:10]4[C:11](=[O:12])[CH2:13][N:14]([C:15]([O:16][CH3:17])=[O:18])[CH2:19][CH:20]4[CH2:21][CH2:22]3)[nH:23]2)[cH:24][cH:25]1.CC1(C)OB([c:26]2[cH:27][cH:28][c:29](-[c:30]3[cH:31][n:32][c:33]([CH:34]4[N:35]([C:36]([CH:37]([NH:38][C:39]([O:40][CH3:41])=[O:42])[CH:43]([CH3:44])[CH3:45])=[O:46])[CH2:47][CH2:48][CH2:49]4)[nH:50]3)[cH:51][cH:52]2)OC1(C)C.COCCOC.O.O=C([O-])[O-].[K+].[K+].c1ccc([PH](c2ccccc2)(c2ccccc2)[Pd]([PH](c2ccccc2)(c2ccccc2)c2ccccc2)([PH](c2ccccc2)(c2ccccc2)c2ccccc2)[PH](c2ccccc2)(c2ccccc2)c2ccccc2)cc1>>[c:1]1(-[c:26]2[cH:27][cH:28][c:29](-[c:30]3[cH:31][n:32][c:33]([CH:34]4[N:35]([C:36]([CH:37]([NH:38][C:39]([O:40][CH3:41])=[O:42])[CH:43]([CH3:44])[CH3:45])=[O:46])[CH2:47][CH2:48][CH2:49]4)[nH:50]3)[cH:51][cH:52]2)[cH:2][cH:3][c:4](-[c:5]2[cH:6][n:7][c:8]([CH:9]3[N:10]4[C:11](=[O:12])[CH2:13][N:14]([C:15]([O:16][CH3:17])=[O:18])[CH2:19][CH:20]4[CH2:21][CH2:22]3)[nH:23]2)[cH:24][cH:25]1,Br-[c:1].C-C1(-C)-O-B(-[c:2])-O-C-1(-C)-C>>[c:1]-[c:2]
6903,COC(=O)[C@H](C(C)C)N1Cc2ccc(-c3ccc(NC(=O)c4ccccc4)cc3)cc2C1=O.Cl[C:1]([c:2]1[cH:3][cH:4][c:5]([CH3:6])[cH:7][cH:8]1)=[O:9].[CH3:10][O:11][C:12](=[O:13])[C:14]1([N:15]2[CH2:16][c:17]3[cH:18][cH:19][c:20](-[c:21]4[cH:22][cH:23][c:24]([NH2:25])[cH:26][cH:27]4)[cH:28][c:29]3[C:30]2=[O:31])[CH2:32][CH2:33][CH2:34]1>>[C:1]([c:2]1[cH:3][cH:4][c:5]([CH3:6])[cH:7][cH:8]1)(=[O:9])[NH:25][c:24]1[cH:23][cH:22][c:21](-[c:20]2[cH:19][cH:18][c:17]3[c:29]([cH:28]2)[C:30](=[O:31])[N:15]([C:14]2([C:12]([O:11][CH3:10])=[O:13])[CH2:32][CH2:33][CH2:34]2)[CH2:16]3)[cH:27][cH:26]1,[N:2].Cl-[C:1]=O>>O=[C:1]-[N:2]
6981,Cl[C:1](=[O:2])[c:3]1[cH:4][cH:5][c:6]([Cl:7])[cH:8][c:9]1[Cl:10].O=C1CC(=O)N(c2ccc(NC(=O)c3ccccc3)cc2)c2ccc3ccccc3c2N1.[NH2:11][c:12]1[cH:13][cH:14][c:15]([N:16]2[C:17](=[O:18])[CH2:19][C:20](=[O:21])[NH:22][c:23]3[c:24]2[cH:25][cH:26][c:27]2[cH:28][cH:29][cH:30][cH:31][c:32]32)[cH:33][cH:34]1>>[C:1](=[O:2])([c:3]1[cH:4][cH:5][c:6]([Cl:7])[cH:8][c:9]1[Cl:10])[NH:11][c:12]1[cH:13][cH:14][c:15]([N:16]2[C:17](=[O:18])[CH2:19][C:20](=[O:21])[NH:22][c:23]3[c:24]2[cH:25][cH:26][c:27]2[cH:28][cH:29][cH:30][cH:31][c:32]32)[cH:33][cH:34]1,[N:2].Cl-[C:1]=O>>O=[C:1]-[N:2]
7027,Br[CH2:1][c:2]1[cH:3][cH:4][c:5]([C:6]([O:7][CH3:8])=[O:9])[cH:10][cH:11]1.CC(=O)O.CC(=O)[O-].CC(=O)[O-].COCCOC.Cl[C:12]([c:13]1[cH:14][c:15]([O:16][CH3:17])[c:18]2[c:19]([cH:20]1)[C:21]([CH3:22])([CH3:23])[CH2:24][CH2:25][C:26]2([CH3:27])[CH3:28])=[O:29].Cl[Pd]Cl.[Cu+2].[Cu].[Zn].[Zn].c1ccc(P(c2ccccc2)c2ccccc2)cc1.c1ccc(P(c2ccccc2)c2ccccc2)cc1>>[CH2:1]([c:2]1[cH:3][cH:4][c:5]([C:6]([O:7][CH3:8])=[O:9])[cH:10][cH:11]1)[C:12]([c:13]1[cH:14][c:15]([O:16][CH3:17])[c:18]2[c:19]([cH:20]1)[C:21]([CH3:22])([CH3:23])[CH2:24][CH2:25][C:26]2([CH3:27])[CH3:28])=[O:29],Br-[C:2].Cl-[C:1]=O>>O=[C:1]-[C:2]
7301,F[c:1]1[c:2]([C:3]([CH3:4])=[N:5][NH2:6])[cH:7][cH:8][c:9]([Br:10])[cH:11]1.O.O=C([O-])O.OCCO.[Na+]>>[c:1]12[c:2]([c:3]([CH3:4])[n:5][nH:6]1)[cH:7][cH:8][c:9]([Br:10])[cH:11]2,F-[c:1]:[c:2]-[C:3]=[N:4]-[N:5]>>[c:1]1:[c:2]:[c:3]:[n:4]:[n:5]:1
7502,Br[CH2:1][c:2]1[cH:3][cH:4][cH:5][c:6]([F:7])[cH:8]1.CCC(c1nn2cccc2c(=O)n1Cc1ccc(F)cc1)N(CCCNC(=O)OC(C)(C)C)C(=O)c1ccc(C)cc1.[CH3:9][CH2:10][CH:11]([c:12]1[n:13][n:14]2[cH:15][cH:16][cH:17][c:18]2[c:19](=[O:20])[nH:21]1)[N:22]([CH2:23][CH2:24][CH2:25][NH:26][C:27](=[O:28])[O:29][C:30]([CH3:31])([CH3:32])[CH3:33])[C:34](=[O:35])[c:36]1[cH:37][cH:38][c:39]([CH3:40])[cH:41][cH:42]1>>[CH2:1]([c:2]1[cH:3][cH:4][cH:5][c:6]([F:7])[cH:8]1)[n:21]1[c:12]([CH:11]([CH2:10][CH3:9])[N:22]([CH2:23][CH2:24][CH2:25][NH:26][C:27](=[O:28])[O:29][C:30]([CH3:31])([CH3:32])[CH3:33])[C:34](=[O:35])[c:36]2[cH:37][cH:38][c:39]([CH3:40])[cH:41][cH:42]2)[n:13][n:14]2[cH:15][cH:16][cH:17][c:18]2[c:19]1=[O:20],[n:1].Br-[C:2]>>[n:1]-[C:2]
7597,CO.Cl[Ni]Cl.O.O.O.O.O.O.[BH4-].[CH3:1][O:2][C:3](=[O:4])[c:5]1[cH:6][cH:7][c:8]2[cH:9][cH:10][cH:11][n:12][c:13]2[c:14]1[CH3:15].[Cl-].[NH4+].[Na+]>>[CH3:1][O:2][C:3](=[O:4])[c:5]1[cH:6][cH:7][c:8]2[c:13]([c:14]1[CH3:15])[NH:12][CH2:11][CH2:10][CH2:9]2,[c:1]1:[c:2]:[n:3]:[c:4]:[c:5]:[c:6]:1>>[C:1]1-[C:2]-[N:3]-[c:4]:[c:5]-[C:6]-1
8130,CC(=O)O[C:2]([CH3:1])=[O:3].CC(Cl)Cl.Cl.[Al+3].[CH3:4][C:5](=[O:6])[c:7]1[cH:8][cH:9][cH:10][c:11]2[c:12]1-[c:13]1[cH:14][cH:15][cH:16][cH:17][c:18]1[CH2:19]2.[Cl-].[Cl-].[Cl-]>>[CH3:1][C:2](=[O:3])[c:16]1[cH:15][cH:14][c:13]2[c:18]([cH:17]1)[CH2:19][c:11]1[cH:10][cH:9][cH:8][c:7]([C:5]([CH3:4])=[O:6])[c:12]1-2,[c:2].C-C(=O)-O-[C:1]=O>>O=[C:1]-[c:2]
10430,CN(C)c1ccncc1.Cl.O=[C:1]([c:2]1[cH:3][cH:4][c:5]([O:6][CH3:7])[cH:8][cH:9]1)[c:10]1[cH:11][cH:12][cH:13][c:14]([C:15]([F:16])([F:17])[F:18])[c:19]1F.[NH2:20][NH:21][c:22]1[cH:23][cH:24][c:25]([Br:26])[cH:27][cH:28]1>>[c:1]1(-[c:2]2[cH:3][cH:4][c:5]([O:6][CH3:7])[cH:8][cH:9]2)[c:10]2[cH:11][cH:12][cH:13][c:14]([C:15]([F:16])([F:17])[F:18])[c:19]2[n:21](-[c:22]2[cH:23][cH:24][c:25]([Br:26])[cH:27][cH:28]2)[n:20]1,[N:2]-[N:3].F-[c:4]:[c:5]-[C:1]=O>>[c:1]1:[n:2]:[n:3]:[c:4]:[c:5]:1
11166,CCN(CC)CC.CCO.Cl[C:1](=[N:2][NH:3][c:4]1[cH:5][cH:6][cH:7][c:8]([O:9][CH3:10])[cH:11]1)[C:12]([CH3:13])=[O:14].[SH:15][c:16]1[cH:17][cH:18][c:19]([Cl:20])[cH:21][cH:22]1>>[C:1](=[N:2][NH:3][c:4]1[cH:5][cH:6][cH:7][c:8]([O:9][CH3:10])[cH:11]1)([C:12]([CH3:13])=[O:14])[S:15][c:16]1[cH:17][cH:18][c:19]([Cl:20])[cH:21][cH:22]1,[S:2].Cl-[C:1]=N>>N=[C:1]-[S:2]
11427,CC(=O)[O-].CC(=O)[O-].CCN(CC)CC.ClCCl.OB(O)[c:1]1[cH:2][cH:3][cH:4][cH:5][cH:6]1.[Cu+2].[NH2:7][c:8]1[cH:9][c:10]([N:11]2[CH2:12][CH2:13][N:14]([C:15](=[O:16])[c:17]3[cH:18][cH:19][cH:20][cH:21][cH:22]3)[CH2:23][CH2:24]2)[cH:25][cH:26][c:27]1[O:28][CH2:29][c:30]1[cH:31][cH:32][cH:33][cH:34][cH:35]1>>[c:1]1([NH:7][c:8]2[cH:9][c:10]([N:11]3[CH2:12][CH2:13][N:14]([C:15](=[O:16])[c:17]4[cH:18][cH:19][cH:20][cH:21][cH:22]4)[CH2:23][CH2:24]3)[cH:25][cH:26][c:27]2[O:28][CH2:29][c:30]2[cH:31][cH:32][cH:33][cH:34][cH:35]2)[cH:2][cH:3][cH:4][cH:5][cH:6]1,[N:1].O-B(-O)-[c:2]>>[N:1]-[c:2]
11559,C1COCCO1.CCCC[Sn](CCCC)(CCCC)[c:1]1[cH:2][c:3]([C:4](=[O:5])[O:6][CH2:7][CH3:8])[nH:9][n:10]1.O=S(=O)(O[C:11]1=[CH:12][CH2:13][C@:14]2([CH3:15])[C@H:16]3[CH2:17][CH2:18][C@H:19]4[C@@:20]([CH3:21])([CH2:22][CH2:23][C@@:24]5([CH2:25][O:26][C:27](=[O:28])[c:29]6[cH:30][cH:31][cH:32][cH:33][cH:34]6)[CH2:35][CH2:36][C@@H:37]([C:38](=[CH2:39])[CH3:40])[C@H:41]45)[C@:42]3([CH3:43])[CH2:44][CH2:45][C@H:46]2[C:47]1([CH3:48])[CH3:49])C(F)(F)F.[Cl-].[Li+].c1ccc([PH](c2ccccc2)(c2ccccc2)[Pd]([PH](c2ccccc2)(c2ccccc2)c2ccccc2)([PH](c2ccccc2)(c2ccccc2)c2ccccc2)[PH](c2ccccc2)(c2ccccc2)c2ccccc2)cc1>>[c:1]1([C:11]2=[CH:12][CH2:13][C@:14]3([CH3:15])[C@H:16]4[CH2:17][CH2:18][C@H:19]5[C@@:20]([CH3:21])([CH2:22][CH2:23][C@@:24]6([CH2:25][O:26][C:27](=[O:28])[c:29]7[cH:30][cH:31][cH:32][cH:33][cH:34]7)[CH2:35][CH2:36][C@@H:37]([C:38](=[CH2:39])[CH3:40])[C@H:41]56)[C@:42]4([CH3:43])[CH2:44][CH2:45][C@H:46]3[C:47]2([CH3:48])[CH3:49])[cH:2][c:3]([C:4](=[O:5])[O:6][CH2:7][CH3:8])[nH:9][n:10]1,C-C-C-C-[Sn](-[c:2])(-C-C-C-C)-C-C-C-C.C=[C:1]-O-S(=O)(=O)-C(-F)(-F)-F>>C=[C:1]-[c:2]
11703,CC(=O)O.[BH3-]C#N.[CH3:1][N:2]1[CH2:3][CH2:4][c:5]2[cH:6][cH:7][cH:8][c:9]3[c:10]4[c:11]([n:12]([c:13]23)[CH2:14][CH2:15]1)[CH2:16][CH2:17][CH2:18]4.[Na+]>>[CH3:1][N:2]1[CH2:3][CH2:4][c:5]2[cH:6][cH:7][cH:8][c:9]3[c:13]2[N:12]([CH:11]2[CH:10]3[CH2:18][CH2:17][CH2:16]2)[CH2:14][CH2:15]1,[c:1]1:[c:2]:[n:3]:[c:4]:[c:5]:1>>[C:1]1-[C:2]-[N:3]-[c:4]:[c:5]-1
11714,Br[c:1]1[cH:2][c:3]([N+:4](=[O:5])[O-:6])[cH:7][c:8]2[c:9]1[s:10][cH:11][n:12]2.CCOC(C)=O.CC[Sn](CC)(CC)[CH2:13][CH3:14]>>[c:1]1([CH2:13][CH3:14])[cH:2][c:3]([N+:4](=[O:5])[O-:6])[cH:7][c:8]2[c:9]1[s:10][cH:11][n:12]2,Br-[c:1].C-C-[Sn](-[C:2])(-C-C)-C-C>>[c:1]-[C:2]
11784,CC(=O)N(C)C.Cc1ccc(S(=O)(=O)O)cc1.O.O=S([O-])O.O=[CH:1][c:2]1[cH:3][c:4]([CH3:5])[c:6]([O:7][CH2:8][CH2:9][OH:10])[cH:11][cH:12]1.[CH3:13][O:14][c:15]1[cH:16][c:17]([NH2:18])[c:19]([C:20]([NH2:21])=[O:22])[c:23]([O:24][CH3:25])[cH:26]1.[Na+]>>[c:1]1(-[c:2]2[cH:3][c:4]([CH3:5])[c:6]([O:7][CH2:8][CH2:9][OH:10])[cH:11][cH:12]2)[n:18][c:17]2[cH:16][c:15]([O:14][CH3:13])[cH:26][c:23]([O:24][CH3:25])[c:19]2[c:20](=[O:22])[nH:21]1,O=[C:5].O=[C:1](-[N:6])-[c:2]:[c:3]-[N:4]>>O=[c:1]1:[c:2]:[c:3]:[n:4]:[c:5]:[n:6]:1
11797,CCO.CO.ClC(Cl)Cl.O=[CH2:1].[CH3:2][NH:3][CH3:4].[NH2:5][S:6](=[O:7])(=[O:8])[c:9]1[cH:10][cH:11][c:12]([S:13](=[O:14])(=[O:15])[CH2:16][CH2:17][CH2:18][c:19]2[cH:20][cH:21][c:22]([OH:23])[cH:24][cH:25]2)[s:26]1>>[CH2:1]([N:3]([CH3:2])[CH3:4])[c:21]1[cH:20][c:19]([CH2:18][CH2:17][CH2:16][S:13]([c:12]2[cH:11][cH:10][c:9]([S:6]([NH2:5])(=[O:7])=[O:8])[s:26]2)(=[O:14])=[O:15])[cH:25][cH:24][c:22]1[OH:23],[N:1].[c:3].O=[C:2]>>[N:1]-[C:2]-[c:3]
11876,CCN(C(C)C)C(C)C.CN(C)C(On1nnc2ccccc21)=[N+](C)C.F[P-](F)(F)(F)(F)F.O[C:1]([CH2:2][CH2:3][CH2:4][CH2:5][CH2:6][CH2:7][CH2:8][CH2:9][CH2:10][CH2:11][CH2:12][CH2:13][CH3:14])=[O:15].[CH3:16][O:17][c:18]1[cH:19][cH:20][c:21]([CH:22]([O:23][CH:24]([c:25]2[cH:26][cH:27][cH:28][cH:29][cH:30]2)[CH:31]2[CH2:32][CH:33]([OH:34])[CH2:35][N:36]2[C:37](=[O:38])[CH2:39][CH2:40][CH2:41][CH2:42][CH2:43][NH2:44])[c:45]2[cH:46][cH:47][c:48]([O:49][CH3:50])[cH:51][cH:52]2)[cH:53][cH:54]1>>[C:1]([CH2:2][CH2:3][CH2:4][CH2:5][CH2:6][CH2:7][CH2:8][CH2:9][CH2:10][CH2:11][CH2:12][CH2:13][CH3:14])(=[O:15])[NH:44][CH2:43][CH2:42][CH2:41][CH2:40][CH2:39][C:37]([N:36]1[CH:31]([CH:24]([O:23][CH:22]([c:21]2[cH:20][cH:19][c:18]([O:17][CH3:16])[cH:54][cH:53]2)[c:45]2[cH:46][cH:47][c:48]([O:49][CH3:50])[cH:51][cH:52]2)[c:25]2[cH:26][cH:27][cH:28][cH:29][cH:30]2)[CH2:32][CH:33]([OH:34])[CH2:35]1)=[O:38],[N:2].O-[C:1]=O>>O=[C:1]-[N:2]
11919,C1COCCO1.O.[BH4-].[CH3:1][c:2]1[cH:3][cH:4][cH:5][c:6]2[c:7]1[cH:8][cH:9][c:10]1[cH:11][cH:12][cH:13][cH:14][c:15]1[c:16]2=[O:17].[Na+]>>[CH3:1][c:2]1[cH:3][cH:4][cH:5][c:6]2[c:7]1[CH:8]=[CH:9][c:10]1[cH:11][cH:12][cH:13][cH:14][c:15]1[CH:16]2[OH:17],[c:8]1:[c:7]:[c:6]:[c:5]:[c:4]:[c:3]:[c:2]=[O:1]:1>>[O:1]-[C:2]1-[c:3]:[c:4]-[C:5]=[C:6]-[c:7]:[c:8]-1
12051,Br[CH2:1][c:2]1[c:3]([C:4]([F:5])([F:6])[F:7])[cH:8][cH:9][cH:10][cH:11]1.CCn1nnc2c(N3CCC(F)(F)C3)nc(C(C)(C)C)nc21.[CH3:12][C:13]([CH3:14])([CH3:15])[c:16]1[n:17][c:18]([N:19]2[CH2:20][CH2:21][C:22]([F:23])([F:24])[CH2:25]2)[c:26]2[n:27][n:28][nH:29][c:30]2[n:31]1>>[CH2:1]([c:2]1[c:3]([C:4]([F:5])([F:6])[F:7])[cH:8][cH:9][cH:10][cH:11]1)[n:29]1[n:28][n:27][c:26]2[c:18]([N:19]3[CH2:20][CH2:21][C:22]([F:23])([F:24])[CH2:25]3)[n:17][c:16]([C:13]([CH3:12])([CH3:14])[CH3:15])[n:31][c:30]21,[n:1].Br-[C:2]>>[n:1]-[C:2]
12056,Br[CH2:1][c:2]1[cH:3][cH:4][c:5]([CH3:6])[c:7]([C:8]([F:9])([F:10])[F:11])[cH:12]1.CCOC(=O)CC1(c2ccc(OCc3cccc(-c4ccc(C(F)(F)F)cc4)c3)cc2)COC1.[CH3:13][CH2:14][O:15][C:16](=[O:17])[CH2:18][C:19]1([c:20]2[cH:21][cH:22][c:23]([OH:24])[cH:25][cH:26]2)[CH2:27][O:28][CH2:29]1>>[CH2:1]([c:2]1[cH:3][cH:4][c:5]([CH3:6])[c:7]([C:8]([F:9])([F:10])[F:11])[cH:12]1)[O:24][c:23]1[cH:22][cH:21][c:20]([C:19]2([CH2:18][C:16]([O:15][CH2:14][CH3:13])=[O:17])[CH2:27][O:28][CH2:29]2)[cH:26][cH:25]1,[O:2]-c.Br-[C:1]>>[C:1]-[O:2]-c
12292,CC(C)(C)[O:1][C:2]([CH:3]([CH3:4])[N:5]1[CH2:6][CH2:7][CH:8]([c:9]2[n:10][cH:11][c:12](-[c:13]3[cH:14][cH:15][c:16]([NH:17][C:18](=[O:19])[NH:20][c:21]4[cH:22][c:23]([F:24])[c:25]([F:26])[cH:27][c:28]4[F:29])[cH:30][cH:31]3)[s:32]2)[CH2:33][CH2:34]1)=[O:35].O=C(O)C(F)(F)F.O=C(O)CC1CCC(c2ncc(-c3ccc(NC(=O)Nc4ccccc4F)cc3)s2)CC1>>[OH:1][C:2]([CH:3]([CH3:4])[N:5]1[CH2:6][CH2:7][CH:8]([c:9]2[n:10][cH:11][c:12](-[c:13]3[cH:14][cH:15][c:16]([NH:17][C:18](=[O:19])[NH:20][c:21]4[cH:22][c:23]([F:24])[c:25]([F:26])[cH:27][c:28]4[F:29])[cH:30][cH:31]3)[s:32]2)[CH2:33][CH2:34]1)=[O:35],C-C(-C)(-C)-[O:1]-C=O>>O=C-[O:1]
13008,CCCC[N+](CCCC)(CCCC)CCCC.CCN(CC)CC.CN(C)C=O.C[Si](C)(C)[C:1]#[C:2][c:3]1[cH:4][n:5][cH:6][c:7]([C:8](=[O:9])[N:10]=[S@@:11]([CH3:12])(=[O:13])[c:14]2[cH:15][cH:16][cH:17][cH:18][cH:19]2)[cH:20]1.Cl[Pd]Cl.I[c:21]1[cH:22][cH:23][cH:24][c:25]([C:26](=[O:27])[OH:28])[cH:29]1.[Cu]I.[F-].c1ccc(P(c2ccccc2)c2ccccc2)cc1.c1ccc(P(c2ccccc2)c2ccccc2)cc1.c1ccc(P(c2ccccc2)c2ccccc2)cc1>>[C:1](#[C:2][c:3]1[cH:4][n:5][cH:6][c:7]([C:8](=[O:9])[N:10]=[S@@:11]([CH3:12])(=[O:13])[c:14]2[cH:15][cH:16][cH:17][cH:18][cH:19]2)[cH:20]1)[c:21]1[cH:22][cH:23][cH:24][c:25]([C:26](=[O:27])[OH:28])[cH:29]1,I-[c:2].C-[Si](-C)(-C)-[C:1]#C>>C#[C:1]-[c:2]
13368,CCCCNc1nc(N)c2nc(OC)n(CCCN3CCN(C)CC3)c2n1.Cl[CH2:1][CH2:2][CH2:3][n:4]1[c:5]([O:6][CH3:7])[n:8][c:9]2[c:10]([NH2:11])[n:12][c:13]([NH:14][CH2:15][CH2:16][CH2:17][CH3:18])[n:19][c:20]12.[CH3:21][CH:22]([CH3:23])[CH2:24][N:25]1[CH2:26][CH2:27][NH:28][CH2:29][CH2:30]1>>[CH2:1]([CH2:2][CH2:3][n:4]1[c:5]([O:6][CH3:7])[n:8][c:9]2[c:10]([NH2:11])[n:12][c:13]([NH:14][CH2:15][CH2:16][CH2:17][CH3:18])[n:19][c:20]12)[N:28]1[CH2:27][CH2:26][N:25]([CH2:24][CH:22]([CH3:21])[CH3:23])[CH2:30][CH2:29]1,[N:1].Cl-[C:2]>>[N:1]-[C:2]
13530,Cc1nc(-c2ccc(C(F)(F)F)cc2)sc1CSc1ccc2c(c1)CC(CC#N)CO2.O=[S:1](=O)(Cl)[c:2]1[cH:3][cH:4][c:5]2[c:6]([cH:7]1)[CH2:8][CH:9]([CH2:10][C:11]#[N:12])[CH2:13][O:14]2>>[SH:1][c:2]1[cH:3][cH:4][c:5]2[c:6]([cH:7]1)[CH2:8][CH:9]([CH2:10][C:11]#[N:12])[CH2:13][O:14]2,Cl-[S:1](=O)=O>>[S:1]
14265,Br[CH2:1][CH2:2][CH2:3][CH2:4][CH2:5][CH2:6][CH2:7][CH2:8][CH2:9][CH2:10][CH3:11].CCO.CN(C)C=O.Cc1ccccc1.ClCCl.O=C([O-])[O-].[K+].[K+].[OH:12][c:13]1[cH:14][cH:15][c:16](-[c:17]2[c:18]3[n:19][c:20]([c:21](-[c:22]4[cH:23][cH:24][c:25]([OH:26])[cH:27][cH:28]4)[c:29]4[cH:30][cH:31][c:32]([nH:33]4)[c:34](-[c:35]4[cH:36][cH:37][c:38]([OH:39])[cH:40][cH:41]4)[c:42]4[n:43][c:44]([c:45](-[c:46]5[cH:47][cH:48][c:49]([OH:50])[cH:51][cH:52]5)[c:53]5[cH:54][cH:55][c:56]2[nH:57]5)[CH:58]=[CH:59]4)[CH:60]=[CH:61]3)[cH:62][cH:63]1>>[CH2:1]([CH2:2][CH2:3][CH2:4][CH2:5][CH2:6][CH2:7][CH2:8][CH2:9][CH2:10][CH3:11])[O:12][c:13]1[cH:14][cH:15][c:16](-[c:17]2[c:18]3[n:19][c:20]([c:21](-[c:22]4[cH:23][cH:24][c:25]([OH:26])[cH:27][cH:28]4)[c:29]4[cH:30][cH:31][c:32]([nH:33]4)[c:34](-[c:35]4[cH:36][cH:37][c:38]([OH:39])[cH:40][cH:41]4)[c:42]4[n:43][c:44]([c:45](-[c:46]5[cH:47][cH:48][c:49]([OH:50])[cH:51][cH:52]5)[c:53]5[cH:54][cH:55][c:56]2[nH:57]5)[CH:58]=[CH:59]4)[CH:60]=[CH:61]3)[cH:62][cH:63]1,[O:2]-c.Br-[C:1]>>[C:1]-[O:2]-c
14284,Cl.O[C:1]([c:2]1[c:3]([CH3:4])[cH:5][cH:6][c:7]([CH3:8])[cH:9]1)=[O:10].[NH2:11][CH2:12][CH2:13][C:14]12[CH2:15][CH:16]3[CH2:17][CH:18]([CH2:19][CH:20]([CH2:21]3)[CH2:22]1)[CH2:23]2>>[C:1]([c:2]1[c:3]([CH3:4])[cH:5][cH:6][c:7]([CH3:8])[cH:9]1)(=[O:10])[NH:11][CH2:12][CH2:13][C:14]12[CH2:15][CH:16]3[CH2:17][CH:18]([CH2:19][CH:20]([CH2:21]3)[CH2:22]1)[CH2:23]2,[N:2].O-[C:1]=O>>O=[C:1]-[N:2]
14293,CCCC[N+](CCCC)(CCCC)CCCC.CCN(C(C)C)C(C)C.CN(C)C=O.Cl[c:1]1[n:2][c:3]([O:4][CH3:5])[n:6][c:7]([Cl:8])[cH:9]1.O.O=C(/C=C/c1ccccc1)/C=C/c1ccccc1.O=C(/C=C/c1ccccc1)/C=C/c1ccccc1.O=C(/C=C/c1ccccc1)/C=C/c1ccccc1.[CH2:10]=[CH:11][C:12](=[O:13])[O:14][CH3:15].[Cl-].[Pd].[Pd]>>[c:1]1([CH:10]=[CH:11][C:12](=[O:13])[O:14][CH3:15])[n:2][c:3]([O:4][CH3:5])[n:6][c:7]([Cl:8])[cH:9]1,Cl-[c:2].C=[C:1]>>C=[C:1]-[c:2]
14806,BrCCBr.C1CCOC1.C[Si](C)(C)Cl.ClCCl.Cl[Pd]Cl.Cl[c:1]1[s:2][n:3][c:4]([S:5][CH3:6])[n:7]1.I[CH:8]1[CH2:9][CH2:10][CH2:11][CH:12]([CH2:13][CH3:14])[CH2:15]1.[Zn]>>[c:1]1([CH:8]2[CH2:9][CH2:10][CH2:11][CH:12]([CH2:13][CH3:14])[CH2:15]2)[s:2][n:3][c:4]([S:5][CH3:6])[n:7]1,Cl-[c:1].I-[C:2]>>[c:1]-[C:2]
15262,Br.CC(C)CB(O)O.CC(C)O.CC1(C)[C@H]2C[C@@H]1[C@@]1(C)[C@@H](C2)[O:1][B:2]([C@H:3]([CH2:4][CH:5]([CH3:6])[CH3:7])[NH:8][C:9](=[O:10])[C@H:11]([CH2:12][c:13]2[cH:14][cH:15][cH:16][cH:17][cH:18]2)[NH:19][C:20](=[O:21])[c:22]2[cH:23][n:24][cH:25][cH:26][n:27]2)[O:28]1.CCC(C)O.CCCCO.CCCO.CCO.CO.Cl.O=C(O)C(F)(F)F.OBO>>[OH:1][B:2]([C@H:3]([CH2:4][CH:5]([CH3:6])[CH3:7])[NH:8][C:9](=[O:10])[C@H:11]([CH2:12][c:13]1[cH:14][cH:15][cH:16][cH:17][cH:18]1)[NH:19][C:20](=[O:21])[c:22]1[cH:23][n:24][cH:25][cH:26][n:27]1)[OH:28],C-C1(-C)-[C@@H]2-C-[C@@H](-[O:1])-[C@@](-C)(-[O:2])-[C@H]-1-C-2>>[O:1].[O:2]
15271,CC1(C)OB([C:1]2=[CH:2][CH2:3][CH:4]([CH2:5][C:6]([O:7][CH2:8][CH3:9])=[O:10])[CH2:11][CH2:12]2)OC1(C)C.O=S(=O)(O[C:13]1=[CH:14][CH2:15][C@:16]2([CH3:17])[C@H:18]3[CH2:19][CH2:20][C@H:21]4[C@@:22]([CH3:23])([CH2:24][CH2:25][C@@:26]5([NH:27][CH2:28][CH2:29][N:30]6[CH2:31][CH2:32][S:33](=[O:34])(=[O:35])[CH2:36][CH2:37]6)[CH2:38][CH2:39][C@@H:40]([C:41](=[CH2:42])[CH3:43])[C@H:44]45)[C@:45]3([CH3:46])[CH2:47][CH2:48][C@H:49]2[C:50]1([CH3:51])[CH3:52])C(F)(F)F>>[C:1]1([C:13]2=[CH:14][CH2:15][C@:16]3([CH3:17])[C@H:18]4[CH2:19][CH2:20][C@H:21]5[C@@:22]([CH3:23])([CH2:24][CH2:25][C@@:26]6([NH:27][CH2:28][CH2:29][N:30]7[CH2:31][CH2:32][S:33](=[O:34])(=[O:35])[CH2:36][CH2:37]7)[CH2:38][CH2:39][C@@H:40]([C:41](=[CH2:42])[CH3:43])[C@H:44]56)[C@:45]4([CH3:46])[CH2:47][CH2:48][C@H:49]3[C:50]2([CH3:51])[CH3:52])=[CH:2][CH2:3][CH:4]([CH2:5][C:6]([O:7][CH2:8][CH3:9])=[O:10])[CH2:11][CH2:12]1,C-C1(-C)-O-B(-[C:2]=C)-O-C-1(-C)-C.C=[C:1]-O-S(=O)(=O)-C(-F)(-F)-F>>C=[C:1]-[C:2]=C
16510,CC#N.F[C:1]([NH:2][CH2:3][CH3:4])=[O:5].O=C([O-])[O-].[CH3:6][C:7]([CH3:8])([CH3:9])[n:10]1[cH:11][c:12]([OH:13])[cH:14][n:15]1.[K+].[K+]>>[C:1]([NH:2][CH2:3][CH3:4])(=[O:5])[O:13][c:12]1[cH:11][n:10]([C:7]([CH3:6])([CH3:8])[CH3:9])[n:15][cH:14]1,[O:2]-c.F-[C:1]=O>>O=[C:1]-[O:2]-c
16720,CC(C)(C)[O:1][C:2](=[O:3])[c:4]1[cH:5][cH:6][c:7]([N:8]2[CH2:9][CH2:10][CH:11]([c:12]3[cH:13][cH:14][c:15]4[c:16]([cH:17]3)[CH2:18][CH2:19][N:20]([CH:21]3[CH2:22][CH2:23][CH2:24]3)[CH2:25][CH2:26]4)[CH2:27][CH2:28]2)[cH:29][n:30]1.O.O=C(O)C(F)(F)F>>[OH:1][C:2](=[O:3])[c:4]1[cH:5][cH:6][c:7]([N:8]2[CH2:9][CH2:10][CH:11]([c:12]3[cH:13][cH:14][c:15]4[c:16]([cH:17]3)[CH2:18][CH2:19][N:20]([CH:21]3[CH2:22][CH2:23][CH2:24]3)[CH2:25][CH2:26]4)[CH2:27][CH2:28]2)[cH:29][n:30]1,C-C(-C)(-C)-[O:1]-C(=O)-c>>O=C(-[O:1])-c
16823,CN(C)C=O.COP(=O)(OC)[CH2:1][c:2]1[c:3](/[C:4](=[CH:5]\[C:6]([O:7][CH3:8])=[O:9])[O:10][CH3:11])[cH:12][cH:13][cH:14][cH:15]1.O=[CH:16][c:17]1[cH:18][cH:19][c:20]([O:21][CH2:22][c:23]2[cH:24][cH:25][cH:26][cH:27][cH:28]2)[cH:29][cH:30]1.[Cl-].[H-].[NH4+].[Na+]>>[CH:1](\[c:2]1[c:3](/[C:4](=[CH:5]\[C:6]([O:7][CH3:8])=[O:9])[O:10][CH3:11])[cH:12][cH:13][cH:14][cH:15]1)=[CH:16]/[c:17]1[cH:18][cH:19][c:20]([O:21][CH2:22][c:23]2[cH:24][cH:25][cH:26][cH:27][cH:28]2)[cH:29][cH:30]1,O=[C:1].C-O-P(=O)(-O-C)-[C:2]-c>>[C:1]=[C:2]/c
16935,C1CCOC1.Cl[c:1]1[n:2][c:3]2[cH:4][c:5]([O:6][CH3:7])[c:8]([O:9][CH3:10])[cH:11][c:12]2[c:13](-[c:14]2[cH:15][cH:16][c:17]([CH:18]([CH3:19])[CH3:20])[cH:21][cH:22]2)[n:23]1.[I-].[Mg+][CH3:24]>>[c:1]1([CH3:24])[n:2][c:3]2[cH:4][c:5]([O:6][CH3:7])[c:8]([O:9][CH3:10])[cH:11][c:12]2[c:13](-[c:14]2[cH:15][cH:16][c:17]([CH:18]([CH3:19])[CH3:20])[cH:21][cH:22]2)[n:23]1,Cl-[c:1].[C:2]-[Mg+]>>[c:1]-[C:2]
16978,CO.[BH4-].[CH3:1][CH2:2][CH2:3][CH2:4][CH2:5][CH2:6][CH2:7][CH2:8][CH2:9][N:10]([CH3:11])[CH2:12][CH2:13][CH2:14][CH2:15][CH2:16][C@@H:17]1[CH2:18][c:19]2[cH:20][c:21]([OH:22])[cH:23][cH:24][c:25]2[C@H:26]2[C@@H:27]([F:28])[CH2:29][C@:30]3([CH3:31])[C:32](=[O:33])[CH2:34][CH2:35][C@H:36]3[C@H:37]12.[Cl-].[Na+].[Na+]>>[CH3:1][CH2:2][CH2:3][CH2:4][CH2:5][CH2:6][CH2:7][CH2:8][CH2:9][N:10]([CH3:11])[CH2:12][CH2:13][CH2:14][CH2:15][CH2:16][C@@H:17]1[CH2:18][c:19]2[cH:20][c:21]([OH:22])[cH:23][cH:24][c:25]2[C@H:26]2[C@@H:27]([F:28])[CH2:29][C@:30]3([CH3:31])[C@@H:32]([OH:33])[CH2:34][CH2:35][C@H:36]3[C@H:37]12,[C:1]=[O:2]>>[C:1]-[O:2]
16996,I[C:1]1=[C:2]([c:3]2[cH:4][cH:5][c:6]([S:7]([CH3:8])(=[O:9])=[O:10])[cH:11][cH:12]2)[O:13][C:14]([CH3:15])([CH3:16])[C:17]1=[O:18].OB(O)[c:19]1[cH:20][cH:21][cH:22][o:23]1>>[C:1]1([c:19]2[cH:20][cH:21][cH:22][o:23]2)=[C:2]([c:3]2[cH:4][cH:5][c:6]([S:7]([CH3:8])(=[O:9])=[O:10])[cH:11][cH:12]2)[O:13][C:14]([CH3:15])([CH3:16])[C:17]1=[O:18],O-B(-O)-[c:2].C=[C:1]-I>>C=[C:1]-[c:2]
17459,Br[c:1]1[cH:2][c:3]([O:4][C:5]([CH3:6])([CH3:7])[CH3:8])[n:9][c:10]2[c:11]1[cH:12][c:13]([C:14]([OH:15])([c:16]1[cH:17][cH:18][c:19]([Cl:20])[cH:21][cH:22]1)[c:23]1[n:24][cH:25][cH:26][s:27]1)[cH:28][cH:29]2.C1COCCO1.CC1(C)OB([CH2:30][c:31]2[cH:32][cH:33][c:34]([O:35][C:36]([F:37])([F:38])[F:39])[cH:40][cH:41]2)OC1(C)C.CCOC(C)=O.ClCCl.Cl[Pd]Cl.O.O=C([O-])[O-].[Fe+2].[Na+].[Na+].c1ccc(P(c2ccccc2)[c-]2cccc2)cc1.c1ccc(P(c2ccccc2)[c-]2cccc2)cc1>>[c:1]1([CH2:30][c:31]2[cH:32][cH:33][c:34]([O:35][C:36]([F:37])([F:38])[F:39])[cH:40][cH:41]2)[cH:2][c:3]([O:4][C:5]([CH3:6])([CH3:7])[CH3:8])[n:9][c:10]2[c:11]1[cH:12][c:13]([C:14]([OH:15])([c:16]1[cH:17][cH:18][c:19]([Cl:20])[cH:21][cH:22]1)[c:23]1[n:24][cH:25][cH:26][s:27]1)[cH:28][cH:29]2,Br-[c:1].C-C1(-C)-O-B(-[C:2]-c)-O-C-1(-C)-C>>[c:1]-[C:2]-c
17687,CC(C)(C)OC(=O)[NH:1][C:2]1([c:3]2[cH:4][cH:5][c:6](-[c:7]3[c:8](-[c:9]4[cH:10][cH:11][cH:12][cH:13][cH:14]4)[o:15][c:16]4[c:17]([cH:18][cH:19][c:20]5[cH:21][n:22]([CH3:23])[n:24][c:25]45)[c:26]3=[O:27])[cH:28][cH:29]2)[CH2:30][CH2:31][CH2:32]1.NC1(c2ccc(-c3c(-c4ccccc4)oc4ccc(F)cc4c3=O)cc2)CCC1>>[NH2:1][C:2]1([c:3]2[cH:4][cH:5][c:6](-[c:7]3[c:8](-[c:9]4[cH:10][cH:11][cH:12][cH:13][cH:14]4)[o:15][c:16]4[c:17]([cH:18][cH:19][c:20]5[cH:21][n:22]([CH3:23])[n:24][c:25]45)[c:26]3=[O:27])[cH:28][cH:29]2)[CH2:30][CH2:31][CH2:32]1,C-C(-C)(-C)-O-C(=O)-[N:1]>>[N:1]
18021,ClCCl.[OH:7][C:1]([CH3:2])([CH3:3])[C:4]([OH:9])([CH3:5])[CH3:6].O[B:8](O)[c:10]1[cH:11][cH:12][c:13]([Cl:14])[cH:15][c:16]1[OH:17]>>[C:1]1([CH3:2])([CH3:3])[C:4]([CH3:5])([CH3:6])[O:9][B:8]([c:10]2[cH:11][cH:12][c:13]([Cl:14])[cH:15][c:16]2[OH:17])[O:7]1,[O:1].[O:3].O-[B:2]-O>>[O:1]-[B:2]-[O:3]
18345,C1CCOC1.CC(=O)O.CC(C)[N-]C(C)C.Cl[c:1]1[n:2][c:3](-[n:4]2[c:5]([CH:6]([F:7])[F:8])[n:9][c:10]3[cH:11][cH:12][cH:13][cH:14][c:15]23)[n:16][c:17]([Cl:18])[cH:19]1.O.[Li+].[NH2:20][c:21]1[cH:22][cH:23][cH:24][n:25][cH:26]1>>[c:1]1([NH:20][c:21]2[cH:22][cH:23][cH:24][n:25][cH:26]2)[n:2][c:3](-[n:4]2[c:5]([CH:6]([F:7])[F:8])[n:9][c:10]3[cH:11][cH:12][cH:13][cH:14][c:15]23)[n:16][c:17]([Cl:18])[cH:19]1,[N:1].Cl-[c:2]>>[N:1]-[c:2]
18546,CO.[ClH:1].[Pd].c1ccc(C[N:2]2[CH2:3][CH2:4][N:5]3[CH2:6][CH2:7][O:8][CH2:9][C@H:10]3[CH2:11]2)cc1>>[ClH:1].[ClH:1].[NH:2]1[CH2:3][CH2:4][N:5]2[CH2:6][CH2:7][O:8][CH2:9][C@H:10]2[CH2:11]1,[N:1]-C-c1:c:c:c:c:c:1>>[N:1]
18890,Cl.[Na+].[OH-].[OH:1][c:2]1[cH:3][cH:4][c:5]([Cl:6])[n:7][c:8]1-[c:9]1[cH:10][c:11]2[c:12]([F:13])[cH:14][cH:15][cH:16][c:17]2[nH:18]1>>[OH:1][c:2]1[cH:3][cH:4][c:5]([Cl:6])[n:7][c:8]1[CH:9]1[CH2:10][c:11]2[c:12]([F:13])[cH:14][cH:15][cH:16][c:17]2[NH:18]1,[c:1]1:[c:5]:[c:4]:[n:3]:[c:2]:1>>[C:1]1-[C:2]-[N:3]-[c:4]:[c:5]-1
18958,Br[C:1]1=[C:2]([OH:3])[CH2:4][C:5]([CH2:6][CH2:7][CH:8]([CH3:9])[CH3:10])([c:11]2[cH:12][cH:13][cH:14][cH:15][cH:16]2)[O:17][C:18]1=[O:19].C1CCNCC1.ClCCl.[CH3:20][O:21][C:22](=[O:23])[c:24]1[cH:25][cH:26][cH:27][cH:28][c:29]1[SH:30]>>[C:1]1([S:30][c:29]2[c:24]([C:22]([O:21][CH3:20])=[O:23])[cH:25][cH:26][cH:27][cH:28]2)=[C:2]([OH:3])[CH2:4][C:5]([CH2:6][CH2:7][CH:8]([CH3:9])[CH3:10])([c:11]2[cH:12][cH:13][cH:14][cH:15][cH:16]2)[O:17][C:18]1=[O:19],[S:2].Br-[C:1]=C>>C=[C:1]-[S:2]
19350,Br[c:1]1[cH:2][cH:3][cH:4][c:5]([CH3:6])[c:7]1[C:8](=[O:9])[OH:10].CCO.Cl.O.[N-:11]=[N+:12]=[N-:13].[Na+]>>[c:1]1([N:11]=[N+:12]=[N-:13])[cH:2][cH:3][cH:4][c:5]([CH3:6])[c:7]1[C:8](=[O:9])[OH:10],Br-[c:2].N=[N:1]>>N=[N:1]-[c:2]
20125,C[Sn](C)(C)[N:1]=[N+:2]=[N-:3].Cc1ccccc1.[CH3:4][c:5]1[n:6][c:7]([CH3:8])[c:9](-[c:10]2[cH:11][cH:12][c:13]3[cH:14][c:15](-[c:16]4[c:17]([CH2:18][C:19](=[O:20])[N:21]5[CH2:22][CH2:23][O:24][CH2:25][CH2:26]5)[cH:27][c:28]([C:29]#[N:30])[cH:31][c:32]4[CH:33]4[CH2:34][CH2:35][CH2:36][CH2:37][CH2:38]4)[cH:39][cH:40][c:41]3[n:42]2)[s:43]1>>[nH:1]1[n:2][n:3][n:30][c:29]1-[c:28]1[cH:27][c:17]([CH2:18][C:19](=[O:20])[N:21]2[CH2:22][CH2:23][O:24][CH2:25][CH2:26]2)[c:16](-[c:15]2[cH:14][c:13]3[cH:12][cH:11][c:10](-[c:9]4[c:7]([CH3:8])[n:6][c:5]([CH3:4])[s:43]4)[n:42][c:41]3[cH:40][cH:39]2)[c:32]([CH:33]2[CH2:34][CH2:35][CH2:36][CH2:37][CH2:38]2)[cH:31]1,[C:1]#[N:5].C-[Sn](-C)(-C)-[N:2]=[N:3]=[N:4]>>[c:1]1:[n:2]:[n:3]:[n:4]:[n:5]:1
20418,Br[C:1]#[C:2][C@H:3]([CH:4]=[CH2:5])[O:6][C:7]([CH3:8])=[O:9].CCCCN.Cl.ClCCl.Cl[Cu].NO.O.[CH:10]#[C:11][C@H:12]([OH:13])[CH2:14][CH2:15][CH2:16][CH2:17][CH2:18][CH2:19][CH2:20][CH2:21][CH3:22]>>[C:1](#[C:2][C@H:3]([CH:4]=[CH2:5])[O:6][C:7]([CH3:8])=[O:9])[C:10]#[C:11][C@H:12]([OH:13])[CH2:14][CH2:15][CH2:16][CH2:17][CH2:18][CH2:19][CH2:20][CH2:21][CH3:22],C#[C:1].Br-[C:2]#C>>C#[C:1]-[C:2]#C
20875,C1COCCO1.[NH2:1][c:2]1[cH:3][cH:4][cH:5][cH:6][c:7]1[NH:8][c:9]1[n:10][c:11]([N:12]2[CH2:13][CH2:14][O:15][CH2:16][CH2:17]2)[c:18]2[s:19][c:20]([CH2:21][N:22]3[CH2:23][CH:24]([N:25]4[CH2:26][CH2:27][O:28][CH2:29][CH2:30]4)[CH2:31]3)[cH:32][c:33]2[n:34]1.c1cn([C:35](n2ccnc2)=[O:36])cn1>>[nH:1]1[c:2]2[cH:3][cH:4][cH:5][cH:6][c:7]2[n:8](-[c:9]2[n:10][c:11]([N:12]3[CH2:13][CH2:14][O:15][CH2:16][CH2:17]3)[c:18]3[s:19][c:20]([CH2:21][N:22]4[CH2:23][CH:24]([N:25]5[CH2:26][CH2:27][O:28][CH2:29][CH2:30]5)[CH2:31]4)[cH:32][c:33]3[n:34]2)[c:35]1=[O:36],[N:2]-[c:3]:[c:4]-[N:5].O=[C:1](-n1:c:c:n:c:1)-n1:c:c:n:c:1>>O=[c:1]1:[n:2]:[c:3]:[c:4]:[n:5]:1
20985,C1CCOC1.I[CH3:1].[CH3:2][CH2:3][CH2:4][CH2:5][CH2:6][CH2:7][C:8](=[O:9])[CH2:10][CH2:11][c:12]1[cH:13][cH:14][c:15]([O:16][CH2:17][c:18]2[cH:19][cH:20][cH:21][cH:22][cH:23]2)[c:24]([O:25][CH2:26][c:27]2[cH:28][cH:29][cH:30][cH:31][cH:32]2)[cH:33]1.[Mg]>>[CH3:1][C:8]([CH2:7][CH2:6][CH2:5][CH2:4][CH2:3][CH3:2])([OH:9])[CH2:10][CH2:11][c:12]1[cH:13][cH:14][c:15]([O:16][CH2:17][c:18]2[cH:19][cH:20][cH:21][cH:22][cH:23]2)[c:24]([O:25][CH2:26][c:27]2[cH:28][cH:29][cH:30][cH:31][cH:32]2)[cH:33]1,I-[C:1].[C:2]=[O:3]>>[C:1]-[C:2]-[O:3]
21296,Br[CH2:1][c:2]1[cH:3][cH:4][c:5]([F:6])[n:7][cH:8]1.CN1C(=O)C(=O)c2cc(S(=O)(=O)N3CCC[C@H]3COc3ccccc3)ccc21.[O:9]=[C:10]1[NH:11][c:12]2[cH:13][cH:14][c:15]([S:16](=[O:17])(=[O:18])[N:19]3[CH2:20][CH2:21][C@H:22]3[CH2:23][O:24][c:25]3[cH:26][cH:27][cH:28][cH:29][cH:30]3)[cH:31][c:32]2[C:33]1=[O:34]>>[CH2:1]([c:2]1[cH:3][cH:4][c:5]([F:6])[n:7][cH:8]1)[N:11]1[C:10](=[O:9])[C:33](=[O:34])[c:32]2[c:12]1[cH:13][cH:14][c:15]([S:16](=[O:17])(=[O:18])[N:19]1[CH2:20][CH2:21][C@H:22]1[CH2:23][O:24][c:25]1[cH:26][cH:27][cH:28][cH:29][cH:30]1)[cH:31]2,[N:1].Br-[C:2]>>[N:1]-[C:2]
21519,C1CCOC1.Cl[Ni]Cl.Cl[c:1]1[n:2][c:3]([NH:4][c:5]2[cH:6][c:7]([CH:8]3[CH2:9][CH2:10]3)[n:11][nH:12]2)[c:13]2[cH:14][cH:15][cH:16][cH:17][c:18]2[n:19]1.[Cl-].[Mg+][CH2:20][c:21]1[cH:22][cH:23][cH:24][cH:25][cH:26]1>>[c:1]1([CH2:20][c:21]2[cH:22][cH:23][cH:24][cH:25][cH:26]2)[n:2][c:3]([NH:4][c:5]2[cH:6][c:7]([CH:8]3[CH2:9][CH2:10]3)[n:11][nH:12]2)[c:13]2[cH:14][cH:15][cH:16][cH:17][c:18]2[n:19]1,Cl-[c:1].[Mg+]-[C:2]-c>>[c:1]-[C:2]-c
21974,C1CCOC1.CC(C)(C)[O-].O.O=[C:1]([c:2]1[c:3]([O:4][CH3:5])[cH:6][cH:7][c:8]2[cH:9][c:10]([Br:11])[cH:12][cH:13][c:14]12)[CH3:15].[Br-].[K+].c1ccc([P+](c2ccccc2)(c2ccccc2)[CH3:16])cc1>>[C:1]([c:2]1[c:3]([O:4][CH3:5])[cH:6][cH:7][c:8]2[cH:9][c:10]([Br:11])[cH:12][cH:13][c:14]12)([CH3:15])=[CH2:16],O=[C:1].[C:2]-[P+](-c1:c:c:c:c:c:1)(-c1:c:c:c:c:c:1)-c1:c:c:c:c:c:1>>[C:1]=[C:2]
22297,Br[c:1]1[c:2]([C:3]([O:4][CH3:5])=[O:6])[cH:7][c:8]([C:9](=[O:10])[c:11]2[cH:12][cH:13][c:14]([N:15]([CH3:16])[c:17]3[cH:18][cH:19][c:20]([Cl:21])[cH:22][cH:23]3)[cH:24][n:25]2)[cH:26][cH:27]1.C[Sn](C)(C)[Sn:29]([CH3:28])([CH3:30])[CH3:31].Cc1ccccc1.Cl[Pd]Cl.c1ccc(P(c2ccccc2)c2ccccc2)cc1.c1ccc(P(c2ccccc2)c2ccccc2)cc1>>[c:1]1([Sn:29]([CH3:28])([CH3:30])[CH3:31])[c:2]([C:3]([O:4][CH3:5])=[O:6])[cH:7][c:8]([C:9](=[O:10])[c:11]2[cH:12][cH:13][c:14]([N:15]([CH3:16])[c:17]3[cH:18][cH:19][c:20]([Cl:21])[cH:22][cH:23]3)[cH:24][n:25]2)[cH:26][cH:27]1,Br-[c:1].C-[Sn](-C)(-C)-[Sn:2]>>[c:1]-[Sn:2]
23374,CO.Cl.O.O=C([O-])O.[BH3-]C#N.[CH3:1][O:2][C:3](=[O:4])[c:5]1[cH:6][cH:7][cH:8][c:9]2[nH:10][c:11]([CH2:12][O:13][CH2:14][c:15]3[cH:16][cH:17][cH:18][cH:19][cH:20]3)[cH:21][c:22]12.[Na+].[Na+]>>[CH3:1][O:2][C:3](=[O:4])[c:5]1[cH:6][cH:7][cH:8][c:9]2[c:22]1[CH2:21][CH:11]([CH2:12][O:13][CH2:14][c:15]1[cH:16][cH:17][cH:18][cH:19][cH:20]1)[NH:10]2,[c:1]1:[c:2]:[c:3]:[c:4]:[n:5]:1>>[C:1]1-[C:2]-[c:3]:[c:4]-[N:5]-1
24137,Br[CH2:1][CH2:2][Br:3].CN(C)C=O.CO.ClC(Cl)Cl.[CH3:4][O:5][c:6]1[cH:7][c:8]2[c:9]([cH:10][c:11]1[O:12][CH3:13])[c:14](=[O:15])[nH:16][cH:17][n:18]2>>[CH2:1]([CH2:2][Br:3])[n:16]1[c:14](=[O:15])[c:9]2[c:8]([cH:7][c:6]([O:5][CH3:4])[c:11]([O:12][CH3:13])[cH:10]2)[n:18][cH:17]1,[n:1].Br-[C:2]>>[n:1]-[C:2]
24143,Br[CH2:1][CH2:2][CH2:3][CH2:4][CH2:5][CH2:6][CH2:7][CH2:8][CH2:9][CH2:10][CH2:11][OH:12].CN(C)C=O.O.O=C([O-])[O-].[CH3:13][O:14][c:15]1[cH:16][c:17]([CH2:18][C:19]#[N:20])[cH:21][cH:22][c:23]1[OH:24].[I-].[K+].[K+].[K+]>>[CH2:1]([CH2:2][CH2:3][CH2:4][CH2:5][CH2:6][CH2:7][CH2:8][CH2:9][CH2:10][CH2:11][OH:12])[O:24][c:23]1[c:15]([O:14][CH3:13])[cH:16][c:17]([CH2:18][C:19]#[N:20])[cH:21][cH:22]1,[O:2]-c.Br-[C:1]>>[C:1]-[O:2]-c
24152,CCCC[Sn](CCCC)(CCCC)[CH:1]=[CH2:2].CN(C)C=O.O=S(=O)(O[c:3]1[cH:4][cH:5][cH:6][c:7]2[c:8]1[CH2:9][N:10]([C:11]([O:12][C@@H:13]1[CH2:14][C@@H:15]([C:16]([O:17][CH3:18])=[O:19])[N:20]([C:21](=[O:22])[O:23][C:24]([CH3:25])([CH3:26])[CH3:27])[CH2:28]1)=[O:29])[CH2:30][CH2:31]2)C(F)(F)F.[Cl-].[Li+]>>[CH:1](=[CH2:2])[c:3]1[cH:4][cH:5][cH:6][c:7]2[c:8]1[CH2:9][N:10]([C:11]([O:12][C@@H:13]1[CH2:14][C@@H:15]([C:16]([O:17][CH3:18])=[O:19])[N:20]([C:21](=[O:22])[O:23][C:24]([CH3:25])([CH3:26])[CH3:27])[CH2:28]1)=[O:29])[CH2:30][CH2:31]2,F-C(-F)(-F)-S(=O)(=O)-O-[c:2].C-C-C-C-[Sn](-C-C-C-C)(-C-C-C-C)-[C:1]=C>>C=[C:1]-[c:2]
24230,CCN(CC)CC.Cl[C:1]([C:2]([CH3:3])([CH3:4])[CH3:5])=[O:6].[CH:7]#[C:8][CH2:9][C:10]([CH3:11])([CH3:12])[C:13](=[O:14])[O:15][CH2:16][CH3:17].[Cu]I>>[C:1]([C:2]([CH3:3])([CH3:4])[CH3:5])(=[O:6])[C:7]#[C:8][CH2:9][C:10]([CH3:11])([CH3:12])[C:13](=[O:14])[O:15][CH2:16][CH3:17],Cl-[C:2]=O.C#[C:1]>>C#[C:1]-[C:2]=O
24242,C=C(C)C(=O)O[C:4]([C:2](=[CH2:1])[CH3:3])=[O:5].CCOC(C)=O.CO.Cl.O.[NH2:6][CH2:7][CH2:8][NH2:9].[Na+].[OH-]>>[CH2:1]=[C:2]([CH3:3])[C:4](=[O:5])[NH:6][CH2:7][CH2:8][NH2:9],[N:2].C-C(=C)-C(=O)-O-[C:1]=O>>O=[C:1]-[N:2]
24423,Cl[c:1]1[c:2]([C:3](=[O:4])[OH:5])[cH:6][cH:7][cH:8][n:9]1.O.[Na+].[O-:10][c:11]1[cH:12][cH:13][cH:14][cH:15][cH:16]1>>[c:1]1([O:10][c:11]2[cH:12][cH:13][cH:14][cH:15][cH:16]2)[c:2]([C:3](=[O:4])[OH:5])[cH:6][cH:7][cH:8][n:9]1,[O:2]-c.Cl-[c:1]>>[c:1]-[O:2]-c
24835,ClCCl.O=[Mn]=O.O[OH:1].[CH2:2]=[CH:3][CH2:4][CH2:5][CH2:6][CH2:7][CH2:8][CH2:9][OH:10].c1cn[nH]c1>>[O:1]1[CH2:2][CH:3]1[CH2:4][CH2:5][CH2:6][CH2:7][CH2:8][CH2:9][OH:10],O-[O:1].[C:2]=[C:3]>>[O:1]1-[C:2]-[C:3]-1
25389,CN(C)C=O.Cl[c:1]1[c:2]([C:3]([C:4]([C:5]([O:6][CH2:7][CH3:8])=[O:9])=[CH:10][NH:11][C@@H:12]([CH:13]([CH3:14])[CH3:15])[C:16]([CH3:17])([CH3:18])[O:19][SiH2:20][C:21]([CH3:22])([CH3:23])[CH3:24])=[O:25])[cH:26][c:27]([CH2:28][c:29]2[cH:30][cH:31][cH:32][c:33]([Cl:34])[c:35]2[F:36])[n:37][c:38]1[Cl:39].O=C([O-])[O-].[K+].[K+]>>[c:1]12[c:2]([c:3](=[O:25])[c:4]([C:5]([O:6][CH2:7][CH3:8])=[O:9])[cH:10][n:11]1[C@@H:12]([CH:13]([CH3:14])[CH3:15])[C:16]([CH3:17])([CH3:18])[O:19][SiH2:20][C:21]([CH3:22])([CH3:23])[CH3:24])[cH:26][c:27]([CH2:28][c:29]1[cH:30][cH:31][cH:32][c:33]([Cl:34])[c:35]1[F:36])[n:37][c:38]2[Cl:39],Cl-[c:3]:[c:2]-[C:1](=O)-[C:6]=[C:5]-[N:4]>>O=[c:1]1:[c:2]:[c:3]:[n:4]:[c:5]:[c:6]:1
25760,Br[C:2](Br)([Br:1])[Br:3].ClCCl.O=[CH:4][C@@H:5]([CH3:6])[C@H:7]1[CH2:8][CH2:9][C@H:10]2[C@@H:11]([O:12][Si:13]([CH3:14])([CH3:15])[C:16]([CH3:17])([CH3:18])[CH3:19])[CH2:20][CH2:21][CH2:22][C@:23]12[CH3:24].c1ccc(P(c2ccccc2)c2ccccc2)cc1>>[Br:1][C:2]([Br:3])=[CH:4][C@@H:5]([CH3:6])[C@H:7]1[CH2:8][CH2:9][C@H:10]2[C@@H:11]([O:12][Si:13]([CH3:14])([CH3:15])[C:16]([CH3:17])([CH3:18])[CH3:19])[CH2:20][CH2:21][CH2:22][C@:23]12[CH3:24],Br-[C:1]-Br.O=[C:2]>>[C:1]=[C:2]
27540,CC(C)=O.O=C(Cl)c1ccccc1.[CH3:1][CH2:2][O:3][c:4]1[cH:5][cH:6][c:7]([NH2:8])[cH:9][n:10]1.[K+].[N:11]#[C:12][S-:13]>>[CH3:1][CH2:2][O:3][c:4]1[cH:5][cH:6][c:7]([NH:8][C:12]([NH2:11])=[S:13])[cH:9][n:10]1,[N:3].[S:4]-[C:2]#[N:1]>>[N:1]-[C:2](-[N:3])=[S:4]
27791,Br[c:1]1[s:2][c:3](-[c:4]2[n:5]3[n:6][c:7]([CH3:8])[cH:9][c:10]([CH:11]([CH2:12][CH3:13])[CH2:14][CH3:15])[c:16]3[n:17][c:18]2[CH3:19])[c:20]([Cl:21])[cH:22]1.CCOC(C)=O.Cl[Pd]Cl.[Br-].[Fe+2].[Zn+][c:23]1[cH:24][cH:25][cH:26][cH:27][n:28]1.c1ccc(P(c2ccccc2)[c-]2cccc2)cc1.c1ccc(P(c2ccccc2)[c-]2cccc2)cc1>>[c:1]1(-[c:23]2[cH:24][cH:25][cH:26][cH:27][n:28]2)[s:2][c:3](-[c:4]2[n:5]3[n:6][c:7]([CH3:8])[cH:9][c:10]([CH:11]([CH2:12][CH3:13])[CH2:14][CH3:15])[c:16]3[n:17][c:18]2[CH3:19])[c:20]([Cl:21])[cH:22]1,Br-[c:1].[Zn+]-[c:2]>>[c:1]-[c:2]
28081,Br[Zn][CH2:1][C:2]([CH3:3])([CH3:4])[CH3:5].Br[c:6]1[cH:7][cH:8][c:9]2[c:10]([cH:11]1)[C:12](=[O:13])[CH2:14][CH2:15][N:16]2[C:17](=[O:18])[O:19][CH2:20][c:21]1[cH:22][cH:23][cH:24][cH:25][cH:26]1>>[CH2:1]([C:2]([CH3:3])([CH3:4])[CH3:5])[c:6]1[cH:7][cH:8][c:9]2[c:10]([cH:11]1)[C:12](=[O:13])[CH2:14][CH2:15][N:16]2[C:17](=[O:18])[O:19][CH2:20][c:21]1[cH:22][cH:23][cH:24][cH:25][cH:26]1,Br-[c:1].Br-[Zn]-[C:2]>>[c:1]-[C:2]
28386,CC(=O)O.CC(C)O.NCc1ccccc1.O=[CH:1][c:2]1[cH:3][cH:4][c:5]([Cl:6])[cH:7][c:8]1[Cl:9].[CH3:10][CH2:11][O:12][C:13](=[O:14])[CH2:15][C:16](=[O:17])[CH2:18][Cl:19]>>[CH:1](\[c:2]1[cH:3][cH:4][c:5]([Cl:6])[cH:7][c:8]1[Cl:9])=[C:15](\[C:13]([O:12][CH2:11][CH3:10])=[O:14])[C:16](=[O:17])[CH2:18][Cl:19],O=[C:2].O=C-[C:1]-C=O>>O=C/[C:1](=[C:2])-C=O
28405,CO.O[OH:1].[CH3:2][CH2:3][c:4]1[cH:5][cH:6][c:7](-[c:8]2[cH:9][cH:10][c:11]([Cl:12])[cH:13][c:14]2[Cl:15])[cH:16][c:17]1[CH:18]=[C:19]1[C:20](=[O:21])[C:22]([CH3:23])([CH3:24])[O:25][C:26]1([CH3:27])[CH3:28].[Li+].[OH-]>>[O:1]1[CH:18]([c:17]2[c:4]([CH2:3][CH3:2])[cH:5][cH:6][c:7](-[c:8]3[cH:9][cH:10][c:11]([Cl:12])[cH:13][c:14]3[Cl:15])[cH:16]2)[C:19]12[C:20](=[O:21])[C:22]([CH3:23])([CH3:24])[O:25][C:26]2([CH3:27])[CH3:28],O-[O:1].[C:2]=[C:3]>>[O:1]1-[C:2]-[C:3]-1
28410,Br[c:1]1[cH:2][c:3]([S:4]([CH:5]([CH3:6])[CH3:7])(=[O:8])=[O:9])[c:10]([C:11](=[O:12])[N:13]([CH3:14])[CH3:15])[cH:16][cH:17]1.CCCS(=O)(=O)c1ccc(F)c(C#Cc2cc(Cl)ccc2OCC(=O)OC(C)(C)C)c1.[CH:18]#[C:19][c:20]1[cH:21][c:22]([Cl:23])[cH:24][cH:25][c:26]1[O:27][CH2:28][C:29](=[O:30])[O:31][C:32]([CH3:33])([CH3:34])[CH3:35]>>[c:1]1([C:18]#[C:19][c:20]2[cH:21][c:22]([Cl:23])[cH:24][cH:25][c:26]2[O:27][CH2:28][C:29](=[O:30])[O:31][C:32]([CH3:33])([CH3:34])[CH3:35])[cH:2][c:3]([S:4]([CH:5]([CH3:6])[CH3:7])(=[O:8])=[O:9])[c:10]([C:11](=[O:12])[N:13]([CH3:14])[CH3:15])[cH:16][cH:17]1,Br-[c:2].C#[C:1]>>C#[C:1]-[c:2]
28675,C1COCCO1.ClC(Cl)(Cl)[Cl:1].O[C:2](=[C:3]1[c:4]2[c:5]([cH:6][cH:7][c:8]([C:9]([CH3:10])=[O:11])[cH:12]2)[N:13]([C:14]([CH3:15])=[O:16])[C:17]1=[O:18])[c:19]1[cH:20][n:21][cH:22][cH:23][n:24]1.c1ccc(P(c2ccccc2)c2ccccc2)cc1>>[Cl:1][C:2](=[C:3]1[c:4]2[c:5]([cH:6][cH:7][c:8]([C:9]([CH3:10])=[O:11])[cH:12]2)[N:13]([C:14]([CH3:15])=[O:16])[C:17]1=[O:18])[c:19]1[cH:20][n:21][cH:22][cH:23][n:24]1,C=[C:1]-O.Cl-C(-Cl)(-Cl)-[Cl:2]>>C=[C:1]-[Cl:2]
28717,F[S:1](=[O:2])(=[O:3])[C:4]([F:5])([F:6])[C:7]([F:8])([F:9])[C:10]([F:11])([F:12])[C:13]([F:14])([F:15])[F:16].[H-].[Na+].[OH:17][CH2:18][C:19]([F:20])([F:21])[CH:22]([F:23])[F:24]>>[S:1](=[O:2])(=[O:3])([C:4]([F:5])([F:6])[C:7]([F:8])([F:9])[C:10]([F:11])([F:12])[C:13]([F:14])([F:15])[F:16])[O:17][CH2:18][C:19]([F:20])([F:21])[CH:22]([F:23])[F:24],[O:1].F-[S:2]>>[O:1]-[S:2]
29098,[CH3:1][CH:2]([CH3:3])[CH:4]=[N:5][OH:6].[CH:7]#[C:8][C:9](=[O:10])[O:11][CH3:12]>>[CH3:1][CH:2]([CH3:3])[c:4]1[n:5][o:6][c:8]([C:9](=[O:10])[O:11][CH3:12])[cH:7]1,[C:2]#[C:3].[O:4]-[N:5]=[C:1]>>[c:1]1:[c:2]:[c:3]:[o:4]:[n:5]:1
29116,C1CCOC1.CC(C)(C)[O-].Cl[C:1](=[CH:2][C:3]([O:4][CH2:5][CH3:6])=[O:7])[CH3:8].[K+].[OH:9][c:10]1[cH:11][cH:12][cH:13][c:14]([C:15]([F:16])([F:17])[F:18])[cH:19]1>>[C:1](=[CH:2]\[C:3]([O:4][CH2:5][CH3:6])=[O:7])(\[CH3:8])[O:9][c:10]1[cH:11][cH:12][cH:13][c:14]([C:15]([F:16])([F:17])[F:18])[cH:19]1,[O:2]-c.C=[C:1]-Cl>>C=[C:1]/[O:2]-c
29142,CN(C)C=O.CN(C)c1ccncc1.ClCCl.O=C(Cl)C(=O)Cl.O=[C:1]([CH2:2][CH2:3][CH2:4][CH2:5][CH2:6][CH2:7][CH3:8])[OH:9].[CH3:10][C:11]1([CH3:12])[O:13][C:14](=[O:15])[CH2:16][C:17](=[O:18])[O:19]1>>[C:1]([CH2:2][CH2:3][CH2:4][CH2:5][CH2:6][CH2:7][CH3:8])([OH:9])=[C:16]1[C:14](=[O:15])[O:13][C:11]([CH3:10])([CH3:12])[O:19][C:17]1=[O:18],O-[C:1]=O.O=C-[C:2]-C=O>>O-[C:1]=[C:2](-C=O)-C=O
29295,CN(C)C=O.O.O=C(O[IH2](OC(=O)C(F)(F)F)c1ccccc1)C(F)(F)F.O=C([NH2:1])[c:2]1[cH:3][c:4]([O:5][c:6]2[cH:7][cH:8][c:9]([N:10]([CH2:11][c:12]3[cH:13][cH:14][c:15]([F:16])[cH:17][cH:18]3)[C:19](=[O:20])[C:21]3([C:22]([NH2:23])=[O:24])[CH2:25][CH2:26]3)[cH:27][c:28]2[F:29])[cH:30][cH:31][n:32]1.c1ccncc1>>[NH2:1][c:2]1[cH:3][c:4]([O:5][c:6]2[cH:7][cH:8][c:9]([N:10]([CH2:11][c:12]3[cH:13][cH:14][c:15]([F:16])[cH:17][cH:18]3)[C:19](=[O:20])[C:21]3([C:22]([NH2:23])=[O:24])[CH2:25][CH2:26]3)[cH:27][c:28]2[F:29])[cH:30][cH:31][n:32]1,O=C(-[N:1])-[c:2]>>[N:1]-[c:2]
29311,CC(C)(C)c1nc(N2CCOCC2)c2nnn(Cc3ccccc3Cl)c2n1.Cl[c:1]1[n:2][c:3]([C:4]([CH3:5])([CH3:6])[CH3:7])[n:8][c:9]2[c:10]1[n:11][n:12][n:13]2[CH2:14][c:15]1[cH:16][cH:17][cH:18][cH:19][c:20]1[Cl:21].[OH:22][CH2:23][C@@H:24]1[NH:25][CH2:26][CH2:27][C@H:28]1[OH:29]>>[c:1]1([N:25]2[C@@H:24]([CH2:23][OH:22])[C@H:28]([OH:29])[CH2:27][CH2:26]2)[n:2][c:3]([C:4]([CH3:5])([CH3:6])[CH3:7])[n:8][c:9]2[c:10]1[n:11][n:12][n:13]2[CH2:14][c:15]1[cH:16][cH:17][cH:18][cH:19][c:20]1[Cl:21],[N:1].Cl-[c:2]>>[N:1]-[c:2]
29890,Nc1ccc(Oc2ccc3c(c2)CCC(c2ccccc2)O3)nc1.O=[N+:1]([O-])[c:2]1[cH:3][cH:4][c:5]([O:6][c:7]2[cH:8][c:9]3[c:10]([cH:11][cH:12]2)[O:13][CH:14]([c:15]2[cH:16][cH:17][cH:18][c:19]([O:20][CH3:21])[cH:22]2)[CH2:23][CH2:24]3)[n:25][cH:26]1.[Zn]>>[NH2:1][c:2]1[cH:3][cH:4][c:5]([O:6][c:7]2[cH:8][c:9]3[c:10]([cH:11][cH:12]2)[O:13][CH:14]([c:15]2[cH:16][cH:17][cH:18][c:19]([O:20][CH3:21])[cH:22]2)[CH2:23][CH2:24]3)[n:25][cH:26]1,O=[N:1]-[O-]>>[N:1]
30059,CS(C)=O.C[S+](C)(=O)[CH3:1].[CH3:2][C:3]([CH3:4])([CH3:5])[O:6][C:7](=[O:8])[N:9]1[CH2:10][CH2:11][C:12](=[O:13])[CH2:14][CH2:15]1.[Cl-].[H-].[I-].[NH4+].[Na+]>>[CH2:1]1[C:12]2([CH2:11][CH2:10][N:9]([C:7]([O:6][C:3]([CH3:2])([CH3:4])[CH3:5])=[O:8])[CH2:15][CH2:14]2)[O:13]1,[C:1]=[O:3].C-S(-C)(=O)-[C:2]>>[C:1]1-[C:2]-[O:3]-1
30760,CC(C)c1cc(C(C)C)c(-c2ccccc2P(C2CCCCC2)C2CCCCC2)c(C(C)C)c1.CCCC[Sn](CCCC)(CCCC)[C:1]#[N:2].CCOC(C)=O.CN1CCCC1=O.Cl[c:3]1[c:4]2[c:5]([n:6][c:7]([CH:8]([CH3:9])[N:10]3[C:11](=[O:12])[c:13]4[cH:14][cH:15][cH:16][cH:17][c:18]4[C:19]3=[O:20])[c:21]1-[c:22]1[cH:23][cH:24][cH:25][cH:26][cH:27]1)[cH:28][cH:29][c:30]([F:31])[cH:32]2.O=C([O-])C(F)(F)F.O=C([O-])C(F)(F)F.[Pd+2]>>[C:1](#[N:2])[c:3]1[c:4]2[c:5]([n:6][c:7]([CH:8]([CH3:9])[N:10]3[C:11](=[O:12])[c:13]4[cH:14][cH:15][cH:16][cH:17][c:18]4[C:19]3=[O:20])[c:21]1-[c:22]1[cH:23][cH:24][cH:25][cH:26][cH:27]1)[cH:28][cH:29][c:30]([F:31])[cH:32]2,Cl-[c:2].C-C-C-C-[Sn](-C-C-C-C)(-C-C-C-C)-[C:1]#N>>N#[C:1]-[c:2]
31281,CC(C)=O.Cl[C:1](=[O:2])[c:3]1[cH:4][cH:5][c:6]([N+:7](=[O:8])[O-:9])[cH:10][cH:11]1.O.[CH3:12][O:13][C@H:14]1[C@H:15]([CH3:16])[O:17][C@@H:18]([OH:19])[CH2:20][C@H:21]1[NH:22][C:23](=[O:24])[C:25]([F:26])([F:27])[F:28].c1ccncc1>>[C:1](=[O:2])([c:3]1[cH:4][cH:5][c:6]([N+:7](=[O:8])[O-:9])[cH:10][cH:11]1)[O:19][CH:18]1[O:17][C@@H:15]([CH3:16])[C@H:14]([O:13][CH3:12])[C@H:21]([NH:22][C:23](=[O:24])[C:25]([F:26])([F:27])[F:28])[CH2:20]1,O-C-[O:1].Cl-[C:2]=O>>O-C-[O:1]-[C:2]=O
31393,Cl[CH2:1][C:2]12[CH2:3][CH2:4][CH2:5][N:6]1[CH2:7][CH2:8][CH2:9]2.[O:10]=[CH:11][NH:12][c:13]1[cH:14][cH:15][cH:16][c:17]2[cH:18][cH:19][cH:20][cH:21][c:22]12>>[CH2:1]([C:2]12[CH2:3][CH2:4][CH2:5][N:6]1[CH2:7][CH2:8][CH2:9]2)[N:12]([CH:11]=[O:10])[c:13]1[cH:14][cH:15][cH:16][c:17]2[cH:18][cH:19][cH:20][cH:21][c:22]12,[N:1].Cl-[C:2]>>[N:1]-[C:2]
31475,C1COCCOCCOCCOCCOCCO1.CC#N.Cl[CH2:1][c:2]1[n:3][c:4](-[c:5]2[cH:6][cH:7][cH:8][cH:9][cH:10]2)[n:11][o:12]1.[Na+].[O:13]=[S:14]([O-:15])[c:16]1[cH:17][cH:18][cH:19][cH:20][cH:21]1>>[CH2:1]([c:2]1[n:3][c:4](-[c:5]2[cH:6][cH:7][cH:8][cH:9][cH:10]2)[n:11][o:12]1)[S:14](=[O:13])(=[O:15])[c:16]1[cH:17][cH:18][cH:19][cH:20][cH:21]1,Cl-[C:1].[O:3]-[S:2]>>[C:1]-[S:2]=[O:3]
31561,CCCC[Sn](CCCC)(CCCC)[CH:1]=[CH2:2].CN(C)C=O.I[c:3]1[cH:4][n:5](-[c:6]2[c:7]([Cl:8])[cH:9][c:10]([C:11]([F:12])([F:13])[F:14])[cH:15][c:16]2[Cl:17])[n:18][c:19]1-[c:20]1[cH:21][cH:22][cH:23][cH:24][cH:25]1.c1ccc([PH](c2ccccc2)(c2ccccc2)[Pd]([PH](c2ccccc2)(c2ccccc2)c2ccccc2)([PH](c2ccccc2)(c2ccccc2)c2ccccc2)[PH](c2ccccc2)(c2ccccc2)c2ccccc2)cc1>>[CH:1](=[CH2:2])[c:3]1[cH:4][n:5](-[c:6]2[c:7]([Cl:8])[cH:9][c:10]([C:11]([F:12])([F:13])[F:14])[cH:15][c:16]2[Cl:17])[n:18][c:19]1-[c:20]1[cH:21][cH:22][cH:23][cH:24][cH:25]1,I-[c:2].C-C-C-C-[Sn](-C-C-C-C)(-C-C-C-C)-[C:1]=C>>C=[C:1]-[c:2]
31770,C=[CH:1][CH2:2][CH2:3][C:4](=[O:5])[NH:6][C@@H:7]([CH2:8][O:9][C:10](=[O:11])[C@@H:12]([CH2:13][CH:14]=C)[NH:15][C:16](=[O:17])[O:18][C:19]([CH3:20])([CH3:21])[CH3:22])[c:23]1[cH:24][cH:25][c:26]([F:27])[cH:28][cH:29]1.ClCCl>>[CH:1]1=[CH:14][CH2:13][C@@H:12]([NH:15][C:16](=[O:17])[O:18][C:19]([CH3:20])([CH3:21])[CH3:22])[C:10](=[O:11])[O:9][CH2:8][C@@H:7]([c:23]2[cH:24][cH:25][c:26]([F:27])[cH:28][cH:29]2)[NH:6][C:4](=[O:5])[CH2:3][CH2:2]1,C=[C:1].C=[C:2]>>[C:1]=[C:2]
32096,CC(C)(C)[O:1][C:2]([C@H:3]([CH2:4][CH2:5][CH3:6])[NH:7][C:8](=[O:9])[C@@H:10]1[CH2:11][C@@H:12]([O:13][c:14]2[cH:15][c:16](-[c:17]3[cH:18][cH:19][cH:20][cH:21][cH:22]3)[n:23][c:24]3[cH:25][c:26]([O:27][CH3:28])[cH:29][cH:30][c:31]23)[CH2:32][C@H:33]1[C:34](=[O:35])[NH:36][C@H:37]([C:38](=[O:39])[NH:40][C@H:41]([C:42](=[O:43])[O:44][CH3:45])[CH:46]1[CH2:47][CH2:48][CH2:49][CH2:50][CH2:51]1)[CH:52]([CH3:53])[CH3:54])=[O:55].CC[SiH](CC)CC.ClCCl.O=C(O)C(F)(F)F>>[OH:1][C:2]([C@H:3]([CH2:4][CH2:5][CH3:6])[NH:7][C:8](=[O:9])[C@@H:10]1[CH2:11][C@@H:12]([O:13][c:14]2[cH:15][c:16](-[c:17]3[cH:18][cH:19][cH:20][cH:21][cH:22]3)[n:23][c:24]3[cH:25][c:26]([O:27][CH3:28])[cH:29][cH:30][c:31]23)[CH2:32][C@H:33]1[C:34](=[O:35])[NH:36][C@H:37]([C:38](=[O:39])[NH:40][C@H:41]([C:42](=[O:43])[O:44][CH3:45])[CH:46]1[CH2:47][CH2:48][CH2:49][CH2:50][CH2:51]1)[CH:52]([CH3:53])[CH3:54])=[O:55],C-C(-C)(-C)-[O:1]-C=O>>O=C-[O:1]
32479,C1CCOC1.CN(C)c1cccc2cccc(N(C)C)c12.C[Sn](C)(C)[c:1]1[cH:2][cH:3][c:4]2[c:5]3[c:6]([nH:7][c:8]2[cH:9]1)[C:10](=[O:11])[NH:12][CH2:13][CH2:14]3.ClCCl.Cl[C:15]([c:16]1[cH:17][c:18]([S:19]([NH2:20])(=[O:21])=[O:22])[c:23]([Cl:24])[cH:25][cH:26]1)=[O:27]>>[c:1]1([C:15]([c:16]2[cH:17][c:18]([S:19]([NH2:20])(=[O:21])=[O:22])[c:23]([Cl:24])[cH:25][cH:26]2)=[O:27])[cH:2][cH:3][c:4]2[c:5]3[c:6]([nH:7][c:8]2[cH:9]1)[C:10](=[O:11])[NH:12][CH2:13][CH2:14]3,C-[Sn](-C)(-C)-[c:2].Cl-[C:1]=O>>O=[C:1]-[c:2]
32579,CCO[C:1](=[O:2])/[CH:3]=[CH:4]/[c:5]1[c:6]([NH:7][c:8]2[c:9]([F:10])[cH:11][cH:12][cH:13][c:14]2[F:15])[n:16][c:17]([S:18][CH3:19])[n:20][c:21]1-[c:22]1[cH:23][cH:24][c:25]([F:26])[cH:27][c:28]1[CH3:29].Cc1ccccc1>>[c:1]1(=[O:2])[cH:3][cH:4][c:5]2[c:6]([n:7]1-[c:8]1[c:9]([F:10])[cH:11][cH:12][cH:13][c:14]1[F:15])[n:16][c:17]([S:18][CH3:19])[n:20][c:21]2-[c:22]1[cH:23][cH:24][c:25]([F:26])[cH:27][c:28]1[CH3:29],C-C-O-[C:1](=O)/[C:2]=[C:3]/[c:4]:[c:5]-[N:6]>>O=[c:1]1:[c:2]:[c:3]:[c:4]:[c:5]:[n:6]:1
32766,C1COCCO1.CC(C)(C)OC(=O)[NH:1][C:2]1([c:3]2[cH:4][cH:5][c:6](-[c:7]3[c:8](-[c:9]4[cH:10][cH:11][c:12]([C:13]([CH3:14])=[O:15])[cH:16][cH:17]4)[n:18][c:19]4[n:20]3-[c:21]3[cH:22][cH:23][cH:24][n:25][c:26]3[NH:27][c:28]3[cH:29][cH:30][cH:31][cH:32][c:33]3-4)[cH:34][cH:35]2)[CH2:36][CH2:37][CH2:38]1.CO.[ClH:39]>>[ClH:39].[ClH:39].[ClH:39].[NH2:1][C:2]1([c:3]2[cH:4][cH:5][c:6](-[c:7]3[c:8](-[c:9]4[cH:10][cH:11][c:12]([C:13]([CH3:14])=[O:15])[cH:16][cH:17]4)[n:18][c:19]4[n:20]3-[c:21]3[cH:22][cH:23][cH:24][n:25][c:26]3[NH:27][c:28]3[cH:29][cH:30][cH:31][cH:32][c:33]3-4)[cH:34][cH:35]2)[CH2:36][CH2:37][CH2:38]1,C-C(-C)(-C)-O-C(=O)-[N:1]>>[N:1]
32880,C1CCOC1.O=[CH:1][c:2]1[c:3]2[n:4]([cH:5][n:6]1)-[c:7]1[cH:8][cH:9][cH:10][c:11]([Cl:12])[c:13]1[C:14](=[O:15])[N:16]([CH3:17])[CH2:18]2.[Cl-].[K].c1ccc([P+](c2ccccc2)(c2ccccc2)[CH2:19][C:20]([CH3:21])=[O:22])cc1>>[CH:1](\[c:2]1[c:3]2[n:4]([cH:5][n:6]1)-[c:7]1[cH:8][cH:9][cH:10][c:11]([Cl:12])[c:13]1[C:14](=[O:15])[N:16]([CH3:17])[CH2:18]2)=[CH:19]/[C:20]([CH3:21])=[O:22],O=[C:2].O=C-[C:1]-[P+](-c1:c:c:c:c:c:1)(-c1:c:c:c:c:c:1)-c1:c:c:c:c:c:1>>O=C/[C:1]=[C:2]
33353,Br[c:1]1[c:2]([CH3:3])[cH:4][cH:5][c:6]([S:7](=[O:8])(=[O:9])[NH:10][CH:11]([CH3:12])[CH3:13])[cH:14]1.CCCS(=O)(=O)c1cccc(C#Cc2cc(Cl)ccc2OCC(=O)OC(C)(C)C)c1.[CH:15]#[C:16][c:17]1[cH:18][c:19]([Cl:20])[cH:21][cH:22][c:23]1[O:24][CH2:25][C:26](=[O:27])[O:28][C:29]([CH3:30])([CH3:31])[CH3:32]>>[c:1]1([C:15]#[C:16][c:17]2[cH:18][c:19]([Cl:20])[cH:21][cH:22][c:23]2[O:24][CH2:25][C:26](=[O:27])[O:28][C:29]([CH3:30])([CH3:31])[CH3:32])[c:2]([CH3:3])[cH:4][cH:5][c:6]([S:7](=[O:8])(=[O:9])[NH:10][CH:11]([CH3:12])[CH3:13])[cH:14]1,Br-[c:2].C#[C:1]>>C#[C:1]-[c:2]
33378,F[C:1](=[O:2])[O:3][C:4]12[CH2:5][CH:6]3[CH2:7][CH:8]([CH2:9][CH:10]([CH2:11]3)[CH2:12]1)[CH2:13]2.O.O=C([O-])[O-].[CH3:14][CH:15]([CH3:16])[CH2:17][C@H:18]([NH2:19])[C:20](=[O:21])[OH:22].[K+].[K+]>>[C:1](=[O:2])([O:3][C:4]12[CH2:5][CH:6]3[CH2:7][CH:8]([CH2:9][CH:10]([CH2:11]3)[CH2:12]1)[CH2:13]2)[NH:19][C@@H:18]([CH2:17][CH:15]([CH3:14])[CH3:16])[C:20](=[O:21])[OH:22],[N:2].F-[C:1](-O)=O>>O-[C:1](=O)-[N:2]
33403,CCO.Cl[CH2:1][CH2:2][CH2:3][N:4]1[CH2:5][CH2:6][CH2:7][CH2:8][CH2:9]1.[CH3:10][CH:11]([CH3:12])[CH2:13][CH:14]([NH2:15])[CH:16]([OH:17])[c:18]1[cH:19][cH:20][cH:21][cH:22][cH:23]1.[ClH:24]>>[CH2:1]([CH2:2][CH2:3][N:4]1[CH2:5][CH2:6][CH2:7][CH2:8][CH2:9]1)[NH:15][CH:14]([CH2:13][CH:11]([CH3:10])[CH3:12])[CH:16]([OH:17])[c:18]1[cH:19][cH:20][cH:21][cH:22][cH:23]1.[ClH:24].[ClH:24],[N:1].Cl-[C:2]>>[N:1]-[C:2]
33513,C1CCOC1.CON(C)[C:1](=[O:2])[c:3]1[cH:4][n:5]([CH2:6][c:7]2[cH:8][cH:9][cH:10][c:11]([Br:12])[n:13]2)[c:14]2[cH:15][cH:16][cH:17][cH:18][c:19]2[c:20]1=[O:21].[Br-].[Mg+][c:22]1[cH:23][cH:24][c:25]([Cl:26])[cH:27][cH:28]1>>[C:1](=[O:2])([c:3]1[cH:4][n:5]([CH2:6][c:7]2[cH:8][cH:9][cH:10][c:11]([Br:12])[n:13]2)[c:14]2[cH:15][cH:16][cH:17][cH:18][c:19]2[c:20]1=[O:21])[c:22]1[cH:23][cH:24][c:25]([Cl:26])[cH:27][cH:28]1,[Mg+]-[c:2].C-O-N(-C)-[C:1]=O>>O=[C:1]-[c:2]
33734,CO.OO.[NH2:1][C:2](=[S:3])[c:4]1[s:5][c:6](-[c:7]2[cH:8][cH:9][cH:10][cH:11][cH:12]2)[n:13][c:14]1[NH2:15]>>[NH2:1][c:2]1[s:3][n:15][c:14]2[c:4]1[s:5][c:6](-[c:7]1[cH:8][cH:9][cH:10][cH:11][cH:12]1)[n:13]2,[N:1]-[c:5]:[c:4]-[C:3]=[S:2]>>[n:1]1:[s:2]:[c:3]:[c:4]:[c:5]:1
33921,O=C(Cn1nc(C(F)F)c2c1C(F)(F)CCC2(F)F)N[C@@H](Cc1cc(F)cc(F)c1)c1ncc(Br)cc1Br.O[C:1](=[O:2])[CH2:3][n:4]1[n:5][c:6]([C:7]2([OH:8])[CH2:9][CH2:10]2)[c:11]2[c:12]1[CH2:13][CH2:14][CH2:15][CH2:16]2.[CH3:17][n:18]1[n:19][c:20]([NH:21][S:22]([CH3:23])(=[O:24])=[O:25])[c:26]2[c:27]([Cl:28])[cH:29][cH:30][c:31](-[c:32]3[cH:33][cH:34][c:35]([C:36]#[C:37][C:38]([CH3:39])([CH3:40])[OH:41])[n:42][c:43]3[C@@H:44]([NH2:45])[CH2:46][c:47]3[cH:48][c:49]([F:50])[cH:51][c:52]([F:53])[cH:54]3)[c:55]12>>[C:1](=[O:2])([CH2:3][n:4]1[n:5][c:6]([C:7]2([OH:8])[CH2:9][CH2:10]2)[c:11]2[c:12]1[CH2:13][CH2:14][CH2:15][CH2:16]2)[NH:45][C@H:44]([c:43]1[c:32](-[c:31]2[cH:30][cH:29][c:27]([Cl:28])[c:26]3[c:20]([NH:21][S:22]([CH3:23])(=[O:24])=[O:25])[n:19][n:18]([CH3:17])[c:55]32)[cH:33][cH:34][c:35]([C:36]#[C:37][C:38]([CH3:39])([CH3:40])[OH:41])[n:42]1)[CH2:46][c:47]1[cH:48][c:49]([F:50])[cH:51][c:52]([F:53])[cH:54]1,[N:2].O-[C:1]=O>>O=[C:1]-[N:2]
33994,ClCCl.O=C(O[OH:1])c1ccccc1Cl.[CH3:2][CH2:3][CH2:4][c:5]1[c:6]([O:7][CH2:8][CH2:9][CH2:10][S:11][CH2:12][CH:13]2[CH2:14][O:15][C:16]([CH2:17][CH2:18][C:19](=[O:20])[OH:21])([CH2:22][CH2:23][C:24](=[O:25])[OH:26])[S:27]2)[cH:28][cH:29][c:30]([C:31]([CH3:32])=[O:33])[c:34]1[OH:35]>>[O:1]=[S:11]([CH2:10][CH2:9][CH2:8][O:7][c:6]1[c:5]([CH2:4][CH2:3][CH3:2])[c:34]([OH:35])[c:30]([C:31]([CH3:32])=[O:33])[cH:29][cH:28]1)[CH2:12][CH:13]1[CH2:14][O:15][C:16]([CH2:17][CH2:18][C:19](=[O:20])[OH:21])([CH2:22][CH2:23][C:24](=[O:25])[OH:26])[S:27]1,[S:1].Cl-c1:c:c:c:c:c:1-C(=O)-O-[O:2]>>[S:1]=[O:2]
34568,C1CCOC1.C1COCCOCCOCCOCCOCCO1.C[Si](C)(C)[N-][Si](C)(C)C.O=P(OCC(F)(F)F)(OCC(F)(F)F)[CH2:1][C:2]([O:3][CH3:4])=[O:5].O=[CH:6][c:7]1[cH:8][c:9]([Cl:10])[cH:11][c:12]([Br:13])[c:14]1[OH:15].[K+]>>[CH:1](\[C:2]([O:3][CH3:4])=[O:5])=[CH:6]/[c:7]1[cH:8][c:9]([Cl:10])[cH:11][c:12]([Br:13])[c:14]1[OH:15],O=[C:2].F-C(-F)(-F)-C-O-P(=O)(-O-C-C(-F)(-F)-F)-[C:1]-C=O>>O=C/[C:1]=[C:2]
34988,COc1ccc(C)cc1C(=O)N[C@H]1CCC[C@@H]1Nc1cnc(C(F)(F)F)cn1.Cl.O[C:1](=[O:2])[c:3]1[cH:4][c:5]([Cl:6])[cH:7][cH:8][c:9]1-[n:10]1[cH:11][cH:12][n:13][n:14]1.[NH2:15][C@H:16]1[CH2:17][CH2:18][CH2:19][C@@H:20]1[NH:21][c:22]1[cH:23][n:24][c:25]([C:26]([F:27])([F:28])[F:29])[cH:30][n:31]1>>[C:1](=[O:2])([c:3]1[cH:4][c:5]([Cl:6])[cH:7][cH:8][c:9]1-[n:10]1[cH:11][cH:12][n:13][n:14]1)[NH:15][C@H:16]1[CH2:17][CH2:18][CH2:19][C@@H:20]1[NH:21][c:22]1[cH:23][n:24][c:25]([C:26]([F:27])([F:28])[F:29])[cH:30][n:31]1,[N:2].O-[C:1]=O>>O=[C:1]-[N:2]
35177,CC[O:1][P:2]([O:3][CH2:4][CH3:5])[O:6][CH2:7][CH3:8].ClC(Cl)Cl.Cl[CH2:9][c:10]1[cH:11][c:12]([CH3:13])[n:14][o:15]1>>[O:1]=[P:2]([O:3][CH2:4][CH3:5])([O:6][CH2:7][CH3:8])[CH2:9][c:10]1[cH:11][c:12]([CH3:13])[n:14][o:15]1,Cl-[C:1].C-C-[O:3]-[P:2]>>[C:1]-[P:2]=[O:3]
35257,CC(C)C[C@H]1CN(C(=O)/C=C/c2ccccc2)[C@@H](CC(C)C)C(=O)N1.O[C:1]([CH:2]=[CH:3][c:4]1[cH:5][cH:6][c:7]([CH3:8])[cH:9][cH:10]1)=[O:11].[CH3:12][CH:13]([CH3:14])[CH2:15][C@H:16]1[CH2:17][NH:18][C@@H:19]([CH2:20][CH:21]([CH3:22])[CH3:23])[C:24](=[O:25])[NH:26]1>>[C:1]([CH:2]=[CH:3][c:4]1[cH:5][cH:6][c:7]([CH3:8])[cH:9][cH:10]1)(=[O:11])[N:18]1[CH2:17][C@H:16]([CH2:15][CH:13]([CH3:12])[CH3:14])[NH:26][C:24](=[O:25])[C@@H:19]1[CH2:20][CH:21]([CH3:22])[CH3:23],[N:2].O-[C:1]=O>>O=[C:1]-[N:2]
36058,C1CO[C:1]([CH:2]([CH2:3][CH:4]([CH3:5])[CH3:6])[C:7](=[O:8])[NH:9][c:10]2[cH:11][cH:12][c:13]([CH:14]([CH3:15])[CH3:16])[cH:17][cH:18]2)([CH3:19])O1.CC(C)=O.Cc1ccc(S(=O)(=O)O)cc1.[OH2:20]>>[C:1]([CH:2]([CH2:3][CH:4]([CH3:5])[CH3:6])[C:7](=[O:8])[NH:9][c:10]1[cH:11][cH:12][c:13]([CH:14]([CH3:15])[CH3:16])[cH:17][cH:18]1)([CH3:19])=[O:20],[O:1].C1-C-O-[C:2]-O-1>>[O:1]=[C:2]
36079,CC#N.COC(=O)[CH:1]([C:2](=[O:3])[c:4]1[s:5][c:6]([CH3:7])[c:8]([O:9][CH3:10])[c:11]1[F:12])[C:13](=[O:14])[CH:15]1[CH2:16][CH2:17]1.Cl.O>>[CH2:1]([C:2](=[O:3])[c:4]1[s:5][c:6]([CH3:7])[c:8]([O:9][CH3:10])[c:11]1[F:12])[C:13](=[O:14])[CH:15]1[CH2:16][CH2:17]1,C-O-C(=O)-[C:1](-C=O)-C=O>>O=C-[C:1]-C=O
36222,CC1(C)OB([CH2:1][c:2]2[cH:3][cH:4][c:5]([CH2:6][C:7]([O:8][CH3:9])=[O:10])[cH:11][cH:12]2)OC1(C)C.O=S(=O)(O[c:13]1[n:14][c:15](-[c:16]2[cH:17][cH:18][cH:19][c:20]([Cl:21])[cH:22]2)[n:23][c:24]2[c:25]1[S:26](=[O:27])(=[O:28])[CH2:29][CH2:30][CH2:31]2)C(F)(F)F>>[CH2:1]([c:2]1[cH:3][cH:4][c:5]([CH2:6][C:7]([O:8][CH3:9])=[O:10])[cH:11][cH:12]1)[c:13]1[n:14][c:15](-[c:16]2[cH:17][cH:18][cH:19][c:20]([Cl:21])[cH:22]2)[n:23][c:24]2[c:25]1[S:26](=[O:27])(=[O:28])[CH2:29][CH2:30][CH2:31]2,C-C1(-C)-O-B(-[C:2]-c)-O-C-1(-C)-C.F-C(-F)(-F)-S(=O)(=O)-O-[c:1]>>[c:1]-[C:2]-c
36246,CS(N)(=O)=O.O=C(O)c1cc(C2CC2)c(OCC2(F)CCN(Cc3cc(C(F)(F)F)cc(Cl)c3F)CC2)cc1F.O[C:1]([c:2]1[c:3]([F:4])[cH:5][c:6]([O:7][CH2:8][CH:9]2[CH2:10][CH2:11][N:12]([CH2:13][c:14]3[c:15]([NH:16][CH:17]([CH3:18])[CH3:19])[cH:20][cH:21][c:22]([F:23])[cH:24]3)[CH2:25][CH2:26]2)[c:27]([CH:28]2[CH2:29][CH2:30]2)[cH:31]1)=[O:32].[NH2:33][S:34](=[O:35])(=[O:36])[CH:37]1[CH2:38][CH2:39]1>>[C:1]([c:2]1[c:3]([F:4])[cH:5][c:6]([O:7][CH2:8][CH:9]2[CH2:10][CH2:11][N:12]([CH2:13][c:14]3[c:15]([NH:16][CH:17]([CH3:18])[CH3:19])[cH:20][cH:21][c:22]([F:23])[cH:24]3)[CH2:25][CH2:26]2)[c:27]([CH:28]2[CH2:29][CH2:30]2)[cH:31]1)(=[O:32])[NH:33][S:34](=[O:35])(=[O:36])[CH:37]1[CH2:38][CH2:39]1,[N:2].O-[C:1]=O>>O=[C:1]-[N:2]
36481,C1CCC([O:1][NH:2][C:3](=[O:4])/[CH:5]=[CH:6]/[c:7]2[cH:8][n:9][c:10]([NH:11][C@@H:12]3[CH2:13][CH2:14][N:15]([CH2:16][c:17]4[cH:18][cH:19][cH:20][cH:21][c:22]4[F:23])[CH2:24]3)[cH:25][n:26]2)OC1.CCO.CCOC(C)=O.[ClH:27]>>[ClH:27].[ClH:27].[OH:1][NH:2][C:3](=[O:4])/[CH:5]=[CH:6]/[c:7]1[cH:8][n:9][c:10]([NH:11][C@@H:12]2[CH2:13][CH2:14][N:15]([CH2:16][c:17]3[cH:18][cH:19][cH:20][cH:21][c:22]3[F:23])[CH2:24]2)[cH:25][n:26]1,[O:1]-C1-C-C-C-C-O-1>>[O:1]
36776,CCOP(=O)(OCC)[CH2:1][C:2]#[N:3].CN(C)C=O.O.O=[CH:4][c:5]1[c:6]([O:7][CH2:8][c:9]2[cH:10][c:11]([O:12][CH3:13])[c:14]([O:15][CH2:16][c:17]3[n:18][c:19](-[c:20]4[cH:21][cH:22][cH:23][o:24]4)[o:25][c:26]3[CH3:27])[cH:28][cH:29]2)[n:30][n:31](-[c:32]2[cH:33][cH:34][cH:35][cH:36][cH:37]2)[cH:38]1.[H-].[Na+]>>[CH:1](\[C:2]#[N:3])=[CH:4]/[c:5]1[c:6]([O:7][CH2:8][c:9]2[cH:10][c:11]([O:12][CH3:13])[c:14]([O:15][CH2:16][c:17]3[n:18][c:19](-[c:20]4[cH:21][cH:22][cH:23][o:24]4)[o:25][c:26]3[CH3:27])[cH:28][cH:29]2)[n:30][n:31](-[c:32]2[cH:33][cH:34][cH:35][cH:36][cH:37]2)[cH:38]1,O=[C:2].C-C-O-P(=O)(-O-C-C)-[C:1]-C#N>>N#C/[C:1]=[C:2]
37123,N[NH:1][c:2]1[cH:3][cH:4][cH:5][cH:6][cH:7]1.O=[C:8]([CH2:9][CH2:10][CH2:11][CH2:12][N:13]1[CH2:14][CH2:15][CH:16]([c:17]2[cH:18][cH:19][cH:20][c:21]([NH:22][C:23]([CH:24]([CH3:25])[CH3:26])=[O:27])[cH:28]2)[CH2:29][CH2:30]1)[c:31]1[cH:32][cH:33][c:34]([Br:35])[cH:36][cH:37]1>>[nH:1]1[c:2]2[c:3]([cH:4][cH:5][cH:6][cH:7]2)[c:9]([CH2:10][CH2:11][CH2:12][N:13]2[CH2:14][CH2:15][CH:16]([c:17]3[cH:18][cH:19][cH:20][c:21]([NH:22][C:23]([CH:24]([CH3:25])[CH3:26])=[O:27])[cH:28]3)[CH2:29][CH2:30]2)[c:8]1-[c:31]1[cH:32][cH:33][c:34]([Br:35])[cH:36][cH:37]1,O=[C:2]-[C:3].N-[N:1]-[c:5]:[c:4]>>[n:1]1:[c:2]:[c:3]:[c:4]:[c:5]:1
37428,Cl[C:1]([c:2]1[cH:3][cH:4][c:5]([O:6][CH2:7][CH3:8])[cH:9][cH:10]1)=[O:11].[C-]#N.[Cu][C:12]#[N:13].[K+]>>[C:1]([c:2]1[cH:3][cH:4][c:5]([O:6][CH2:7][CH3:8])[cH:9][cH:10]1)(=[O:11])[C:12]#[N:13],Cl-[C:2]=O.N#[C:1]-[Cu]>>N#[C:1]-[C:2]=O
37528,Br[C:1]1=[C:2]([Br:3])[C:4](=[O:5])[O:6][CH2:7]1.CN(C)C=O.O=C([O-])[O-].[CH2:8]1[CH2:9][O:10][CH2:11][CH2:12][NH:13]1.[Cs+].[Cs+]>>[C:1]1([N:13]2[CH2:8][CH2:9][O:10][CH2:11][CH2:12]2)=[C:2]([Br:3])[C:4](=[O:5])[O:6][CH2:7]1,[N:2].Br-[C:1]=C>>C=[C:1]-[N:2]
37695,CC#N.CC(=O)O.CC(=O)O.CCOC(C)=O.Ic1ccccc1.O.O=C([c:1]1[n:2][cH:3][cH:4][c:5]([O:6][c:7]2[cH:8][cH:9][c:10]([NH:11][C:12]([c:13]3[c:14]([CH3:15])[n:16]([CH3:17])[n:18](-[c:19]4[cH:20][cH:21][cH:22][cH:23][cH:24]4)[c:25]3=[O:26])=[O:27])[cH:28][c:29]2[Cl:30])[cH:31]1)[NH2:32]>>[c:1]1([NH2:32])[n:2][cH:3][cH:4][c:5]([O:6][c:7]2[cH:8][cH:9][c:10]([NH:11][C:12]([c:13]3[c:14]([CH3:15])[n:16]([CH3:17])[n:18](-[c:19]4[cH:20][cH:21][cH:22][cH:23][cH:24]4)[c:25]3=[O:26])=[O:27])[cH:28][c:29]2[Cl:30])[cH:31]1,O=C(-[N:1])-[c:2]>>[N:1]-[c:2]
37749,COC(=O)CCc1ncc(-c2ccc(NC(=O)Nc3cccc(C(F)(F)F)c3)cc2)s1.[CH3:1][O:2][C:3](=[O:4])[CH:5]1[CH2:6][CH2:7][CH:8]([c:9]2[n:10][cH:11][c:12](-[c:13]3[cH:14][cH:15][c:16]([NH2:17])[cH:18][cH:19]3)[s:20]2)[CH2:21][CH2:22]1.[O:23]=[C:24]=[N:25][c:26]1[cH:27][cH:28][cH:29][c:30]([Cl:31])[c:32]1[F:33]>>[CH3:1][O:2][C:3](=[O:4])[CH:5]1[CH2:6][CH2:7][CH:8]([c:9]2[n:10][cH:11][c:12](-[c:13]3[cH:14][cH:15][c:16]([NH:17][C:24](=[O:23])[NH:25][c:26]4[cH:27][cH:28][cH:29][c:30]([Cl:31])[c:32]4[F:33])[cH:18][cH:19]3)[s:20]2)[CH2:21][CH2:22]1,[N:2].O=[C:1]=[N:3]>>O=[C:1](-[N:2])-[N:3]
38490,Br[C:1]12[CH2:2][CH:3]3[CH2:4][CH:5]([CH2:6][CH:7]([CH2:8]3)[CH2:9]1)[CH2:10]2.Cl[Fe](Cl)Cl.[cH:11]1[cH:12][cH:13][cH:14][cH:15][cH:16]1>>[C:1]12([c:11]3[cH:12][cH:13][cH:14][cH:15][cH:16]3)[CH2:2][CH:3]3[CH2:4][CH:5]([CH2:6][CH:7]([CH2:8]3)[CH2:9]1)[CH2:10]2,[c:1].Br-[C:2]>>[c:1]-[C:2]
38597,C1CCOC1.CCCC[N+](CCCC)(CCCC)CCCC.CC[Si](CC)(CC)[O:1][C:2]([c:3]1[cH:4][cH:5][c:6]([N:7]([CH2:8][CH3:9])[CH2:10][CH:11]([OH:12])[c:13]2[cH:14][cH:15][cH:16][cH:17][cH:18]2)[cH:19][cH:20]1)([C:21]([F:22])([F:23])[F:24])[C:25]([F:26])([F:27])[F:28].[F-]>>[OH:1][C:2]([c:3]1[cH:4][cH:5][c:6]([N:7]([CH2:8][CH3:9])[CH2:10][CH:11]([OH:12])[c:13]2[cH:14][cH:15][cH:16][cH:17][cH:18]2)[cH:19][cH:20]1)([C:21]([F:22])([F:23])[F:24])[C:25]([F:26])([F:27])[F:28],C-C-[Si](-C-C)(-C-C)-[O:1]-C-c>>[O:1]-C-c
39063,CCCCCCC.C[O:1][P:2]([O:3][CH3:4])[O:5][CH3:6].Cl[CH2:7][c:8]1[c:9]([CH3:10])[cH:11][c:12]([C:13]([CH3:14])([CH3:15])[CH3:16])[c:17]([OH:18])[c:19]1[CH3:20]>>[O:1]=[P:2]([O:3][CH3:4])([O:5][CH3:6])[CH2:7][c:8]1[c:9]([CH3:10])[cH:11][c:12]([C:13]([CH3:14])([CH3:15])[CH3:16])[c:17]([OH:18])[c:19]1[CH3:20],Cl-[C:1].C-[O:3]-[P:2]>>[C:1]-[P:2]=[O:3]
39091,CN(C)C=O.I[c:1]1[cH:2][c:3]2[cH:4][cH:5][cH:6][c:7]([N+:8](=[O:9])[O-:10])[c:11]2[n:12][cH:13]1.[Na+].[O:14]=[S:15]([O-:16])[c:17]1[cH:18][cH:19][cH:20][cH:21][cH:22]1.c1ccccc1>>[c:1]1([S:15](=[O:14])(=[O:16])[c:17]2[cH:18][cH:19][cH:20][cH:21][cH:22]2)[cH:2][c:3]2[cH:4][cH:5][cH:6][c:7]([N+:8](=[O:9])[O-:10])[c:11]2[n:12][cH:13]1,I-[c:1].[O:3]-[S:2]>>[c:1]-[S:2]=[O:3]
39378,COc1ccc(S(C)(=O)=O)cc1NC(=S)Nc1cccc2c1cnn2C.[CH3:16][CH2:17][CH2:18][n:19]1[n:20][cH:21][c:22]2[c:23]([NH2:24])[cH:25][cH:26][cH:27][c:28]12.[CH3:1][O:2][c:3]1[cH:4][cH:5][c:6]([S:7]([CH3:8])(=[O:9])=[O:10])[cH:11][c:12]1[N:13]=[C:14]=[S:15]>>[CH3:1][O:2][c:3]1[cH:4][cH:5][c:6]([S:7]([CH3:8])(=[O:9])=[O:10])[cH:11][c:12]1[NH:13][C:14](=[S:15])[NH:24][c:23]1[c:22]2[cH:21][n:20][n:19]([CH2:18][CH2:17][CH3:16])[c:28]2[cH:27][cH:26][cH:25]1,[N:1].[C:2]=[N:3]>>[N:1]-[C:2]-[N:3]
39589,CN(C)C=O.ClCCl.Cl[Pd]Cl.I[c:1]1[c:2]([NH2:3])[n:4][cH:5][c:6]([C:7]([C:8]([O:9][CH3:10])=[O:11])([CH3:12])[CH3:13])[cH:14]1.O=C([O-])[O-].[CH3:15][CH2:16][Si:17]([C:18]#[C:19][C@H:20]([CH3:21])[CH2:22][O:23][CH2:24][c:25]1[cH:26][cH:27][cH:28][cH:29][cH:30]1)([CH2:31][CH3:32])[CH2:33][CH3:34].[Fe+2].[Na+].[Na+].c1ccc(P(c2ccccc2)[c-]2cccc2)cc1.c1ccc(P(c2ccccc2)[c-]2cccc2)cc1>>[c:1]12[c:2]([nH:3][c:18]([Si:17]([CH2:16][CH3:15])([CH2:31][CH3:32])[CH2:33][CH3:34])[c:19]1[C@H:20]([CH3:21])[CH2:22][O:23][CH2:24][c:25]1[cH:26][cH:27][cH:28][cH:29][cH:30]1)[n:4][cH:5][c:6]([C:7]([C:8]([O:9][CH3:10])=[O:11])([CH3:12])[CH3:13])[cH:14]2,[C:1]#[C:2].I-[c:3]:[c:4]-[N:5]>>[c:1]1:[c:2]:[c:3]:[c:4]:[n:5]:1
40086,[OH2:2].C1CO[C:1]2(O1)[CH2:3][C@@H:4]([CH3:5])[C@@H:6]([N:7]1[CH2:8][CH2:9][CH:10]([CH2:11][c:12]3[cH:13][cH:14][c:15]([Cl:16])[cH:17][c:18]3[Cl:19])[C:20]1=[O:21])[CH2:22][CH2:23]2.CC(C)=O.Cc1ccc(S(=O)(=O)O)cc1>>[C:1]1(=[O:2])[CH2:3][C@H:4]([CH3:5])[C@H:6]([N:7]2[CH2:8][CH2:9][CH:10]([CH2:11][c:12]3[cH:13][cH:14][c:15]([Cl:16])[cH:17][c:18]3[Cl:19])[C:20]2=[O:21])[CH2:22][CH2:23]1,[O:1].C1-C-O-[C:2]-O-1>>[O:1]=[C:2]
40205,CC[SiH](CC)CC.O=C(O)C(F)(F)F.[CH3:1][c:2]1[cH:3][cH:4][c:5]2[nH:6][cH:7][c:8](-[c:9]3[cH:10][cH:11][c:12]([F:13])[cH:14][cH:15]3)[c:16]2[cH:17]1>>[CH3:1][c:2]1[cH:3][cH:4][c:5]2[c:16]([cH:17]1)[CH:8]([c:9]1[cH:10][cH:11][c:12]([F:13])[cH:14][cH:15]1)[CH2:7][NH:6]2,[c:2]1:[c:1]:[n:5]:[c:4]:[c:3]:1>>[C:1]1-[C:2]-[c:3]:[c:4]-[N:5]-1
40212,CO.O=[N+:1]([O-])[c:2]1[cH:3][cH:4][c:5]([NH:6][CH2:7][CH2:8][CH2:9][CH2:10][CH2:11][C:12]([O:13][CH3:14])=[O:15])[cH:16][c:17]1[CH3:18].[ClH:19]>>[ClH:19].[ClH:19].[NH2:1][c:2]1[cH:3][cH:4][c:5]([NH:6][CH2:7][CH2:8][CH2:9][CH2:10][CH2:11][C:12]([O:13][CH3:14])=[O:15])[cH:16][c:17]1[CH3:18],O=[N:1]-[O-]>>[N:1]
40392,CC1(C)OB([c:1]2[cH:2][cH:3][c:4]3[c:5]([cH:6]2)[CH2:7][NH:8][C:9](=[O:10])[NH:11]3)OC1(C)C.Cl[C:12]1=[N:13][N:14]([c:15]2[n:16][c:17]([CH3:18])[c:19]([C:20]#[N:21])[cH:22][cH:23]2)[C@@H:24]([CH:25]2[CH2:26][CH2:27][CH2:28][CH2:29]2)[CH2:30]1>>[c:1]1([C:12]2=[N:13][N:14]([c:15]3[n:16][c:17]([CH3:18])[c:19]([C:20]#[N:21])[cH:22][cH:23]3)[C@@H:24]([CH:25]3[CH2:26][CH2:27][CH2:28][CH2:29]3)[CH2:30]2)[cH:2][cH:3][c:4]2[c:5]([cH:6]1)[CH2:7][NH:8][C:9](=[O:10])[NH:11]2,Cl-[C:1]=N.C-C1(-C)-O-B(-[c:2])-O-C-1(-C)-C>>N=[C:1]-[c:2]
41003,B.C1CCOC1.C1CCOC1.Cl.N#N.[cH:1]1[cH:2][cH:3][c:4]([CH2:5][N:6]2[CH2:7][CH2:8][c:9]3[nH:10][c:11]4[cH:12][cH:13][cH:14][cH:15][c:16]4[c:17]3[CH2:18]2)[cH:19][cH:20]1>>[cH:1]1[cH:2][cH:3][c:4]([CH2:5][N:6]2[CH2:7][CH2:8][C@H:9]3[NH:10][c:11]4[cH:12][cH:13][cH:14][cH:15][c:16]4[C@@H:17]3[CH2:18]2)[cH:19][cH:20]1,[c:4]1:[c:5]:[c:1]:[c:2]:[n:3]:1>>[C:1]1-[C:2]-[N:3]-[c:4]:[c:5]-1
41044,CCO.O=C[O-].[CH3:1][C@@H:2]([CH2:3][O:4][c:5]1[cH:6][cH:7][c:8]([CH:9]2[CH2:10][CH2:11][N:12]([c:13]3[cH:14][cH:15][c:16]4[n:17][n:18][c:19]([C:20]([F:21])([F:22])[F:23])[n:24]4[n:25]3)[CH2:26][CH2:27]2)[cH:28][cH:29]1)[N:30]1[CH2:31][CH2:32][N:33]([CH3:34])[C:35](=[O:36])[CH2:37]1.[NH4+].[Pd]>>[CH3:1][C@@H:2]([CH2:3][O:4][c:5]1[cH:6][cH:7][c:8]([CH:9]2[CH2:10][CH2:11][N:12]([C:13]3=[N:25][n:24]4[c:16]([n:17][n:18][c:19]4[C:20]([F:21])([F:22])[F:23])[CH2:15][CH2:14]3)[CH2:26][CH2:27]2)[cH:28][cH:29]1)[N:30]1[CH2:31][CH2:32][N:33]([CH3:34])[C:35](=[O:36])[CH2:37]1,[c:6]1:[c:1]:[c:2]:[c:3]:[n:4]:[n:5]:1>>[C:1]1-[C:2]-[c:3]:[n:4]-[N:5]=[C:6]-1
41057,CCO.CN(C)c1ccncc1.O=C(O[C:2](=[O:1])[CH:3]([F:4])[F:5])C(F)F.[OH:6][CH2:7][CH2:8][N:9]1[CH2:10][CH2:11][NH:12][CH2:13][CH2:14]1>>[O:1]=[C:2]([CH:3]([F:4])[F:5])[N:12]1[CH2:11][CH2:10][N:9]([CH2:8][CH2:7][OH:6])[CH2:14][CH2:13]1,[N:2].F-C(-F)-C(=O)-O-[C:1]=O>>O=[C:1]-[N:2]
41116,CCO.COCCOC.[NH2:1][CH2:2][CH2:3][c:4]1[cH:5][cH:6][cH:7][cH:8][cH:9]1.c1ccc(CO[C:10]([CH:11]([C:12]([CH3:13])=[O:14])[CH:15]2[CH2:16][CH2:17]2)=[O:18])cc1>>[NH:1]([CH2:2][CH2:3][c:4]1[cH:5][cH:6][cH:7][cH:8][cH:9]1)[C:10]([CH:11]([C:12]([CH3:13])=[O:14])[CH:15]1[CH2:16][CH2:17]1)=[O:18],[N:2].O=[C:1]-O-C-c1:c:c:c:c:c:1>>O=[C:1]-[N:2]
41229,C1COCCO1.CS(=O)(=O)O[CH2:1][CH2:2][CH2:3][CH2:4][CH2:5][CH2:6][CH2:7][CH2:8]/[CH:9]=[CH:10]\[CH2:11]/[CH:12]=[CH:13]\[CH2:14][CH2:15][CH2:16][CH2:17][CH3:18].[Na+].[OH-].[OH:19][CH2:20][CH2:21][OH:22]>>[CH2:1]([CH2:2][CH2:3][CH2:4][CH2:5][CH2:6][CH2:7][CH2:8]/[CH:9]=[CH:10]\[CH2:11]/[CH:12]=[CH:13]\[CH2:14][CH2:15][CH2:16][CH2:17][CH3:18])[O:19][CH2:20][CH2:21][OH:22],[O:1].C-S(=O)(=O)-O-[C:2]>>[O:1]-[C:2]
41418,[OH2:1].CO[CH:2](OC)[c:3]1[cH:4][cH:5][n:6][c:7]([S:8][CH3:9])[n:10]1.Cl.O=C([O-])O.[Na+]>>[O:1]=[CH:2][c:3]1[cH:4][cH:5][n:6][c:7]([S:8][CH3:9])[n:10]1,[O:1].C-O-[C:2](-c)-O-C>>[O:1]=[C:2]-c
42032,C1CCOC1.CO.CO[C:2](=[O:3])[c:4]1[cH:5][cH:6][c:7]2[cH:8][c:9](-[c:10]3[n:11][c:12]([NH:13][CH2:14][CH2:15][CH2:16][N:17]4[CH2:18][CH2:19][N:20]([CH3:21])[CH2:22][CH2:23]4)[n:24][cH:25][c:26]3[Cl:27])[s:28][c:29]2[cH:30]1.[OH:1].[ClH:31].[Li+].[OH-]>>[ClH:31].[ClH:31].[ClH:31].[OH:1][C:2](=[O:3])[c:4]1[cH:5][cH:6][c:7]2[cH:8][c:9](-[c:10]3[n:11][c:12]([NH:13][CH2:14][CH2:15][CH2:16][N:17]4[CH2:18][CH2:19][N:20]([CH3:21])[CH2:22][CH2:23]4)[n:24][cH:25][c:26]3[Cl:27])[s:28][c:29]2[cH:30]1,[O:2].C-O-[C:1]=O>>O=[C:1]-[O:2]
42665,F[c:1]1[cH:2][cH:3][c:4]2[nH:5][cH:6][c:7]3[c:8](=[O:9])[n:10](-[c:11]4[cH:12][cH:13][cH:14][cH:15][cH:16]4)[n:17][c:18]-3[c:19]2[n:20]1.O=c1c2c[nH]c3ccc(N4CCNCC4)nc3c-2nn1-c1ccccc1.[OH:21][CH:22]1[CH2:23][CH2:24][NH:25][CH2:26][CH2:27]1>>[c:1]1([N:25]2[CH2:24][CH2:23][CH:22]([OH:21])[CH2:27][CH2:26]2)[cH:2][cH:3][c:4]2[nH:5][cH:6][c:7]3[c:8](=[O:9])[n:10](-[c:11]4[cH:12][cH:13][cH:14][cH:15][cH:16]4)[n:17][c:18]-3[c:19]2[n:20]1,[N:1].F-[c:2]>>[N:1]-[c:2]
42877,CCCc1ccc(CC(NC(=O)c2ccc(OCCC3CC3)cc2)C(=O)NCCO)cc1.[O:1]=[C:2]([NH:3][CH2:4][CH2:5][OH:6])/[C:7](=[CH:8]/[c:9]1[cH:10][cH:11][c:12]([C:13]([F:14])([F:15])[F:16])[cH:17][cH:18]1)[NH:19][C:20](=[O:21])[c:22]1[cH:23][cH:24][c:25]([O:26][CH2:27][CH2:28][CH:29]2[CH2:30][CH2:31]2)[cH:32][cH:33]1>>[O:1]=[C:2]([NH:3][CH2:4][CH2:5][OH:6])[CH:7]([CH2:8][c:9]1[cH:10][cH:11][c:12]([C:13]([F:14])([F:15])[F:16])[cH:17][cH:18]1)[NH:19][C:20](=[O:21])[c:22]1[cH:23][cH:24][c:25]([O:26][CH2:27][CH2:28][CH:29]2[CH2:30][CH2:31]2)[cH:32][cH:33]1,[C:1]=[C:2]>>[C:1]-[C:2]
42937,NCCO.O[C:1]([CH2:2][C:3](=[CH2:4])[C:5](=[O:6])[OH:7])=[O:8].[CH3:9][CH2:10][CH2:11][CH2:12][CH2:13][CH2:14][CH2:15][CH2:16]/[CH:17]=[CH:18]\[CH2:19][CH2:20][CH2:21][CH2:22][CH2:23][CH2:24][CH2:25][CH2:26][NH2:27]>>[C:1]1(=[O:8])[CH2:2][CH:3]([C:5](=[O:6])[OH:7])[CH2:4][N:27]1[CH2:26][CH2:25][CH2:24][CH2:23][CH2:22][CH2:21][CH2:20][CH2:19]/[CH:18]=[CH:17]\[CH2:16][CH2:15][CH2:14][CH2:13][CH2:12][CH2:11][CH2:10][CH3:9],[N:2].O-[C:1]=O.[C:3]=[C:4]>>O=[C:1]-[N:2]-[C:3]-[C:4]
43597,C1COCCO1.CB1OB(C)OB([CH3:1])O1.CCOC(C)=O.I[c:2]1[c:3]2[cH:4][c:5]([N:6]([CH2:7][C:8]([NH:9][CH2:10][CH2:11][N:12]([CH2:13][CH3:14])[C:15](=[O:16])[O:17][C:18]([CH3:19])([CH3:20])[CH3:21])=[O:22])[CH2:23][C:24](=[O:25])[N:26]([CH3:27])[N:28]3[CH2:29][c:30]4[cH:31][cH:32][cH:33][cH:34][c:35]4[CH2:36]3)[c:37]([CH3:38])[cH:39][c:40]2[n:41]([CH3:42])[n:43]1.O=P([O-])([O-])[O-].[K+].[K+].[K+]>>[CH3:1][c:2]1[c:3]2[cH:4][c:5]([N:6]([CH2:7][C:8]([NH:9][CH2:10][CH2:11][N:12]([CH2:13][CH3:14])[C:15](=[O:16])[O:17][C:18]([CH3:19])([CH3:20])[CH3:21])=[O:22])[CH2:23][C:24](=[O:25])[N:26]([CH3:27])[N:28]3[CH2:29][c:30]4[cH:31][cH:32][cH:33][cH:34][c:35]4[CH2:36]3)[c:37]([CH3:38])[cH:39][c:40]2[n:41]([CH3:42])[n:43]1,I-[c:1].C-B1-O-B(-C)-O-B(-[C:2])-O-1>>[c:1]-[C:2]
43652,Br[CH:1]=[C:2]([CH3:3])[c:4]1[cH:5][cH:6][c:7]([F:8])[c:9]([F:10])[cH:11]1.CN(C)C=O.O=C(O)[C@@H]1CCCN1.O=P([O-])([O-])[O-].[CH3:12][c:13]1[cH:14][cH:15][c:16]2[nH:17][c:18]3[c:19]([c:20]2[cH:21]1)[CH2:22][CH2:23][N:24]([CH3:25])[CH2:26]3.[Cu]I.[K+].[K+].[K+]>>[CH:1](=[C:2]([CH3:3])[c:4]1[cH:5][cH:6][c:7]([F:8])[c:9]([F:10])[cH:11]1)[n:17]1[c:16]2[cH:15][cH:14][c:13]([CH3:12])[cH:21][c:20]2[c:19]2[c:18]1[CH2:26][N:24]([CH3:25])[CH2:23][CH2:22]2,[n:2].Br-[C:1]=C>>C=[C:1]-[n:2]
43710,CC(C)(C)OCl.CCN(CC)CC.CO[C:1](=[O:2])[CH2:3][S:4][CH3:5].ClCCl.[NH2:6][c:7]1[cH:8][cH:9][c:10]([C:11]([F:12])([F:13])[F:14])[cH:15][cH:16]1>>[C:1]1(=[O:2])[CH:3]([S:4][CH3:5])[c:8]2[c:7]([cH:16][cH:15][c:10]([C:11]([F:12])([F:13])[F:14])[cH:9]2)[NH:6]1,[c:4].[N:2].C-O-[C:1](=O)-[C:3]>>O=[C:1](-[N:2])-[C:3]-[c:4]
43729,Br[c:1]1[cH:2][cH:3][c:4]([CH2:5][S:6][CH2:7][c:8]2[cH:9][cH:10][c:11]([C:12]([P:13]([O:14][CH2:15][CH3:16])(=[O:17])[O:18][CH2:19][CH3:20])([F:21])[F:22])[c:23]([Br:24])[cH:25]2)[cH:26][cH:27]1.C1COB([c:28]2[cH:29][n:30][cH:31][cH:32][cH:33]2)OC1.CCOC(C)=O.Cc1ccccc1.c1ccc(P(c2ccccc2)c2ccccc2)cc1>>[c:1]1(-[c:28]2[cH:29][n:30][cH:31][cH:32][cH:33]2)[cH:2][cH:3][c:4]([CH2:5][S:6][CH2:7][c:8]2[cH:9][cH:10][c:11]([C:12]([P:13]([O:14][CH2:15][CH3:16])(=[O:17])[O:18][CH2:19][CH3:20])([F:21])[F:22])[c:23]([Br:24])[cH:25]2)[cH:26][cH:27]1,Br-[c:1].[c:2]-B1-O-C-C-C-O-1>>[c:1]-[c:2]
43832,CI.C[O-].Cl.O[CH3:1].[Na+].[O:2]=[C:3]([OH:4])[c:5]1[cH:6][c:7]([OH:8])[cH:9][c:10]([S:11]([F:12])([F:13])([F:14])([F:15])[F:16])[cH:17]1>>[CH3:1][O:8][c:7]1[cH:6][c:5]([C:3](=[O:2])[OH:4])[cH:17][c:10]([S:11]([F:12])([F:13])([F:14])([F:15])[F:16])[cH:9]1,[O:2]-c.O-[C:1]>>[C:1]-[O:2]-c
44031,CCCC(=O)O[C:4]([CH2:3][CH2:2][CH3:1])=[O:5].Cc1ccccc1.[NH2:6][C:7](=[S:8])[NH:9][NH:10][c:11]1[cH:12][cH:13][cH:14][cH:15][cH:16]1>>[CH3:1][CH2:2][CH2:3][C:4](=[O:5])[N:10]([NH:9][C:7]([NH2:6])=[S:8])[c:11]1[cH:12][cH:13][cH:14][cH:15][cH:16]1,[N:2].C-C-C-C(=O)-O-[C:1]=O>>O=[C:1]-[N:2]
44155,O[C:1]1=[N:2][S:3](=[O:4])(=[O:5])[c:6]2[c:7]1[cH:8][cH:9][c:10](-[c:11]1[n:12][cH:13][cH:14][cH:15][c:16]1[Cl:17])[cH:18]2.[NH2:19][c:20]1[cH:21][cH:22][c:23]([S:24](=[O:25])(=[O:26])[C:27]([F:28])([F:29])[F:30])[cH:31][cH:32]1>>[C:1]1([NH:19][c:20]2[cH:21][cH:22][c:23]([S:24](=[O:25])(=[O:26])[C:27]([F:28])([F:29])[F:30])[cH:31][cH:32]2)=[N:2][S:3](=[O:4])(=[O:5])[c:6]2[c:7]1[cH:8][cH:9][c:10](-[c:11]1[n:12][cH:13][cH:14][cH:15][c:16]1[Cl:17])[cH:18]2,[N:2].N=[C:1]-O>>N=[C:1]-[N:2]
44302,C1CCOC1.Cl[c:1]1[n:2][c:3]([NH2:4])[n:5][c:6]([Cl:7])[cH:8]1.[Br-].[Zn+][CH:9]1[CH:10]2[CH2:11][CH:12]3[CH2:13][CH:14]([CH2:15]2)[CH2:16][CH:17]1[CH2:18]3>>[c:1]1([CH:9]2[CH:10]3[CH2:11][CH:12]4[CH2:13][CH:14]([CH2:15]3)[CH2:16][CH:17]2[CH2:18]4)[n:2][c:3]([NH2:4])[n:5][c:6]([Cl:7])[cH:8]1,Cl-[c:1].[C:2]-[Zn+]>>[c:1]-[C:2]
44753,CCOCC.Cl[c:1]1[c:2]2[c:3]([cH:4][cH:5][cH:6]1)[CH2:7][C:8]([CH3:9])=[CH:10]2.[Br-].[Mg+][c:11]1[cH:12][c:13]([CH3:14])[cH:15][c:16]([CH3:17])[cH:18]1>>[c:1]1(-[c:11]2[cH:12][c:13]([CH3:14])[cH:15][c:16]([CH3:17])[cH:18]2)[c:2]2[c:3]([cH:4][cH:5][cH:6]1)[CH2:7][C:8]([CH3:9])=[CH:10]2,Cl-[c:1].[Mg+]-[c:2]>>[c:1]-[c:2]
45040,[OH2:27].C1CO[C:1]2([c:2]3[c:3]([cH:4][cH:5][c:6]([S:7]([N:8]4[C@@H:9]([CH2:10][O:11][CH3:12])[CH2:13][CH2:14][CH2:15]4)(=[O:16])=[O:17])[cH:18]3)[N:19]3[C:20]2=[N:21][CH2:22][C:23]([CH3:24])([CH3:25])[CH2:26]3)OC1.O=S(=O)(O)O>>[C:1]1(=[O:27])[c:2]2[c:3]([cH:4][cH:5][c:6]([S:7]([N:8]3[C@@H:9]([CH2:10][O:11][CH3:12])[CH2:13][CH2:14][CH2:15]3)(=[O:16])=[O:17])[cH:18]2)[N:19]2[C:20]1=[N:21][CH2:22][C:23]([CH3:24])([CH3:25])[CH2:26]2,[O:2].N=C-[C:1]1(-c)-O-C-C-C-O-1>>N=C-[C:1](=[O:2])-c
45478,ClCCl.O=C(O[OH:1])c1cccc(Cl)c1.[CH2:2]=[CH:3][CH2:4][CH:5]([O:6][C:7]([CH3:8])=[O:9])[c:10]1[cH:11][cH:12][c:13]([C:14]#[N:15])[cH:16][cH:17]1>>[O:1]1[CH2:2][CH:3]1[CH2:4][CH:5]([O:6][C:7]([CH3:8])=[O:9])[c:10]1[cH:11][cH:12][c:13]([C:14]#[N:15])[cH:16][cH:17]1,[C:1]=[C:2].Cl-c1:c:c:c:c(-C(=O)-O-[O:3]):c:1>>[C:1]1-[C:2]-[O:3]-1
45844,CCO.CCO[C:1](=[O:2])[N:3]([CH3:4])[c:5]1[c:6]([O:7][c:8]2[cH:9][cH:10][c:11]([NH2:12])[cH:13][cH:14]2)[cH:15][cH:16][n:17][c:18]1[NH2:19].CC[O-].O.[Na+].[Na]>>[c:1]1(=[O:2])[n:3]([CH3:4])[c:5]2[c:6]([O:7][c:8]3[cH:9][cH:10][c:11]([NH2:12])[cH:13][cH:14]3)[cH:15][cH:16][n:17][c:18]2[nH:19]1,C-C-O-[C:1](=O)-[N:5]-[c:4]:[c:3]-[N:2]>>O=[c:1]1:[n:2]:[c:3]:[c:4]:[n:5]:1
45862,I/[CH:1]=[CH:2]\[C:3]([O:4][CH2:5][CH3:6])=[O:7].[CH:8]#[C:9][c:10]1[cH:11][cH:12][c:13]([N+:14](=[O:15])[O-:16])[cH:17][cH:18]1>>[CH:1](=[CH:2][C:3]([O:4][CH2:5][CH3:6])=[O:7])[C:8]#[C:9][c:10]1[cH:11][cH:12][c:13]([N+:14](=[O:15])[O-:16])[cH:17][cH:18]1,C=[C:1]\I.C#[C:2]>>C=[C:1]-[C:2]#C
45947,Br[c:1]1[cH:2][c:3]([C:4]#[N:5])[cH:6][c:7]([O:8][CH3:9])[c:10]1[O:11][CH3:12].C1CCOC1.CB1OB(C)OB([CH3:13])O1.CCOC(C)=O.O.O=C([O-])[O-].[Cs+].[Cs+]>>[c:1]1([CH3:13])[cH:2][c:3]([C:4]#[N:5])[cH:6][c:7]([O:8][CH3:9])[c:10]1[O:11][CH3:12],Br-[c:1].C-B1-O-B(-C)-O-B(-[C:2])-O-1>>[c:1]-[C:2]
46101,CN(C)C(=N)N(C)C.ClC(Cl)Cl.O=[CH:1][c:2]1[cH:3][cH:4][c:5]([O:6][CH2:7][c:8]2[cH:9][cH:10][cH:11][cH:12][cH:13]2)[cH:14][cH:15]1.[Cl-].c1ccc([P+](c2ccccc2)(c2ccccc2)[CH:16]([C:17]([O:18][CH2:19][CH3:20])=[O:21])[O:22][CH2:23][CH3:24])cc1>>[CH:1]([c:2]1[cH:3][cH:4][c:5]([O:6][CH2:7][c:8]2[cH:9][cH:10][cH:11][cH:12][cH:13]2)[cH:14][cH:15]1)=[C:16]([C:17]([O:18][CH2:19][CH3:20])=[O:21])[O:22][CH2:23][CH3:24],O=[C:2].O=C-[C:1]-[P+](-c1:c:c:c:c:c:1)(-c1:c:c:c:c:c:1)-c1:c:c:c:c:c:1>>O=C-[C:1]=[C:2]
46129,CC(C)O.CCOCC.CN(C)C=O.C[Si](C)(C)N[Si](C)(C)C.Cl[c:1]1[n:2][cH:3][n:4][c:5]2[cH:6][c:7]([O:8][CH2:9][CH2:10][N:11]3[CH2:12][CH2:13][CH2:14][CH2:15]3)[cH:16][c:17]([O:18][CH:19]3[CH2:20][CH2:21][CH2:22][CH2:23]3)[c:24]12.[ClH:25].[NH2:26][c:27]1[c:28]([Cl:29])[cH:30][cH:31][c:32]2[cH:33][cH:34][o:35][c:36]12.[Na]>>[ClH:25].[ClH:25].[c:1]1([NH:26][c:27]2[c:28]([Cl:29])[cH:30][cH:31][c:32]3[cH:33][cH:34][o:35][c:36]23)[n:2][cH:3][n:4][c:5]2[cH:6][c:7]([O:8][CH2:9][CH2:10][N:11]3[CH2:12][CH2:13][CH2:14][CH2:15]3)[cH:16][c:17]([O:18][CH:19]3[CH2:20][CH2:21][CH2:22][CH2:23]3)[c:24]12,[N:1].Cl-[c:2]>>[N:1]-[c:2]
46306,C1CCOC1.CCCC(=O)[O:1][C@H:2]([CH3:3])[c:4]1[n:5][cH:6][cH:7][c:8]([N:9]2[CH2:10][CH2:11][C:12]3([CH2:13][CH2:14]2)[CH2:15][C:16](=[O:17])[c:18]2[cH:19][c:20]([Cl:21])[cH:22][cH:23][c:24]2[O:25]3)[n:26]1.CO.O.O.[Li+].[OH-]>>[OH:1][C@H:2]([CH3:3])[c:4]1[n:5][cH:6][cH:7][c:8]([N:9]2[CH2:10][CH2:11][C:12]3([CH2:13][CH2:14]2)[CH2:15][C:16](=[O:17])[c:18]2[cH:19][c:20]([Cl:21])[cH:22][cH:23][c:24]2[O:25]3)[n:26]1,C-C-C-C(=O)-[O:1]-C-c>>[O:1]-C-c
46419,C1COCCO1.CC(=O)O.O=[CH2:1].[CH3:2][NH:3][CH3:4].[CH:5]#[C:6][CH2:7][N:8]1[CH2:9][CH2:10][C@@H:11]([O:12][CH2:13][O:14][CH3:15])[C:16]1=[O:17]>>[CH2:1]([N:3]([CH3:2])[CH3:4])[C:5]#[C:6][CH2:7][N:8]1[CH2:9][CH2:10][C@@H:11]([O:12][CH2:13][O:14][CH3:15])[C:16]1=[O:17],[N:3].O=[C:2].C#[C:1]>>C#[C:1]-[C:2]-[N:3]
46819,C1CCOC1.Cl.ClCCl.Cl[C:1](=[O:2])[c:3]1[cH:4][c:5]([N+:6](=[O:7])[O-:8])[c:9]([F:10])[cH:11][c:12]1[Cl:13].[Cl-].[Zn+][CH3:14]>>[C:1](=[O:2])([c:3]1[cH:4][c:5]([N+:6](=[O:7])[O-:8])[c:9]([F:10])[cH:11][c:12]1[Cl:13])[CH3:14],[C:2]-[Zn+].Cl-[C:1]=O>>O=[C:1]-[C:2]
46924,[CH3:1][CH2:2][CH2:3][CH2:4][SnH:5]([CH2:6][CH2:7][CH2:8][CH3:9])[CH2:10][CH2:11][CH2:12][CH3:13].[CH:14]#[C:15][CH2:16][C:17]([CH2:18][CH2:19][CH2:20][CH3:21])([O:22][Si:23]([CH3:24])([CH3:25])[CH3:26])[C:27]([F:28])([F:29])[F:30]>>[CH3:1][CH2:2][CH2:3][CH2:4][Sn:5]([CH2:6][CH2:7][CH2:8][CH3:9])([CH2:10][CH2:11][CH2:12][CH3:13])/[CH:14]=[CH:15]/[CH2:16][C:17]([CH2:18][CH2:19][CH2:20][CH3:21])([O:22][Si:23]([CH3:24])([CH3:25])[CH3:26])[C:27]([F:28])([F:29])[F:30],[Sn:1].[C:2]#[C:3]>>[Sn:1]=[C:2]/[C:3]
47327,C1CCOC1.CC(=O)O.CC(C)(C)[O:1][C:2]([CH2:3][O:4][c:5]1[c:6]([CH3:7])[n:8](-[c:9]2[cH:10][cH:11][cH:12][c:13]([C:14]([F:15])([F:16])[F:17])[cH:18]2)[c:19](=[O:20])[c:21]([C:22](=[O:23])[NH:24][CH2:25][c:26]2[cH:27][cH:28][c:29]([S:30]([CH3:31])(=[O:32])=[O:33])[cH:34][cH:35]2)[cH:36]1)=[O:37].CO.[Na+].[OH-]>>[OH:1][C:2]([CH2:3][O:4][c:5]1[c:6]([CH3:7])[n:8](-[c:9]2[cH:10][cH:11][cH:12][c:13]([C:14]([F:15])([F:16])[F:17])[cH:18]2)[c:19](=[O:20])[c:21]([C:22](=[O:23])[NH:24][CH2:25][c:26]2[cH:27][cH:28][c:29]([S:30]([CH3:31])(=[O:32])=[O:33])[cH:34][cH:35]2)[cH:36]1)=[O:37],C-C(-C)(-C)-[O:1]-C=O>>O=C-[O:1]
47711,Cc1ccc(S(=O)(=O)OCC2Cc3c(C(F)(F)F)ccc(Cl)c3O2)cc1.Cl[S:1]([c:2]1[cH:3][cH:4][c:5]([CH3:6])[cH:7][cH:8]1)(=[O:9])=[O:10].[CH3:11][c:12]1[cH:13][cH:14][cH:15][cH:16][c:17]1-[c:18]1[c:19]([F:20])[cH:21][cH:22][c:23]2[c:24]1[O:25][CH:26]([CH2:27][OH:28])[CH2:29]2>>[S:1]([c:2]1[cH:3][cH:4][c:5]([CH3:6])[cH:7][cH:8]1)(=[O:9])(=[O:10])[O:28][CH2:27][CH:26]1[O:25][c:24]2[c:18](-[c:17]3[c:12]([CH3:11])[cH:13][cH:14][cH:15][cH:16]3)[c:19]([F:20])[cH:21][cH:22][c:23]2[CH2:29]1,[O:1].Cl-[S:2]>>[O:1]-[S:2]
48266,CC(C)(C)OC(=O)[NH:1][CH2:2][c:3]1[c:4](-[n:5]2[cH:6][cH:7][cH:8][n:9]2)[cH:10][cH:11][c:12]([NH:13][C:14]([S:15][CH2:16][CH3:17])=[NH:18])[c:19]1[CH3:20].[ClH:21]>>[ClH:21].[ClH:21].[NH2:1][CH2:2][c:3]1[c:4](-[n:5]2[cH:6][cH:7][cH:8][n:9]2)[cH:10][cH:11][c:12]([NH:13][C:14]([S:15][CH2:16][CH3:17])=[NH:18])[c:19]1[CH3:20],C-C(-C)(-C)-O-C(=O)-[N:1]>>[N:1]
48398,CCOC(C)=O.[CH3:1][CH2:2][CH2:3][CH2:4][C:5](=[CH:6][C:7](=[O:8])[O:9][CH2:10][CH3:11])[c:12]1[s:13][c:14]2[cH:15][c:16]([F:17])[cH:18][cH:19][c:20]2[c:21]1[CH3:22].[Pd]>>[CH3:1][CH2:2][CH2:3][CH2:4][CH:5]([CH2:6][C:7](=[O:8])[O:9][CH2:10][CH3:11])[c:12]1[s:13][c:14]2[cH:15][c:16]([F:17])[cH:18][cH:19][c:20]2[c:21]1[CH3:22],[C:1]=[C:2]>>[C:1]-[C:2]
48519,Cc1ccccc1.I[CH:1]([CH3:2])[CH3:3].[CH3:4][O:5][C:6](=[O:7])[c:8]1[cH:9][c:10]([OH:11])[n:12][cH:13][c:14]1[Br:15]>>[CH:1]([CH3:2])([CH3:3])[O:11][c:10]1[cH:9][c:8]([C:6]([O:5][CH3:4])=[O:7])[c:14]([Br:15])[cH:13][n:12]1,I-[C:1].[O:2]-c>>[C:1]-[O:2]-c
48774,C1CCOC1.CC(C)O[C:1]([c:2]1[c:3]2[cH:4][cH:5][c:6]([O:7][CH3:8])[cH:9][c:10]2[cH:11][c:12]([NH:13][c:14]2[cH:15][c:16]([CH3:17])[nH:18][n:19]2)[n:20]1)=[O:21].[Al+3].[H-].[H-].[H-].[H-].[Li+]>>[CH2:1]([c:2]1[c:3]2[cH:4][cH:5][c:6]([O:7][CH3:8])[cH:9][c:10]2[cH:11][c:12]([NH:13][c:14]2[cH:15][c:16]([CH3:17])[nH:18][n:19]2)[n:20]1)[OH:21],C-C(-C)-O-[C:1]=[O:2]>>[C:1]-[O:2]
48816,COc1cc(N2CCC(N3CCCC(F)(F)C3)CC2)ccc1N.O=[N+:1]([O-])[c:2]1[c:3]([O:4][CH3:5])[cH:6][c:7]([N:8]2[CH2:9][CH2:10][CH:11]([N:12]3[CH2:13][CH2:14][C@H:15]([F:16])[CH2:17]3)[CH2:18][CH2:19]2)[cH:20][cH:21]1>>[NH2:1][c:2]1[c:3]([O:4][CH3:5])[cH:6][c:7]([N:8]2[CH2:9][CH2:10][CH:11]([N:12]3[CH2:13][CH2:14][C@H:15]([F:16])[CH2:17]3)[CH2:18][CH2:19]2)[cH:20][cH:21]1,O=[N:1]-[O-]>>[N:1]
48997,COC.Cl[c:1]1[cH:2][n:3][cH:4][c:5](-[c:6]2[n:7][c:8]([CH3:9])[c:10]([C:11](=[O:12])[NH:13][CH2:14][c:15]3[cH:16][cH:17][cH:18][cH:19][cH:20]3)[s:21]2)[n:22]1.O.O=C([O-])[O-].OB(O)/[CH:23]=[CH:24]/[c:25]1[cH:26][cH:27][cH:28][cH:29][cH:30]1.[Na+].[Na+]>>[c:1]1(/[CH:23]=[CH:24]/[c:25]2[cH:26][cH:27][cH:28][cH:29][cH:30]2)[cH:2][n:3][cH:4][c:5](-[c:6]2[n:7][c:8]([CH3:9])[c:10]([C:11](=[O:12])[NH:13][CH2:14][c:15]3[cH:16][cH:17][cH:18][cH:19][cH:20]3)[s:21]2)[n:22]1,Cl-[c:2].C=[C:1]/B(-O)-O>>C=[C:1]/[c:2]
49032,C1CCOC1.O.O=C1CCC(=O)N1[Br:1].[CH3:2][CH2:3][O:4][C:5](=[O:6])[CH:7]([CH2:8][CH2:9][c:10]1[cH:11][cH:12][nH:13][c:14]1[C:15](=[O:16])[c:17]1[cH:18][cH:19][cH:20][cH:21][cH:22]1)[C:23](=[O:24])[O:25][CH2:26][CH3:27].[H-].[Na+]>>[Br:1][C:7]([C:5]([O:4][CH2:3][CH3:2])=[O:6])([CH2:8][CH2:9][c:10]1[cH:11][cH:12][nH:13][c:14]1[C:15](=[O:16])[c:17]1[cH:18][cH:19][cH:20][cH:21][cH:22]1)[C:23](=[O:24])[O:25][CH2:26][CH3:27],O=C-[C:1]-C=O.O=C1-C-C-C(=O)-N-1-[Br:2]>>O=C-[C:1](-[Br:2])-C=O
49040,CCN(CC)CC.CN(C)C=O.I[CH2:1][CH2:2][CH2:3][Cl:4].[O:5]=[C:6]([OH:7])[c:8]1[cH:9][c:10]([S:11](=[O:12])[OH:13])[cH:14][cH:15][c:16]1[OH:17]>>[CH2:1]([CH2:2][CH2:3][Cl:4])[S:11]([c:10]1[cH:9][c:8]([C:6](=[O:5])[OH:7])[c:16]([OH:17])[cH:15][cH:14]1)(=[O:12])=[O:13],I-[C:1].[O:3]-[S:2]>>[C:1]-[S:2]=[O:3]
49501,NC(=O)c1cccc(-c2cccnc2[C@H](Cc2cc(F)cc(F)c2)NC(=O)Cc2c[nH]c3ccc(F)cc23)c1.O=C(O)C(F)(F)F.O[C:1]([CH2:2][c:3]1[cH:4][cH:5][cH:6][c:7]([O:8][CH3:9])[cH:10]1)=[O:11].[NH2:12][C:13](=[O:14])[c:15]1[cH:16][cH:17][cH:18][c:19](-[c:20]2[cH:21][cH:22][cH:23][n:24][c:25]2[C@@H:26]([NH2:27])[CH2:28][c:29]2[cH:30][c:31]([F:32])[cH:33][c:34]([F:35])[cH:36]2)[cH:37]1>>[C:1]([CH2:2][c:3]1[cH:4][cH:5][cH:6][c:7]([O:8][CH3:9])[cH:10]1)(=[O:11])[NH:27][C@H:26]([c:25]1[c:20](-[c:19]2[cH:18][cH:17][cH:16][c:15]([C:13]([NH2:12])=[O:14])[cH:37]2)[cH:21][cH:22][cH:23][n:24]1)[CH2:28][c:29]1[cH:30][c:31]([F:32])[cH:33][c:34]([F:35])[cH:36]1,[N:2].O-[C:1]=O>>O=[C:1]-[N:2]
49587,CC(=O)O.CC(=O)O[OH:1].O.[CH3:2][C:3](=[O:4])[NH:5][c:6]1[cH:7][cH:8][cH:9][c:10]([Br:11])[n:12]1>>[O-:1][n+:12]1[c:6]([NH:5][C:3]([CH3:2])=[O:4])[cH:7][cH:8][cH:9][c:10]1[Br:11],[n:1].C-C(=O)-O-[O:2]>>[n:1]-[O:2]
49610,BrCCBr.Br[CH2:1][c:2]1[cH:3][cH:4][cH:5][c:6]([C:7]([F:8])([F:9])[F:10])[cH:11]1.C1CCOC1.C[Si](C)(C)Cl.Cl[Pd]Cl.Cl[c:12]1[c:13]([CH3:14])[cH:15][n:16][c:17]([Cl:18])[n:19]1.[Zn].c1ccc(P(c2ccccc2)c2ccccc2)cc1.c1ccc(P(c2ccccc2)c2ccccc2)cc1>>[CH2:1]([c:2]1[cH:3][cH:4][cH:5][c:6]([C:7]([F:8])([F:9])[F:10])[cH:11]1)[c:12]1[c:13]([CH3:14])[cH:15][n:16][c:17]([Cl:18])[n:19]1,Cl-[c:1].Br-[C:2]>>[c:1]-[C:2]
49650,CC(C)C[C@H]1CN(C(=O)/C=C/c2ccccc2)[C@@H](CC(C)C)C(=O)N1.O[C:1](=[O:2])[c:3]1[cH:4][c:5]2[cH:6][cH:7][cH:8][cH:9][c:10]2[o:11]1.[CH3:12][CH:13]([CH3:14])[CH2:15][C@H:16]1[CH2:17][NH:18][C@@H:19]([CH2:20][CH:21]([CH3:22])[CH3:23])[C:24](=[O:25])[NH:26]1>>[C:1](=[O:2])([c:3]1[cH:4][c:5]2[cH:6][cH:7][cH:8][cH:9][c:10]2[o:11]1)[N:18]1[CH2:17][C@H:16]([CH2:15][CH:13]([CH3:12])[CH3:14])[NH:26][C:24](=[O:25])[C@@H:19]1[CH2:20][CH:21]([CH3:22])[CH3:23],[N:2].O-[C:1]=O>>O=[C:1]-[N:2]
49765,CC(C)(C)OC(=O)N1CCCC(N)C1.CCCCc1nc2ccccn2c(=O)c1-c1ccc(Cl)cc1.Cl[c:1]1[cH:2][cH:3][c:4](-[c:5]2[c:6]([NH:7][CH:8]([CH3:9])[CH3:10])[n:11][c:12]3[n:13]([c:14]2=[O:15])[cH:16][cH:17][cH:18][cH:19]3)[cH:20][cH:21]1.[CH3:22][C:23]([CH3:24])([CH3:25])[O:26][C:27](=[O:28])[N:29]1[CH2:30][CH2:31][C@@H:32]([NH2:33])[CH2:34]1>>[c:1]1([NH:33][C@@H:32]2[CH2:31][CH2:30][N:29]([C:27]([O:26][C:23]([CH3:22])([CH3:24])[CH3:25])=[O:28])[CH2:34]2)[cH:2][cH:3][c:4](-[c:5]2[c:6]([NH:7][CH:8]([CH3:9])[CH3:10])[n:11][c:12]3[n:13]([c:14]2=[O:15])[cH:16][cH:17][cH:18][cH:19]3)[cH:20][cH:21]1,[N:1].Cl-[c:2]>>[N:1]-[c:2]
