data_idx,mapped_rxn,template,freq
21883,CC(C)(C)OC(=O)[N:1]1[CH2:2][CH2:3][N:4]([c:5]2[cH:6][cH:7][cH:8][c:9]([CH2:10][N:11]3[C:12](=[O:13])[CH2:14][CH2:15][CH2:16][c:17]4[cH:18][cH:19][cH:20][cH:21][c:22]43)[cH:23]2)[CH2:24][CH2:25]1.O=C(O)C(F)(F)F>>[NH:1]1[CH2:2][CH2:3][N:4]([c:5]2[cH:6][cH:7][cH:8][c:9]([CH2:10][N:11]3[C:12](=[O:13])[CH2:14][CH2:15][CH2:16][c:17]4[cH:18][cH:19][cH:20][cH:21][c:22]43)[cH:23]2)[CH2:24][CH2:25]1,C-C(-C)(-C)-O-C(=O)-[N:1]>>[N:1],0
6621,C1CCOC1.Cl[c:1]1[cH:2][cH:3][c:4]([CH:5]=[O:6])[cH:7][cH:8]1.OB(O)[c:9]1[cH:10][cH:11][cH:12][cH:13][cH:14]1.[F-].[K+]>>[c:1]1(-[c:9]2[cH:10][cH:11][cH:12][cH:13][cH:14]2)[cH:2][cH:3][c:4]([CH:5]=[O:6])[cH:7][cH:8]1,Cl-[c:1].O-B(-O)-[c:2]>>[c:1]-[c:2],0
42990,C1CCOC1.CC(C)OC(=O)N=NC(=O)OC(C)C.O[CH2:1][c:2]1[n:3][n:4]([CH3:5])[c:6]2[c:7]1[cH:8][cH:9][cH:10][cH:11]2.[CH3:12][O:13][C:14](=[O:15])[CH2:16][CH2:17][CH:18]([C:19]([NH2:20])=[O:21])[N:22]1[CH2:23][c:24]2[c:25]([OH:26])[cH:27][cH:28][cH:29][c:30]2[C:31]1=[O:32].c1ccc(P(c2ccccc2)c2ccccc2)cc1>>[CH2:1]([c:2]1[n:3][n:4]([CH3:5])[c:6]2[c:7]1[cH:8][cH:9][cH:10][cH:11]2)[O:26][c:25]1[c:24]2[c:30]([cH:29][cH:28][cH:27]1)[C:31](=[O:32])[N:22]([CH:18]([CH2:17][CH2:16][C:14]([O:13][CH3:12])=[O:15])[C:19]([NH2:20])=[O:21])[CH2:23]2,[O:1]-c.O-[C:2]>>[C:2]-[O:1],0
45069,CO.[CH3:1][C:2]1=[CH:3][CH2:4][CH2:5][C:6]([CH3:7])([CH3:8])[CH:9]1/[CH:10]=[CH:11]/[CH:12]([CH3:13])[N:14]([CH3:15])[CH3:16].[Cl:17][CH2:18][c:19]1[cH:20][cH:21][c:22]([Cl:23])[cH:24][c:25]1[Cl:26]>>[CH3:1][C:2]1=[CH:3][CH2:4][CH2:5][C:6]([CH3:7])([CH3:8])[CH:9]1/[CH:10]=[CH:11]/[CH:12]([CH3:13])[N+:14]([CH3:15])([CH3:16])[CH2:18][c:19]1[cH:20][cH:21][c:22]([Cl:23])[cH:24][c:25]1[Cl:26].[Cl-:17],[N:1].Cl-[C:2]>>[C:2]-[N:1],0
25995,Br[c:1]1[c:2]([CH:3]([CH3:4])[OH:5])[o:6][c:7](=[O:8])[c:9]2[c:10]1[cH:11][cH:12][cH:13][cH:14]2.CCCCCCC.CCN(CC)CC.CCOC(C)=O.CN(C)C=O.[CH:15]#[C:16][CH2:17][N:18]([CH3:19])[C:20](=[O:21])[O:22][CH2:23][c:24]1[cH:25][cH:26][cH:27][cH:28][cH:29]1.[Cu]I.c1ccc([PH](c2ccccc2)(c2ccccc2)[Pd]([PH](c2ccccc2)(c2ccccc2)c2ccccc2)([PH](c2ccccc2)(c2ccccc2)c2ccccc2)[PH](c2ccccc2)(c2ccccc2)c2ccccc2)cc1>>[c:1]1([C:15]#[C:16][CH2:17][N:18]([CH3:19])[C:20](=[O:21])[O:22][CH2:23][c:24]2[cH:25][cH:26][cH:27][cH:28][cH:29]2)[c:2]([CH:3]([CH3:4])[OH:5])[o:6][c:7](=[O:8])[c:9]2[c:10]1[cH:11][cH:12][cH:13][cH:14]2,Br-[c:1].C#[C:2]>>[C:2]-[c:1],0
37418,CN(C)C=O.Cl[c:1]1[n:2][c:3]([N:4]2[CH2:5][CH2:6][N:7]([C:8](=[O:9])[CH2:10][c:11]3[cH:12][cH:13][cH:14][cH:15][cH:16]3)[CH2:17][CH2:18]2)[c:19]2[cH:20][c:21]([CH2:22][CH3:23])[s:24][c:25]2[n:26]1.N.[NH2:27][C:28](=[O:29])[CH2:30][SH:31]>>[c:1]1([S:31][CH2:30][C:28]([NH2:27])=[O:29])[n:2][c:3]([N:4]2[CH2:5][CH2:6][N:7]([C:8](=[O:9])[CH2:10][c:11]3[cH:12][cH:13][cH:14][cH:15][cH:16]3)[CH2:17][CH2:18]2)[c:19]2[cH:20][c:21]([CH2:22][CH3:23])[s:24][c:25]2[n:26]1,[S:1].Cl-[c:2]>>[S:1]-[c:2],0
7378,CC(=O)O.ClCCl.[CH3:1][C:2](=[O:3])[CH2:4][O:5][C@@H:6]1[C@@H:7]([NH:8][C:9](=[O:10])[CH2:11][c:12]2[cH:13][cH:14][cH:15][cH:16][cH:17]2)[C:18](=[O:19])[N:20]1[C:21](=[O:22])[C:23](=[O:24])[O:25][CH:26]([c:27]1[cH:28][cH:29][cH:30][cH:31][cH:32]1)[c:33]1[cH:34][cH:35][cH:36][cH:37][cH:38]1.[Zn]>>[CH3:1][C:2](=[O:3])[CH2:4][O:5][C@@H:6]1[C@@H:7]([NH:8][C:9](=[O:10])[CH2:11][c:12]2[cH:13][cH:14][cH:15][cH:16][cH:17]2)[C:18](=[O:19])[N:20]1[CH:21]([OH:22])[C:23](=[O:24])[O:25][CH:26]([c:27]1[cH:28][cH:29][cH:30][cH:31][cH:32]1)[c:33]1[cH:34][cH:35][cH:36][cH:37][cH:38]1,[C:1]=[O:2]>>[C:1]-[O:2],0
7488,C1CCOC1.Cl.O[C:1]([c:2]1[c:3]([O:4][CH:5]([CH3:6])[CH3:7])[cH:8][cH:9][c:10]([S:11]([CH3:12])(=[O:13])=[O:14])[cH:15]1)=[O:16].[O:17]=[N+:18]([O-:19])[c:20]1[cH:21][cH:22][cH:23][c:24]2[s:25][c:26]([N:27]3[CH2:28][CH2:29][NH:30][CH2:31][CH2:32]3)[n:33][c:34]12>>[C:1]([c:2]1[c:3]([O:4][CH:5]([CH3:6])[CH3:7])[cH:8][cH:9][c:10]([S:11]([CH3:12])(=[O:13])=[O:14])[cH:15]1)(=[O:16])[N:30]1[CH2:29][CH2:28][N:27]([c:26]2[s:25][c:24]3[cH:23][cH:22][cH:21][c:20]([N+:18](=[O:17])[O-:19])[c:34]3[n:33]2)[CH2:32][CH2:31]1,[N:1].O-[C:2]=O>>[C:2]-[N:1],0
22379,CCO.CO.Cl.[Pd].c1ccc(C[O:1][CH2:2][CH2:3][c:4]2[n:5]([CH2:6][C:7]([CH3:8])([CH3:9])[F:10])[c:11]3[c:12]([n:13]2)[c:14]([NH2:15])[n:16][c:17]2[cH:18][cH:19][cH:20][n:21][c:22]32)cc1>>[OH:1][CH2:2][CH2:3][c:4]1[n:5]([CH2:6][C:7]([CH3:8])([CH3:9])[F:10])[c:11]2[c:12]([n:13]1)[c:14]([NH2:15])[n:16][c:17]1[cH:18][cH:19][cH:20][n:21][c:22]21,[O:1]-C-c1:c:c:c:c:c:1>>[O:1],0
26272,Br[CH2:1][c:2]1[c:3]([C:4]([F:5])([F:6])[F:7])[cH:8][cH:9][cH:10][cH:11]1.[CH3:12][n:13]1[c:14](=[O:15])[nH:16][c:17](=[O:18])[c:19]2[nH:20][c:21]([Br:22])[n:23][c:24]12>>[CH2:1]([c:2]1[c:3]([C:4]([F:5])([F:6])[F:7])[cH:8][cH:9][cH:10][cH:11]1)[n:20]1[c:19]2[c:17](=[O:18])[nH:16][c:14](=[O:15])[n:13]([CH3:12])[c:24]2[n:23][c:21]1[Br:22],[n:1].Br-[C:2]>>[C:2]-[n:1],0
9087,COc1cc(C(N)=O)ccc1N.O=[N+:1]([O-])[c:2]1[c:3]([O:4][CH3:5])[c:6]([C:7]([F:8])([F:9])[F:10])[cH:11][c:12]([C:13]([NH2:14])=[O:15])[cH:16]1>>[NH2:1][c:2]1[c:3]([O:4][CH3:5])[c:6]([C:7]([F:8])([F:9])[F:10])[cH:11][c:12]([C:13]([NH2:14])=[O:15])[cH:16]1,O=[N:1]-[O-]>>[N:1],0
6999,O[C:1]([CH2:2][N:3]1[C:4](=[O:5])[N:6]([CH2:7][C:8]([C:9]([CH3:10])([CH3:11])[CH3:12])=[O:13])[c:14]2[c:15]([cH:16][cH:17][cH:18][cH:19]2)[N:20]([CH:21]2[CH2:22][CH2:23][CH2:24][CH2:25][CH2:26]2)[C:27]1=[O:28])=[O:29].[CH3:30][N:31]([c:32]1[cH:33][cH:34][cH:35][c:36]([NH2:37])[cH:38]1)[c:39]1[n:40][n:41][nH:42][n:43]1>>[C:1]([CH2:2][N:3]1[C:4](=[O:5])[N:6]([CH2:7][C:8]([C:9]([CH3:10])([CH3:11])[CH3:12])=[O:13])[c:14]2[c:15]([cH:16][cH:17][cH:18][cH:19]2)[N:20]([CH:21]2[CH2:22][CH2:23][CH2:24][CH2:25][CH2:26]2)[C:27]1=[O:28])(=[O:29])[NH:37][c:36]1[cH:35][cH:34][cH:33][c:32]([N:31]([CH3:30])[c:39]2[n:40][n:41][nH:42][n:43]2)[cH:38]1,[N:1].O-[C:2]=O>>[C:2]-[N:1],0
9250,ClCCl.O=C(n1ccnc1)n1ccnc1.O[C:1]([CH2:2][CH2:3][NH:4][C:5]([O:6][C:7]([CH3:8])([CH3:9])[CH3:10])=[O:11])=[O:12].[CH3:13][CH2:14][N:15]([CH2:16][CH:17]1[CH2:18][CH2:19][NH:20][CH2:21][CH2:22]1)[C@@H:23]([CH3:24])[CH2:25][c:26]1[cH:27][cH:28][c:29]2[c:30]([cH:31]1)[CH2:32][CH2:33][O:34]2>>[C:1]([CH2:2][CH2:3][NH:4][C:5]([O:6][C:7]([CH3:8])([CH3:9])[CH3:10])=[O:11])(=[O:12])[N:20]1[CH2:19][CH2:18][CH:17]([CH2:16][N:15]([CH2:14][CH3:13])[C@@H:23]([CH3:24])[CH2:25][c:26]2[cH:27][cH:28][c:29]3[c:30]([cH:31]2)[CH2:32][CH2:33][O:34]3)[CH2:22][CH2:21]1,[N:1].O-[C:2]=O>>[C:2]-[N:1],0
37362,Br[c:1]1[n:2][c:3]([C:4]([O:5][CH3:6])=[O:7])[c:8]([Cl:9])[c:10]([NH2:11])[cH:12]1.C1COCCO1.Cl[Pd]Cl.O.O=C([O-])[O-].OB(O)[c:13]1[cH:14][cH:15][c:16]2[n:17][c:18](-[c:19]3[cH:20][cH:21][cH:22][cH:23][cH:24]3)[o:25][c:26]2[c:27]1[F:28].[K+].[K+].c1ccc(P(c2ccccc2)c2ccccc2)cc1.c1ccc(P(c2ccccc2)c2ccccc2)cc1>>[c:1]1(-[c:13]2[cH:14][cH:15][c:16]3[n:17][c:18](-[c:19]4[cH:20][cH:21][cH:22][cH:23][cH:24]4)[o:25][c:26]3[c:27]2[F:28])[n:2][c:3]([C:4]([O:5][CH3:6])=[O:7])[c:8]([Cl:9])[c:10]([NH2:11])[cH:12]1,Br-[c:1].O-B(-O)-[c:2]>>[c:1]-[c:2],0
14565,Cl[c:1]1[n:2][cH:3][c:4]([C:5]([O:6][CH3:7])=[O:8])[n:9][cH:10]1.[CH3:11][CH:12]([c:13]1[cH:14][c:15]([OH:16])[cH:17][cH:18][c:19]1[Cl:20])[C:21]([OH:22])([c:23]1[cH:24][cH:25][n:26][c:27]([Cl:28])[cH:29]1)[C:30]([F:31])([F:32])[F:33]>>[c:1]1([O:16][c:15]2[cH:14][c:13]([CH:12]([CH3:11])[C:21]([OH:22])([c:23]3[cH:24][cH:25][n:26][c:27]([Cl:28])[cH:29]3)[C:30]([F:31])([F:32])[F:33])[c:19]([Cl:20])[cH:18][cH:17]2)[n:2][cH:3][c:4]([C:5]([O:6][CH3:7])=[O:8])[n:9][cH:10]1,Cl-[c:1].[O:2]-c>>[O:2]-[c:1],0
28025,CN1CCCC1=O.F[c:1]1[cH:2][c:3]([C:4]#[N:5])[cH:6][c:7]([Br:8])[cH:9]1.[H-].[Na+].[OH:10][c:11]1[cH:12][cH:13][cH:14][c:15](-[c:16]2[c:17]([CH2:18][c:19]3[cH:20][cH:21][cH:22][cH:23][cH:24]3)[cH:25][n:26][c:27]3[c:28]([Cl:29])[cH:30][cH:31][cH:32][c:33]23)[cH:34]1>>[c:1]1([O:10][c:11]2[cH:12][cH:13][cH:14][c:15](-[c:16]3[c:17]([CH2:18][c:19]4[cH:20][cH:21][cH:22][cH:23][cH:24]4)[cH:25][n:26][c:27]4[c:28]([Cl:29])[cH:30][cH:31][cH:32][c:33]34)[cH:34]2)[cH:2][c:3]([C:4]#[N:5])[cH:6][c:7]([Br:8])[cH:9]1,F-[c:1].[O:2]-c>>[O:2]-[c:1],0
27836,Cl[S:1]([c:2]1[cH:3][cH:4][c:5]([C:6]([CH3:7])([CH3:8])[CH3:9])[cH:10][cH:11]1)(=[O:12])=[O:13].[CH3:14][c:15]1[cH:16][cH:17][c:18]([NH2:19])[cH:20][cH:21]1>>[S:1]([c:2]1[cH:3][cH:4][c:5]([C:6]([CH3:7])([CH3:8])[CH3:9])[cH:10][cH:11]1)(=[O:12])(=[O:13])[NH:19][c:18]1[cH:17][cH:16][c:15]([CH3:14])[cH:21][cH:20]1,[N:1].Cl-[S:2]>>[N:1]-[S:2],0
15499,CCO.[BH4-].[N:1]#[C:2][c:3]1[cH:4][cH:5][c:6]([CH:7]=[O:8])[cH:9][cH:10]1.[Na+]>>[N:1]#[C:2][c:3]1[cH:4][cH:5][c:6]([CH2:7][OH:8])[cH:9][cH:10]1,[C:1]=[O:2]>>[C:1]-[O:2],0
47259,Br[CH:1]([C:2](=[O:3])[CH:4]1[CH2:5][CH2:6]1)[c:7]1[cH:8][cH:9][cH:10][cH:11][c:12]1[F:13].CCCC[N+](CCCC)(CCCC)CCCC.CCOC(C)=O.CN(C)C=O.Cc1ccc(S(=O)(=O)O)cc1.O.O=C([O-])O.[Br-].[Br-].[Na+].[Na+].[O:14]=[C:15]1[CH2:16][C:17]2=[C:18]([CH2:19][CH2:20][NH:21][CH2:22]2)[S:23]1>>[CH:1]([C:2](=[O:3])[CH:4]1[CH2:5][CH2:6]1)([c:7]1[cH:8][cH:9][cH:10][cH:11][c:12]1[F:13])[N:21]1[CH2:20][CH2:19][C:18]2=[C:17]([CH2:16][C:15](=[O:14])[S:23]2)[CH2:22]1,[N:1].Br-[C:2]>>[C:2]-[N:1],0
24573,CCOC(C)=O.[Pd].c1ccc(C[O:1][c:2]2[cH:3][cH:4][c:5]([CH2:6][C:7]([C:8]([O:9][CH2:10][CH3:11])=[O:12])([CH3:13])[O:14][c:15]3[cH:16][cH:17][cH:18][cH:19][cH:20]3)[cH:21][cH:22]2)cc1>>[OH:1][c:2]1[cH:3][cH:4][c:5]([CH2:6][C:7]([C:8]([O:9][CH2:10][CH3:11])=[O:12])([CH3:13])[O:14][c:15]2[cH:16][cH:17][cH:18][cH:19][cH:20]2)[cH:21][cH:22]1,c-[O:1]-C-c1:c:c:c:c:c:1>>[O:1],0
22447,Cl[S:1](=[O:2])(=[O:3])[c:4]1[cH:5][cH:6][c:7]([Cl:8])[n:9][cH:10]1.[CH3:11][N:12]([CH3:13])[CH2:14][CH2:15][NH2:16]>>[S:1](=[O:2])(=[O:3])([c:4]1[cH:5][cH:6][c:7]([Cl:8])[n:9][cH:10]1)[NH:16][CH2:15][CH2:14][N:12]([CH3:11])[CH3:13],[N:1].Cl-[S:2]>>[N:1]-[S:2],0
8936,CCN(CC)CC.ClCCl.Cl[S:1](=[O:2])(=[O:3])[CH2:4][CH2:5][Cl:6].[NH2:7][c:8]1[cH:9][cH:10][c:11](-[c:12]2[n:13][n:14][c:15]([CH2:16][S:17][CH2:18][CH2:19][O:20][c:21]3[cH:22][cH:23][cH:24][cH:25][cH:26]3)[o:27]2)[cH:28][cH:29]1>>[S:1](=[O:2])(=[O:3])([CH2:4][CH2:5][Cl:6])[NH:7][c:8]1[cH:9][cH:10][c:11](-[c:12]2[n:13][n:14][c:15]([CH2:16][S:17][CH2:18][CH2:19][O:20][c:21]3[cH:22][cH:23][cH:24][cH:25][cH:26]3)[o:27]2)[cH:28][cH:29]1,[N:1].Cl-[S:2]>>[N:1]-[S:2],0
7664,C1CCOC1.F[c:1]1[n:2][c:3]([F:4])[c:5]([O:6][CH:7]([F:8])[F:9])[c:10]([Cl:11])[n:12]1.[NH3:13]>>[c:1]1([NH2:13])[n:2][c:3]([F:4])[c:5]([O:6][CH:7]([F:8])[F:9])[c:10]([Cl:11])[n:12]1,[N:1].F-[c:2]>>[N:1]-[c:2],0
28083,Br[C:1]([C:2]([CH3:3])([CH3:4])[Br:5])=[O:6].CCOC(C)=O.[NH2:7][CH2:8][c:9]1[cH:10][cH:11][cH:12][cH:13][cH:14]1>>[C:1]([C:2]([CH3:3])([CH3:4])[Br:5])(=[O:6])[NH:7][CH2:8][c:9]1[cH:10][cH:11][cH:12][cH:13][cH:14]1,[N:1].Br-[C:2]>>[C:2]-[N:1],0
43082,Br[CH2:1][c:2]1[cH:3][cH:4][cH:5][cH:6][cH:7]1.C1CCOC1.CCN(CC)CC.CS(C)=O.O.O=C([O-])O.[CH3:8][CH2:9][CH2:10][c:11]1[cH:12][cH:13][c:14]([OH:15])[cH:16][n:17]1.[H-].[Na+].[Na+]>>[CH2:1]([c:2]1[cH:3][cH:4][cH:5][cH:6][cH:7]1)[O:15][c:14]1[cH:13][cH:12][c:11]([CH2:10][CH2:9][CH3:8])[n:17][cH:16]1,[O:1]-c.Br-[C:2]>>[C:2]-[O:1],0
36794,C1CCOC1.CC(C)(C)OC(=O)O[C:6]([O:5][C:2]([CH3:1])([CH3:3])[CH3:4])=[O:7].C[Si](C)(C)[N-][Si](C)(C)C.O.[NH2:8][c:9]1[cH:10][cH:11][c:12]([Br:13])[cH:14][n:15]1.[Na+]>>[CH3:1][C:2]([CH3:3])([CH3:4])[O:5][C:6](=[O:7])[NH:8][c:9]1[cH:10][cH:11][c:12]([Br:13])[cH:14][n:15]1,[N:1].C-C(-C)(-C)-O-C(=O)-O-[C:2](-O)=O>>[C:2]-[N:1],0
15206,Cl[S:1](=[O:2])(=[O:3])[c:4]1[cH:5][cH:6][cH:7][n:8][cH:9]1.[CH3:10][c:11]1[c:12]([N:13]2[CH2:14][CH2:15][NH:16][CH2:17][CH2:18]2)[n:19][c:20]2[cH:21][c:22]([F:23])[cH:24][c:25]([F:26])[c:27]2[c:28]1[NH:29][c:30]1[cH:31][n:32][cH:33][c:34]([N:35]2[CH2:36][CH2:37][O:38][CH2:39][CH2:40]2)[cH:41]1>>[S:1](=[O:2])(=[O:3])([c:4]1[cH:5][cH:6][cH:7][n:8][cH:9]1)[N:16]1[CH2:15][CH2:14][N:13]([c:12]2[c:11]([CH3:10])[c:28]([NH:29][c:30]3[cH:31][n:32][cH:33][c:34]([N:35]4[CH2:36][CH2:37][O:38][CH2:39][CH2:40]4)[cH:41]3)[c:27]3[c:20]([n:19]2)[cH:21][c:22]([F:23])[cH:24][c:25]3[F:26])[CH2:18][CH2:17]1,[N:1].Cl-[S:2]>>[N:1]-[S:2],0
8179,CC#N.CCN(C(C)C)C(C)C.ClCCl.O=C(O)C(F)(F)F.[CH3:1][O:2][C:3](=[O:4])[c:5]1[cH:6][c:7]([O:8][CH2:9][CH2:10][O:11][CH2:12][CH2:13][NH2:14])[cH:15][cH:16][c:17]1[NH:18][C:19](=[O:20])[c:21]1[cH:22][cH:23][c:24]([Cl:25])[cH:26][c:27]1[Cl:28].[O:29]=[C:30]=[N:31][c:32]1[cH:33][cH:34][c:35]([F:36])[cH:37][c:38]1[F:39]>>[CH3:1][O:2][C:3](=[O:4])[c:5]1[cH:6][c:7]([O:8][CH2:9][CH2:10][O:11][CH2:12][CH2:13][NH:14][C:30](=[O:29])[NH:31][c:32]2[cH:33][cH:34][c:35]([F:36])[cH:37][c:38]2[F:39])[cH:15][cH:16][c:17]1[NH:18][C:19](=[O:20])[c:21]1[cH:22][cH:23][c:24]([Cl:25])[cH:26][c:27]1[Cl:28],[N:1].[C:2]=[N:3]>>[N:1]-[C:2]-[N:3],0
5245,C1CCOC1.Cl[C:1]1=[CH:2][C:3](=[O:4])[C:5]([CH3:6])([CH3:7])[C:8](=[O:9])[C:10]1([CH3:11])[CH3:12].[H-].[Na+].[OH:13][CH2:14][c:15]1[cH:16][cH:17][c:18]([Br:19])[s:20]1>>[C:1]1([O:13][CH2:14][c:15]2[cH:16][cH:17][c:18]([Br:19])[s:20]2)=[CH:2][C:3](=[O:4])[C:5]([CH3:6])([CH3:7])[C:8](=[O:9])[C:10]1([CH3:11])[CH3:12],[O:1].C=[C:2]-Cl>>[C:2]-[O:1],0
5429,CCN(C(C)C)C(C)C.CN(C)C(On1nnc2cccnc21)=[N+](C)C.CN1CCCC1=O.F[P-](F)(F)(F)(F)F.O[C:1]([C:2]1([NH:3][C:4]([O:5][C:6]([CH3:7])([CH3:8])[CH3:9])=[O:10])[CH2:11][CH2:12][N:13]([c:14]2[n:15][cH:16][n:17][c:18]3[nH:19][cH:20][cH:21][c:22]23)[CH2:23][CH2:24]1)=[O:25].[CH3:26][C:27](=[O:28])[NH:29][CH2:30][CH2:31][CH:32]([NH2:33])[c:34]1[cH:35][cH:36][c:37]([Cl:38])[cH:39][cH:40]1>>[C:1]([C:2]1([NH:3][C:4]([O:5][C:6]([CH3:7])([CH3:8])[CH3:9])=[O:10])[CH2:11][CH2:12][N:13]([c:14]2[n:15][cH:16][n:17][c:18]3[nH:19][cH:20][cH:21][c:22]23)[CH2:23][CH2:24]1)(=[O:25])[NH:33][CH:32]([CH2:31][CH2:30][NH:29][C:27]([CH3:26])=[O:28])[c:34]1[cH:35][cH:36][c:37]([Cl:38])[cH:39][cH:40]1,[N:1].O-[C:2]=O>>[C:2]-[N:1],0
47096,CCN(C(C)C)C(C)C.CN(C)C(On1nnc2cccnc21)=[N+](C)C.Cl.ClCCl.F[P-](F)(F)(F)(F)F.O[C:1]([C@@H:2]([CH2:3][N:4]([CH3:5])[CH3:6])[NH:7][C:8](=[O:9])[O:10][C:11]([CH3:12])([CH3:13])[CH3:14])=[O:15].[CH3:16][O:17][c:18]1[cH:19][cH:20][c:21]([C:22]2=[N:23][N:24]([CH:25]3[CH2:26][CH2:27][NH:28][CH2:29][CH2:30]3)[C:31](=[O:32])[C@@H:33]3[CH2:34][CH2:35][CH2:36][CH2:37][C@H:38]23)[cH:39][c:40]1[O:41][CH3:42]>>[C:1]([C@@H:2]([CH2:3][N:4]([CH3:5])[CH3:6])[NH:7][C:8](=[O:9])[O:10][C:11]([CH3:12])([CH3:13])[CH3:14])(=[O:15])[N:28]1[CH2:27][CH2:26][CH:25]([N:24]2[N:23]=[C:22]([c:21]3[cH:20][cH:19][c:18]([O:17][CH3:16])[c:40]([O:41][CH3:42])[cH:39]3)[C@@H:38]3[C@H:33]([C:31]2=[O:32])[CH2:34][CH2:35][CH2:36][CH2:37]3)[CH2:30][CH2:29]1,[N:1].O-[C:2]=O>>[C:2]-[N:1],0
29443,CN(C)C=O.I[CH2:1][CH2:2][CH2:3][CH2:4][CH2:5]I.O=C([O-])[O-].[CH3:6][CH2:7][C:8]1([CH2:9][CH3:10])[c:11]2[cH:12][c:13]([NH2:14])[cH:15][cH:16][c:17]2-[c:18]2[cH:19][cH:20][c:21]([Br:22])[cH:23][c:24]21.[K+].[K+]>>[CH2:1]1[CH2:2][CH2:3][CH2:4][CH2:5][N:14]1[c:13]1[cH:12][c:11]2[c:17]([cH:16][cH:15]1)-[c:18]1[cH:19][cH:20][c:21]([Br:22])[cH:23][c:24]1[C:8]2([CH2:7][CH3:6])[CH2:9][CH3:10],[N:1].I-[C:2].I-[C:3]>>[C:2]-[N:1]-[C:3],0
24713,CCN(C(C)C)C(C)C.CN(C)C(On1nnc2cccnc21)=[N+](C)C.Cl.F[P-](F)(F)(F)(F)F.O[C:1]([c:2]1[cH:3][n:4][n:5]2[c:6]1[NH:7][C@@H:8]([c:9]1[cH:10][cH:11][c:12]([CH2:13][CH3:14])[cH:15][cH:16]1)[CH2:17][C@H:18]2[C:19]([F:20])([F:21])[F:22])=[O:23].[NH2:24][CH2:25][c:26]1[cH:27][cH:28][c:29]([F:30])[cH:31][n:32]1>>[C:1]([c:2]1[cH:3][n:4][n:5]2[c:6]1[NH:7][C@@H:8]([c:9]1[cH:10][cH:11][c:12]([CH2:13][CH3:14])[cH:15][cH:16]1)[CH2:17][C@H:18]2[C:19]([F:20])([F:21])[F:22])(=[O:23])[NH:24][CH2:25][c:26]1[cH:27][cH:28][c:29]([F:30])[cH:31][n:32]1,[N:1].O-[C:2]=O>>[C:2]-[N:1],0
14866,C1COCCO1.CCO.[CH3:1][S:2](=[O:3])(=[O:4])[O:5][CH2:6][CH2:7][C:8]#[C:9][c:10]1[cH:11][cH:12][c:13]2[c:14](-[c:15]3[cH:16][cH:17][c:18]([Cl:19])[cH:20][cH:21]3)[n:22][s:23][c:24]2[cH:25]1>>[CH3:1][S:2](=[O:3])(=[O:4])[O:5][CH2:6][CH2:7][CH2:8][CH2:9][c:10]1[cH:11][cH:12][c:13]2[c:14](-[c:15]3[cH:16][cH:17][c:18]([Cl:19])[cH:20][cH:21]3)[n:22][s:23][c:24]2[cH:25]1,[C:1]#[C:2]>>[C:1]-[C:2],0
5277,CC(C)(C)OC(=O)[N:1]([CH3:2])[C@@H:3]1[CH2:4][CH2:5][N:6]([c:7]2[cH:8][cH:9][c:10]([N+:11](=[O:12])[O-:13])[cH:14][cH:15]2)[CH2:16]1.ClCCl.O=C(O)C(F)(F)F>>[NH:1]([CH3:2])[C@@H:3]1[CH2:4][CH2:5][N:6]([c:7]2[cH:8][cH:9][c:10]([N+:11](=[O:12])[O-:13])[cH:14][cH:15]2)[CH2:16]1,C-C(-C)(-C)-O-C(=O)-[N:1]>>[N:1],0
25355,Br[c:1]1[c:2]([C:3]([O:4][CH3:5])=[O:6])[s:7][c:8](-[c:9]2[cH:10][cH:11][c:12]([Cl:13])[cH:14][cH:15]2)[cH:16]1.CC(C)NC(C)C.CN(C)C=O.Cl[Pd]Cl.[CH:17]#[C:18][Si:19]([CH3:20])([CH3:21])[CH3:22].c1ccc(P(c2ccccc2)c2ccccc2)cc1.c1ccc(P(c2ccccc2)c2ccccc2)cc1.c1ccc(P(c2ccccc2)c2ccccc2)cc1>>[c:1]1([C:17]#[C:18][Si:19]([CH3:20])([CH3:21])[CH3:22])[c:2]([C:3]([O:4][CH3:5])=[O:6])[s:7][c:8](-[c:9]2[cH:10][cH:11][c:12]([Cl:13])[cH:14][cH:15]2)[cH:16]1,Br-[c:1].C#[C:2]>>[C:2]-[c:1],0
32925,ClC(Cl)Cl.O=[Mn]=O.[CH3:1][O:2][c:3]1[cH:4][cH:5][c:6]([CH2:7][OH:8])[c:9]2[cH:10][c:11]([CH:12]3[CH2:13][CH2:14]3)[n:15][n:16]12>>[CH3:1][O:2][c:3]1[cH:4][cH:5][c:6]([CH:7]=[O:8])[c:9]2[cH:10][c:11]([CH:12]3[CH2:13][CH2:14]3)[n:15][n:16]12,[C:1]-[O:2]>>[C:1]=[O:2],0
49525,C1CCOC1.O=[N+:1]([O-])[c:2]1[cH:3][c:4]([CH3:5])[c:6](-[n:7]2[cH:8][cH:9][cH:10][c:11]([CH2:12][CH2:13][O:14][Si:15]([c:16]3[cH:17][cH:18][cH:19][cH:20][cH:21]3)([c:22]3[cH:23][cH:24][cH:25][cH:26][cH:27]3)[C:28]([CH3:29])([CH3:30])[CH3:31])[c:32]2=[O:33])[c:34]([CH3:35])[cH:36]1>>[NH2:1][c:2]1[cH:3][c:4]([CH3:5])[c:6](-[n:7]2[cH:8][cH:9][cH:10][c:11]([CH2:12][CH2:13][O:14][Si:15]([c:16]3[cH:17][cH:18][cH:19][cH:20][cH:21]3)([c:22]3[cH:23][cH:24][cH:25][cH:26][cH:27]3)[C:28]([CH3:29])([CH3:30])[CH3:31])[c:32]2=[O:33])[c:34]([CH3:35])[cH:36]1,O=[N:1]-[O-]>>[N:1],0
43496,Br[c:1]1[cH:2][cH:3][c:4]([CH:5]([CH2:6][NH:7][CH:8]2[CH2:9][CH2:10][N:11]([c:12]3[n:13][c:14]4[s:15][c:16]([C:17]([NH2:18])=[O:19])[c:20]([NH2:21])[c:22]4[c:23]([C:24]([F:25])([F:26])[F:27])[cH:28]3)[CH2:29][CH2:30]2)[OH:31])[n:32][cH:33]1.Br[c:34]1[cH:35][cH:36][c:37]2[c:38]([cH:39]1)[NH:40][C:41](=[O:42])[CH2:43]2.CC(=O)[O-].CN(C)C=O.ClCCl.Cl[Pd]Cl.N#N.O.O=C([O-])[O-].[Fe+2].[K+].[K+].[K+].c1ccc(P(c2ccccc2)[c-]2cccc2)cc1.c1ccc(P(c2ccccc2)[c-]2cccc2)cc1.c1ccc([PH](c2ccccc2)(c2ccccc2)[Pd]([PH](c2ccccc2)(c2ccccc2)c2ccccc2)([PH](c2ccccc2)(c2ccccc2)c2ccccc2)[PH](c2ccccc2)(c2ccccc2)c2ccccc2)cc1>>[c:1]1(-[c:34]2[cH:35][cH:36][c:37]3[c:38]([cH:39]2)[NH:40][C:41](=[O:42])[CH2:43]3)[cH:2][cH:3][c:4]([CH:5]([CH2:6][NH:7][CH:8]2[CH2:9][CH2:10][N:11]([c:12]3[n:13][c:14]4[s:15][c:16]([C:17]([NH2:18])=[O:19])[c:20]([NH2:21])[c:22]4[c:23]([C:24]([F:25])([F:26])[F:27])[cH:28]3)[CH2:29][CH2:30]2)[OH:31])[n:32][cH:33]1,Br-[c:1].Br-[c:2]>>[c:1]-[c:2],0
29975,Br[c:1]1[cH:2][cH:3][c:4]([O:5][CH:6]([CH2:7][CH2:8][O:9][c:10]2[cH:11][cH:12][c:13]([CH2:14][CH2:15][C:16]([O:17][CH3:18])=[O:19])[c:20]([CH3:21])[cH:22]2)[CH3:23])[c:24]([C:25](=[O:26])[c:27]2[cH:28][cH:29][cH:30][cH:31][cH:32]2)[cH:33]1.C1COCCO1.ClCCl.OB(O)[CH2:34][CH2:35][CH2:36][CH3:37].[Cs+].[F-]>>[c:1]1([CH2:34][CH2:35][CH2:36][CH3:37])[cH:2][cH:3][c:4]([O:5][CH:6]([CH2:7][CH2:8][O:9][c:10]2[cH:11][cH:12][c:13]([CH2:14][CH2:15][C:16]([O:17][CH3:18])=[O:19])[c:20]([CH3:21])[cH:22]2)[CH3:23])[c:24]([C:25](=[O:26])[c:27]2[cH:28][cH:29][cH:30][cH:31][cH:32]2)[cH:33]1,Br-[c:1].O-B(-O)-[C:2]>>[C:2]-[c:1],0
15198,Br[c:1]1[c:2]([F:3])[cH:4][c:5](-[n:6]2[cH:7][n:8][n:9][n:10]2)[cH:11][cH:12]1.CC1(C)OB([c:13]2[cH:14][c:15]3[n:16][c:17]([CH:18]4[CH2:19][CH2:20][N:21]([C:22]([O:23][C:24]([CH3:25])([CH3:26])[CH3:27])=[O:28])[CH2:29][CH2:30]4)[o:31][c:32]3[cH:33][cH:34]2)OC1(C)C>>[c:1]1(-[c:13]2[cH:14][c:15]3[n:16][c:17]([CH:18]4[CH2:19][CH2:20][N:21]([C:22]([O:23][C:24]([CH3:25])([CH3:26])[CH3:27])=[O:28])[CH2:29][CH2:30]4)[o:31][c:32]3[cH:33][cH:34]2)[c:2]([F:3])[cH:4][c:5](-[n:6]2[cH:7][n:8][n:9][n:10]2)[cH:11][cH:12]1,Br-[c:1].C-C1(-C)-O-B(-[c:2])-O-C-1(-C)-C>>[c:1]-[c:2],0
25496,CCN(CC)CC.CCOC(C)=O.Cl.Cl[S:1]([CH3:2])(=[O:3])=[O:4].[OH:5][CH2:6][CH2:7][CH2:8][CH2:9][c:10]1[cH:11][c:12](-[c:13]2[cH:14][cH:15][c:16]([C:17]([F:18])([F:19])[F:20])[cH:21][cH:22]2)[n:23][o:24]1>>[S:1]([CH3:2])(=[O:3])(=[O:4])[O:5][CH2:6][CH2:7][CH2:8][CH2:9][c:10]1[cH:11][c:12](-[c:13]2[cH:14][cH:15][c:16]([C:17]([F:18])([F:19])[F:20])[cH:21][cH:22]2)[n:23][o:24]1,[O:1].Cl-[S:2]>>[O:1]-[S:2],0
44848,COCCOC.Cl[c:1]1[cH:2][c:3]([S:4]([CH2:5][CH3:6])(=[O:7])=[O:8])[c:9]([C:10](=[O:11])[N:12]([CH3:13])[c:14]2[cH:15][cH:16][c:17]([S:18][C:19]([F:20])([F:21])[F:22])[cH:23][cH:24]2)[n:25][cH:26]1.O.O=C(/C=C/c1ccccc1)/C=C/c1ccccc1.O=C(/C=C/c1ccccc1)/C=C/c1ccccc1.O=C(/C=C/c1ccccc1)/C=C/c1ccccc1.O=P([O-])([O-])[O-].OB(O)[c:27]1[cH:28][cH:29][cH:30][cH:31][cH:32]1.[K+].[K+].[K+].[Pd].[Pd]>>[c:1]1(-[c:27]2[cH:28][cH:29][cH:30][cH:31][cH:32]2)[cH:2][c:3]([S:4]([CH2:5][CH3:6])(=[O:7])=[O:8])[c:9]([C:10](=[O:11])[N:12]([CH3:13])[c:14]2[cH:15][cH:16][c:17]([S:18][C:19]([F:20])([F:21])[F:22])[cH:23][cH:24]2)[n:25][cH:26]1,Cl-[c:1].O-B(-O)-[c:2]>>[c:1]-[c:2],0
23278,BrCCOC1CCCCO1.C1CCC([O:1][CH2:2][CH2:3][N:4]2[C:5](=[O:6])[N:7]([CH:8]3[CH2:9][CH2:10][N:11]([CH2:12][c:13]4[cH:14][cH:15][cH:16][cH:17][cH:18]4)[CH2:19][CH2:20]3)[CH:21]([c:22]3[cH:23][cH:24][cH:25][cH:26][cH:27]3)[c:28]3[c:29]2[cH:30][cH:31][cH:32][cH:33]3)OC1.CO.Cc1ccc(S(=O)(=O)O)cc1.O.O=C([O-])O.O=C1Nc2ccccc2C(c2ccccc2)N1C1CCN(Cc2ccccc2)CC1.[Na+]>>[OH:1][CH2:2][CH2:3][N:4]1[C:5](=[O:6])[N:7]([CH:8]2[CH2:9][CH2:10][N:11]([CH2:12][c:13]3[cH:14][cH:15][cH:16][cH:17][cH:18]3)[CH2:19][CH2:20]2)[CH:21]([c:22]2[cH:23][cH:24][cH:25][cH:26][cH:27]2)[c:28]2[c:29]1[cH:30][cH:31][cH:32][cH:33]2,[O:1]-C1-C-C-C-C-O-1>>[O:1],0
43090,CSc1ccccc1.O=C(O)C(F)(F)F.O=C(OCc1ccccc1)[NH:1][C@H:2]1[CH2:3][N:4]([C:5](=[O:6])[NH:7][S:8](=[O:9])(=[O:10])[NH:11][c:12]2[cH:13][c:14]([OH:15])[c:16]([OH:17])[cH:18][c:19]2[C:20](=[O:21])[OH:22])[C:23]1=[O:24]>>[NH2:1][C@H:2]1[CH2:3][N:4]([C:5](=[O:6])[NH:7][S:8](=[O:9])(=[O:10])[NH:11][c:12]2[cH:13][c:14]([OH:15])[c:16]([OH:17])[cH:18][c:19]2[C:20](=[O:21])[OH:22])[C:23]1=[O:24],O=C(-[N:1])-O-C-c1:c:c:c:c:c:1>>[N:1],0
38345,Br[c:1]1[cH:2][cH:3][cH:4][n:5][cH:6]1.C1COCCO1.CNCCNC.O=C([O-])[O-].[Cu]I.[K+].[K+].[O:7]=[C:8]1[NH:9][CH2:10][CH2:11][c:12]2[cH:13][c:14]([Cl:15])[cH:16][cH:17][c:18]21>>[c:1]1([N:9]2[C:8](=[O:7])[c:18]3[c:12]([cH:13][c:14]([Cl:15])[cH:16][cH:17]3)[CH2:11][CH2:10]2)[cH:2][cH:3][cH:4][n:5][cH:6]1,[N:1].Br-[c:2]>>[N:1]-[c:2],0
10203,Br[c:1]1[cH:2][n:3][cH:4][c:5]([O:6][CH2:7][C@H:8]2[N:9]([C:10]([O:11][C:12]([CH3:13])([CH3:14])[CH3:15])=[O:16])[CH2:17][CH2:18][CH2:19]2)[cH:20]1.CC(C)(C)[O-].CC1(C)c2cccc(P(c3ccccc3)c3ccccc3)c2Oc2c(P(c3ccccc3)c3ccccc3)cccc21.Cc1ccccc1.O=C(/C=C/c1ccccc1)/C=C/c1ccccc1.O=C(/C=C/c1ccccc1)/C=C/c1ccccc1.O=C(/C=C/c1ccccc1)/C=C/c1ccccc1.[Na+].[Pd].[Pd].[cH:21]1[cH:22][cH:23][c:24]([CH2:25][CH2:26][CH2:27][O:28][CH2:29][C@@H:30]2[CH2:31][CH2:32][NH:33][CH2:34]2)[cH:35][cH:36]1>>[c:1]1([N:33]2[CH2:32][CH2:31][C@@H:30]([CH2:29][O:28][CH2:27][CH2:26][CH2:25][c:24]3[cH:23][cH:22][cH:21][cH:36][cH:35]3)[CH2:34]2)[cH:2][n:3][cH:4][c:5]([O:6][CH2:7][C@H:8]2[N:9]([C:10]([O:11][C:12]([CH3:13])([CH3:14])[CH3:15])=[O:16])[CH2:17][CH2:18][CH2:19]2)[cH:20]1,[N:1].Br-[c:2]>>[N:1]-[c:2],0
16010,CO.N#N.O=[N+:1]([O-])[c:2]1[cH:3][cH:4][cH:5][c:6]([P:7]([CH2:8][CH2:9][CH3:10])(=[O:11])[CH2:12][CH2:13][CH3:14])[cH:15]1.[Pd]>>[NH2:1][c:2]1[cH:3][cH:4][cH:5][c:6]([P:7]([CH2:8][CH2:9][CH3:10])(=[O:11])[CH2:12][CH2:13][CH3:14])[cH:15]1,O=[N:1]-[O-]>>[N:1],0
5393,Cc1ccccc1.O=[CH:1][c:2]1[c:3](-[c:4]2[cH:5][cH:6][c:7]([CH2:8][C@@H:9]([C:10]([O:11][CH3:12])=[O:13])[NH:14][C:15](=[O:16])[c:17]3[c:18]([Cl:19])[cH:20][cH:21][cH:22][c:23]3[Cl:24])[cH:25][cH:26]2)[cH:27][cH:28][cH:29][cH:30]1.c1ccc(P(c2ccccc2)(c2ccccc2)=[CH:31][C:32]([O:33][CH3:34])=[O:35])cc1>>[CH:1]([c:2]1[c:3](-[c:4]2[cH:5][cH:6][c:7]([CH2:8][C@@H:9]([C:10]([O:11][CH3:12])=[O:13])[NH:14][C:15](=[O:16])[c:17]3[c:18]([Cl:19])[cH:20][cH:21][cH:22][c:23]3[Cl:24])[cH:25][cH:26]2)[cH:27][cH:28][cH:29][cH:30]1)=[CH:31][C:32]([O:33][CH3:34])=[O:35],O=[C:1].[C:2]=P(-c1:c:c:c:c:c:1)(-c1:c:c:c:c:c:1)-c1:c:c:c:c:c:1>>[C:1]=[C:2],0
2084,Cl[c:1]1[cH:2][cH:3][c:4]([O:5][CH:6]2[CH2:7][CH2:8][N:9]([C:10]([O:11][C:12]([CH3:13])([CH3:14])[CH3:15])=[O:16])[CH2:17][CH2:18]2)[cH:19][n:20]1.[O:21]=[C:22]([NH:23][CH2:24][CH2:25][OH:26])[c:27]1[cH:28][cH:29][c:30]2[nH:31][cH:32][cH:33][c:34]2[cH:35]1>>[c:1]1(-[n:31]2[c:30]3[cH:29][cH:28][c:27]([C:22](=[O:21])[NH:23][CH2:24][CH2:25][OH:26])[cH:35][c:34]3[cH:33][cH:32]2)[cH:2][cH:3][c:4]([O:5][CH:6]2[CH2:7][CH2:8][N:9]([C:10]([O:11][C:12]([CH3:13])([CH3:14])[CH3:15])=[O:16])[CH2:17][CH2:18]2)[cH:19][n:20]1,[n:1].Cl-[c:2]>>[c:2]-[n:1],0
42853,Br[c:1]1[cH:2][cH:3][c:4]([C:5]([O:6][CH3:7])=[O:8])[c:9]([F:10])[cH:11]1.CN(C)C=O.[C-:12]#[N:13].[C-]#N.[Pd].[Zn+2].c1ccc(P(c2ccccc2)c2ccccc2)cc1.c1ccc(P(c2ccccc2)c2ccccc2)cc1.c1ccc(P(c2ccccc2)c2ccccc2)cc1.c1ccc(P(c2ccccc2)c2ccccc2)cc1>>[c:1]1([C:12]#[N:13])[cH:2][cH:3][c:4]([C:5]([O:6][CH3:7])=[O:8])[c:9]([F:10])[cH:11]1,Br-[c:1].N#[C:2]>>[C:2]-[c:1],0
15837,Br[C:1]#[N:2].C1CCOC1.ClCCl.O.O=C([O-])O.[CH3:3][O:4][c:5]1[cH:6][cH:7][c:8](-[n:9]2[n:10][c:11]([C:12]([NH2:13])=[O:14])[c:15]3[c:16]2[C:17](=[O:18])[N:19]([c:20]2[cH:21][cH:22][c:23]([NH:24][CH2:25][CH2:26][O:27][Si:28]([CH3:29])([CH3:30])[C:31]([CH3:32])([CH3:33])[CH3:34])[cH:35][cH:36]2)[CH2:37][CH2:38]3)[cH:39][cH:40]1.[Na+]>>[C:1](#[N:2])[N:24]([c:23]1[cH:22][cH:21][c:20]([N:19]2[C:17](=[O:18])[c:16]3[n:9](-[c:8]4[cH:7][cH:6][c:5]([O:4][CH3:3])[cH:40][cH:39]4)[n:10][c:11]([C:12]([NH2:13])=[O:14])[c:15]3[CH2:38][CH2:37]2)[cH:36][cH:35]1)[CH2:25][CH2:26][O:27][Si:28]([CH3:29])([CH3:30])[C:31]([CH3:32])([CH3:33])[CH3:34],[N:1].Br-[C:2]#N>>[C:2]-[N:1],0
29606,CCOC(C)=O.[CH3:1][CH:2]([CH3:3])[N:4]=[C:5]=[O:6].[NH2:7][c:8]1[cH:9][cH:10][c:11]2[c:12]([cH:13]1)[CH2:14][C:15](=[O:16])[NH:17]2>>[CH3:1][CH:2]([CH3:3])[NH:4][C:5](=[O:6])[NH:7][c:8]1[cH:9][cH:10][c:11]2[c:12]([cH:13]1)[CH2:14][C:15](=[O:16])[NH:17]2,[N:1].[C:2]=[N:3]>>[N:1]-[C:2]-[N:3],0
15112,Cl.Cl.Cl.O[C:1](=[O:2])[c:3]1[cH:4][cH:5][c:6]([C:7]([F:8])([F:9])[F:10])[cH:11][cH:12]1.[NH2:13][C@H:14]1[CH2:15][CH2:16][C@H:17]([CH2:18][CH2:19][N:20]2[CH2:21][CH2:22][N:23]([c:24]3[n:25][cH:26][cH:27][c:28]4[c:29]3[O:30][CH2:31][CH2:32]4)[CH2:33][CH2:34]2)[CH2:35][CH2:36]1>>[C:1](=[O:2])([c:3]1[cH:4][cH:5][c:6]([C:7]([F:8])([F:9])[F:10])[cH:11][cH:12]1)[NH:13][C@H:14]1[CH2:15][CH2:16][C@H:17]([CH2:18][CH2:19][N:20]2[CH2:21][CH2:22][N:23]([c:24]3[n:25][cH:26][cH:27][c:28]4[c:29]3[O:30][CH2:31][CH2:32]4)[CH2:33][CH2:34]2)[CH2:35][CH2:36]1,[N:1].O-[C:2]=O>>[C:2]-[N:1],0
1717,COc1cc(Cl)ccc1C(=O)O.O[C:1]([c:2]1[cH:3][cH:4][c:5]([O:6][CH3:7])[cH:8][c:9]1[O:10][CH3:11])=[O:12].[CH3:13][CH2:14][O:15][C:16](=[O:17])[N:18]1[CH2:19][CH2:20][n:21]2[c:22](=[O:23])[cH:24][c:25](-[c:26]3[cH:27][cH:28][n:29][cH:30][cH:31]3)[n:32][c:33]2[CH:34]([NH2:35])[CH2:36]1>>[C:1]([c:2]1[cH:3][cH:4][c:5]([O:6][CH3:7])[cH:8][c:9]1[O:10][CH3:11])(=[O:12])[NH:35][CH:34]1[c:33]2[n:21]([c:22](=[O:23])[cH:24][c:25](-[c:26]3[cH:27][cH:28][n:29][cH:30][cH:31]3)[n:32]2)[CH2:20][CH2:19][N:18]([C:16]([O:15][CH2:14][CH3:13])=[O:17])[CH2:36]1,[N:1].O-[C:2]=O>>[C:2]-[N:1],0
7269,C1CCOC1.CC(C)(C)[O-].Cl.Cl[CH2:1][CH2:2][NH:3][C:4](=[O:5])[NH:6][CH2:7][CH2:8][NH:9][C:10](=[O:11])[c:12]1[n:13][n:14][n:15](-[c:16]2[cH:17][cH:18][c:19]([C:20](=[O:21])[NH:22][CH2:23][C:24]([F:25])([F:26])[F:27])[cH:28][cH:29]2)[c:30]1[CH2:31][CH2:32][CH2:33][CH2:34][CH2:35][F:36].[K+]>>[CH2:1]1[CH2:2][NH:3][C:4](=[O:5])[N:6]1[CH2:7][CH2:8][NH:9][C:10](=[O:11])[c:12]1[n:13][n:14][n:15](-[c:16]2[cH:17][cH:18][c:19]([C:20](=[O:21])[NH:22][CH2:23][C:24]([F:25])([F:26])[F:27])[cH:28][cH:29]2)[c:30]1[CH2:31][CH2:32][CH2:33][CH2:34][CH2:35][F:36],[N:1].Cl-[C:2]>>[C:2]-[N:1],0
27776,CC#N.CCN(C(C)C)C(C)C.Cl[c:1]1[c:2]([NH2:3])[c:4]([Cl:5])[n:6][cH:7][n:8]1.[CH3:9][CH:10]([CH3:11])[O:12][c:13]1[cH:14][c:15]([CH2:16][N:17]2[CH2:18][CH2:19][CH:20]([NH2:21])[CH2:22][CH2:23]2)[cH:24][c:25]([O:26][CH:27]([CH3:28])[CH3:29])[cH:30]1>>[c:1]1([NH:21][CH:20]2[CH2:19][CH2:18][N:17]([CH2:16][c:15]3[cH:14][c:13]([O:12][CH:10]([CH3:9])[CH3:11])[cH:30][c:25]([O:26][CH:27]([CH3:28])[CH3:29])[cH:24]3)[CH2:23][CH2:22]2)[c:2]([NH2:3])[c:4]([Cl:5])[n:6][cH:7][n:8]1,[N:1].Cl-[c:2]>>[N:1]-[c:2],0
14336,CC(=O)[O-].CC(=O)[O-].CCN(CC)CC.CCOC(C)=O.ClCCl.OB(O)[c:1]1[cH:2][cH:3][c:4]([O:5][CH2:6][CH:7]([CH3:8])[CH3:9])[cH:10][cH:11]1.[CH3:12][CH2:13][CH2:14][c:15]1[c:16]([CH2:17][c:18]2[cH:19][cH:20][c:21](-[c:22]3[cH:23][cH:24][cH:25][cH:26][c:27]3[C:28]#[N:29])[cH:30][cH:31]2)[c:32](=[O:33])[nH:34][c:35]([CH3:36])[n:37]1.[Cu+2].c1ccncc1>>[c:1]1(-[n:34]2[c:32](=[O:33])[c:16]([CH2:17][c:18]3[cH:19][cH:20][c:21](-[c:22]4[cH:23][cH:24][cH:25][cH:26][c:27]4[C:28]#[N:29])[cH:30][cH:31]3)[c:15]([CH2:14][CH2:13][CH3:12])[n:37][c:35]2[CH3:36])[cH:2][cH:3][c:4]([O:5][CH2:6][CH:7]([CH3:8])[CH3:9])[cH:10][cH:11]1,[n:1].O-B(-O)-[c:2]>>[c:2]-[n:1],0
39416,ClC(Cl)Cl.Cl[C:1](=[O:2])[c:3]1[c:4]([Cl:5])[cH:6][cH:7][c:8]([Cl:9])[c:10]1[Cl:11].[NH2:12][NH2:13]>>[C:1](=[O:2])([c:3]1[c:4]([Cl:5])[cH:6][cH:7][c:8]([Cl:9])[c:10]1[Cl:11])[NH:13][NH2:12],[N:1].Cl-[C:2]>>[C:2]-[N:1],0
35006,Br[CH2:1][CH2:2][CH2:3][CH2:4][CH2:5][CH2:6][CH2:7][CH2:8][C:9]([O:10][CH3:11])=[O:12].[CH3:13][O:14][C:15](=[O:16])/[CH:17]=[CH:18]/[c:19]1[c:20]([OH:21])[cH:22][cH:23][cH:24][c:25]1[C:26]#[C:27][CH2:28][CH2:29][CH2:30][CH2:31][OH:32]>>[CH2:1]([CH2:2][CH2:3][CH2:4][CH2:5][CH2:6][CH2:7][CH2:8][C:9]([O:10][CH3:11])=[O:12])[O:21][c:20]1[c:19](/[CH:18]=[CH:17]/[C:15]([O:14][CH3:13])=[O:16])[c:25]([C:26]#[C:27][CH2:28][CH2:29][CH2:30][CH2:31][OH:32])[cH:24][cH:23][cH:22]1,[O:1]-c.Br-[C:2]>>[C:2]-[O:1],0
7193,CN(C)C=O.O.[CH3:1][c:2]1[cH:3][cH:4][cH:5][c:6]([N:7]=[C:8]=[S:9])[cH:10]1.[NH2:11][c:12]1[cH:13][cH:14][c:15](-[c:16]2[cH:17][cH:18][cH:19][c:20]3[c:21]2[CH2:22][NH:23][C:24]3=[O:25])[cH:26][cH:27]1>>[CH3:1][c:2]1[cH:3][cH:4][cH:5][c:6]([NH:7][C:8](=[S:9])[NH:11][c:12]2[cH:13][cH:14][c:15](-[c:16]3[cH:17][cH:18][cH:19][c:20]4[c:21]3[CH2:22][NH:23][C:24]4=[O:25])[cH:26][cH:27]2)[cH:10]1,[N:1].[C:2]=[N:3]>>[N:1]-[C:2]-[N:3],0
9920,CCN(CC)CC.Cc1ccccc1.Cl[C:1]([CH:2]=[CH2:3])=[O:4].[CH3:5][CH2:6][CH2:7][CH2:8][CH2:9][CH2:10][CH2:11][CH2:12][CH2:13][CH:14]=[CH:15][OH:16]>>[C:1]([CH:2]=[CH2:3])(=[O:4])[O:16][CH:15]=[CH:14][CH2:13][CH2:12][CH2:11][CH2:10][CH2:9][CH2:8][CH2:7][CH2:6][CH3:5],[O:1].Cl-[C:2]>>[C:2]-[O:1],0
47941,I.O[C:1]([CH3:2])([CH3:3])[c:4]1[cH:5][cH:6][cH:7][n:8][c:9]1[NH2:10]>>[CH:1]([CH3:2])([CH3:3])[c:4]1[cH:5][cH:6][cH:7][n:8][c:9]1[NH2:10],O-[C:1]>>[C:1],0
36619,Cl[c:1]1[n:2][n:3]2[cH:4][cH:5][cH:6][c:7]([NH:8][CH2:9][c:10]3[c:11]([S:12]([CH3:13])(=[O:14])=[O:15])[cH:16][cH:17][cH:18][cH:19]3)[c:20]2[n:21]1.[CH3:22][N:23]1[CH2:24][CH2:25][N:26]([c:27]2[cH:28][cH:29][c:30]([NH2:31])[cH:32][cH:33]2)[CH2:34][CH2:35]1.c1ccc(P(C2CCCCC2)C2CCCCC2)c(-c2ccccc2P(C2CCCCC2)C2CCCCC2)c1>>[c:1]1([NH:31][c:30]2[cH:29][cH:28][c:27]([N:26]3[CH2:25][CH2:24][N:23]([CH3:22])[CH2:35][CH2:34]3)[cH:33][cH:32]2)[n:2][n:3]2[cH:4][cH:5][cH:6][c:7]([NH:8][CH2:9][c:10]3[c:11]([S:12]([CH3:13])(=[O:14])=[O:15])[cH:16][cH:17][cH:18][cH:19]3)[c:20]2[n:21]1,[N:1].Cl-[c:2]>>[N:1]-[c:2],0
16644,Br[CH2:1][CH:2]([O:3][CH2:4][CH3:5])[O:6][CH2:7][CH3:8].CCO.[NH2:9][C:10](=[O:11])[CH2:12][SH:13].[Na]>>[CH2:1]([CH:2]([O:3][CH2:4][CH3:5])[O:6][CH2:7][CH3:8])[S:13][CH2:12][C:10]([NH2:9])=[O:11],[S:1].Br-[C:2]>>[C:2]-[S:1],0
45777,CCN(C(C)C)C(C)C.CN(C)C(On1nnc2cccnc21)=[N+](C)C.CN(C)C=O.F[P-](F)(F)(F)(F)F.O[C:1]([CH2:2][C@@H:3]1[c:4]2[c:5]([s:6][c:7]3[n:8][cH:9][n:10][c:11]([O:12][CH:13]4[CH2:14][CH2:15][CH:16]([N:17]([CH3:18])[C:19](=[O:20])[O:21][C:22]([CH3:23])([CH3:24])[CH3:25])[CH2:26][CH2:27]4)[c:28]23)[CH2:29][CH2:30]1)=[O:31].[NH2:32][c:33]1[cH:34][cH:35][c:36]([F:37])[cH:38][n:39]1>>[C:1]([CH2:2][C@@H:3]1[c:4]2[c:5]([s:6][c:7]3[n:8][cH:9][n:10][c:11]([O:12][CH:13]4[CH2:14][CH2:15][CH:16]([N:17]([CH3:18])[C:19](=[O:20])[O:21][C:22]([CH3:23])([CH3:24])[CH3:25])[CH2:26][CH2:27]4)[c:28]23)[CH2:29][CH2:30]1)(=[O:31])[NH:32][c:33]1[cH:34][cH:35][c:36]([F:37])[cH:38][n:39]1,[N:1].O-[C:2]=O>>[C:2]-[N:1],0
21240,CC1(C)OB([C:1]2=[CH:2][CH2:3][N:4]([S:5]([CH3:6])(=[O:7])=[O:8])[CH2:9][CH2:10]2)OC1(C)C.Cl[c:11]1[cH:12][c:13]2[c:14]([cH:15][n:16]1)[O:17][C@@H:18]([CH:19]1[CH2:20][CH2:21][N:22]([C:23]([O:24][C:25]([CH3:26])([CH3:27])[CH3:28])=[O:29])[CH2:30][CH2:31]1)[CH2:32]2>>[C:1]1([c:11]2[cH:12][c:13]3[c:14]([cH:15][n:16]2)[O:17][C@@H:18]([CH:19]2[CH2:20][CH2:21][N:22]([C:23]([O:24][C:25]([CH3:26])([CH3:27])[CH3:28])=[O:29])[CH2:30][CH2:31]2)[CH2:32]3)=[CH:2][CH2:3][N:4]([S:5]([CH3:6])(=[O:7])=[O:8])[CH2:9][CH2:10]1,Cl-[c:1].C-C1(-C)-O-B(-[C:2]=C)-O-C-1(-C)-C>>[C:2]-[c:1],0
11366,CC#N.CC(C)(C)OC(=O)[NH:1][N:2]([c:3]1[n:4][c:5]([C:6]#[N:7])[n:8][cH:9][c:10]1[Br:11])[CH:12]1[CH2:13][CH2:14][O:15][CH2:16][CH2:17]1.Cc1ccc(S(=O)(=O)O)cc1>>[NH2:1][N:2]([c:3]1[n:4][c:5]([C:6]#[N:7])[n:8][cH:9][c:10]1[Br:11])[CH:12]1[CH2:13][CH2:14][O:15][CH2:16][CH2:17]1,C-C(-C)(-C)-O-C(=O)-[N:1]>>[N:1],0
4809,CC(C)(C)OC(=O)[N:1]1[CH2:2][CH2:3][CH:4]([n:5]2[n:6][cH:7][c:8](-[c:9]3[n:10]([S:11]([c:12]4[cH:13][cH:14][c:15]([CH3:16])[cH:17][cH:18]4)(=[O:19])=[O:20])[c:21]4[c:22]([cH:23]3)[c:24](-[c:25]3[cH:26][n:27][c:28]([C:29]5([OH:30])[CH2:31][CH2:32][CH2:33]5)[s:34]3)[c:35]([Cl:36])[cH:37][n:38]4)[cH:39]2)[CH2:40][CH2:41]1.ClCCl.O=C(O)C(F)(F)F>>[NH:1]1[CH2:2][CH2:3][CH:4]([n:5]2[n:6][cH:7][c:8](-[c:9]3[n:10]([S:11]([c:12]4[cH:13][cH:14][c:15]([CH3:16])[cH:17][cH:18]4)(=[O:19])=[O:20])[c:21]4[c:22]([cH:23]3)[c:24](-[c:25]3[cH:26][n:27][c:28]([C:29]5([OH:30])[CH2:31][CH2:32][CH2:33]5)[s:34]3)[c:35]([Cl:36])[cH:37][n:38]4)[cH:39]2)[CH2:40][CH2:41]1,C-C(-C)(-C)-O-C(=O)-[N:1]>>[N:1],0
27735,CCO.[CH3:1][CH2:2][O:3][C:4](=[O:5])[c:6]1[cH:7][n:8]([CH:9]2[CH2:10][CH2:11]2)[c:12]2[c:13]([cH:14][c:15]([F:16])[c:17]([F:18])[c:19]2[C:20]#[C:21][CH2:22][C@@H:23]2[CH2:24][CH2:25][CH2:26][N:27]2[C:28](=[O:29])[O:30][C:31]([CH3:32])([CH3:33])[CH3:34])[c:35]1=[O:36].[Pd]>>[CH3:1][CH2:2][O:3][C:4](=[O:5])[c:6]1[cH:7][n:8]([CH:9]2[CH2:10][CH2:11]2)[c:12]2[c:13]([cH:14][c:15]([F:16])[c:17]([F:18])[c:19]2[CH2:20][CH2:21][CH2:22][C@@H:23]2[CH2:24][CH2:25][CH2:26][N:27]2[C:28](=[O:29])[O:30][C:31]([CH3:32])([CH3:33])[CH3:34])[c:35]1=[O:36],[C:1]#[C:2]>>[C:1]-[C:2],0
46659,ClC(Cl)(Cl)Cl.O=C(OOC(=O)c1ccccc1)c1ccccc1.O=C1CCC(=O)N1[Br:1].[CH3:2][CH2:3][O:4][C:5](=[O:6])[c:7]1[cH:8][c:9]([O:10][C:11]([F:12])([F:13])[CH:14]([F:15])[Cl:16])[cH:17][cH:18][c:19]1[CH3:20]>>[Br:1][CH2:20][c:19]1[c:7]([C:5]([O:4][CH2:3][CH3:2])=[O:6])[cH:8][c:9]([O:10][C:11]([F:12])([F:13])[CH:14]([F:15])[Cl:16])[cH:17][cH:18]1,[C:1].O=C1-C-C-C(=O)-N-1-[Br:2]>>[Br:2]-[C:1],0
16374,CC(=O)[N:1]([c:2]1[cH:3][cH:4][c:5](-[c:6]2[cH:7][cH:8][c:9]([CH2:10][CH3:11])[cH:12][cH:13]2)[cH:14][cH:15]1)[c:16]1[cH:17][cH:18][c:19]([CH3:20])[cH:21][cH:22]1.CCO.Cc1ccccc1.Cl>>[NH:1]([c:2]1[cH:3][cH:4][c:5](-[c:6]2[cH:7][cH:8][c:9]([CH2:10][CH3:11])[cH:12][cH:13]2)[cH:14][cH:15]1)[c:16]1[cH:17][cH:18][c:19]([CH3:20])[cH:21][cH:22]1,C-C(=O)-[N:1]>>[N:1],0
19798,CCOC(C)=O.CS(C)=O.F[c:1]1[c:2]([CH3:3])[cH:4][c:5]([CH:6]=[O:7])[c:8]([F:9])[cH:10]1.O=C([O-])[O-].[K+].[K+].[OH:11][c:12]1[cH:13][cH:14][c:15]([Cl:16])[c:17]([C:18]([F:19])([F:20])[F:21])[cH:22]1>>[c:1]1([O:11][c:12]2[cH:13][cH:14][c:15]([Cl:16])[c:17]([C:18]([F:19])([F:20])[F:21])[cH:22]2)[c:2]([CH3:3])[cH:4][c:5]([CH:6]=[O:7])[c:8]([F:9])[cH:10]1,F-[c:1].[O:2]-c>>[O:2]-[c:1],0
44702,C1COCCO1.CC(C)(C)[O:1][C:2]([c:3]1[cH:4][c:5]2[c:6]([NH:7][C:8](=[O:9])[c:10]3[cH:11][cH:12][cH:13][cH:14][c:15]3[NH:16][C:17](=[O:18])[c:19]3[cH:20][cH:21][cH:22][nH:23]3)[n:24][n:25]([C:26]([O:27][CH2:28][CH3:29])=[O:30])[c:31]2[s:32]1)=[O:33].Cl>>[OH:1][C:2]([c:3]1[cH:4][c:5]2[c:6]([NH:7][C:8](=[O:9])[c:10]3[cH:11][cH:12][cH:13][cH:14][c:15]3[NH:16][C:17](=[O:18])[c:19]3[cH:20][cH:21][cH:22][nH:23]3)[n:24][n:25]([C:26]([O:27][CH2:28][CH3:29])=[O:30])[c:31]2[s:32]1)=[O:33],C-C(-C)(-C)-[O:1]-C=O>>[O:1],0
23527,CC(C)CC1CN(C(=O)C#Cc2ccccc2)C(CC(C)C)C(=O)N1.O[C:1](=[O:2])[C:3]#[C:4][c:5]1[cH:6][cH:7][c:8]([Cl:9])[cH:10][cH:11]1.[CH3:12][CH:13]([CH3:14])[CH2:15][C@H:16]1[CH2:17][NH:18][C@@H:19]([CH2:20][CH:21]([CH3:22])[CH3:23])[C:24](=[O:25])[NH:26]1>>[C:1](=[O:2])([C:3]#[C:4][c:5]1[cH:6][cH:7][c:8]([Cl:9])[cH:10][cH:11]1)[N:18]1[CH2:17][CH:16]([CH2:15][CH:13]([CH3:12])[CH3:14])[NH:26][C:24](=[O:25])[CH:19]1[CH2:20][CH:21]([CH3:22])[CH3:23],[N:1].O-[C:2]=O>>[C:2]-[N:1],0
14170,C1CCNCC1.CCO.O=[CH:1][c:2]1[cH:3][cH:4][c:5]2[n:6][cH:7][cH:8][c:9]([N:10]3[CH2:11][CH2:12][N:13]([C:14]([O:15][C:16]([CH3:17])([CH3:18])[CH3:19])=[O:20])[CH2:21][CH2:22]3)[c:23]2[cH:24]1.[O:25]=[C:26]1[CH2:27][S:28][C:29]([NH:30][c:31]2[c:32]([Cl:33])[cH:34][cH:35][cH:36][c:37]2[Cl:38])=[N:39]1>>[CH:1](\[c:2]1[cH:3][cH:4][c:5]2[n:6][cH:7][cH:8][c:9]([N:10]3[CH2:11][CH2:12][N:13]([C:14]([O:15][C:16]([CH3:17])([CH3:18])[CH3:19])=[O:20])[CH2:21][CH2:22]3)[c:23]2[cH:24]1)=[C:27]1/[C:26](=[O:25])[N:39]=[C:29]([NH:30][c:31]2[c:32]([Cl:33])[cH:34][cH:35][cH:36][c:37]2[Cl:38])[S:28]1,O=[C:1].O=C-[C:2]>>[C:1]=[C:2],0
33104,ClCCl.Cl[S:1]([c:2]1[cH:3][cH:4][c:5]([O:6][CH3:7])[cH:8][c:9]1[N:10]1[CH2:11][CH2:12][O:13][CH2:14][CH2:15]1)(=[O:16])=[O:17].[CH3:18][NH2:19]>>[S:1]([c:2]1[cH:3][cH:4][c:5]([O:6][CH3:7])[cH:8][c:9]1[N:10]1[CH2:11][CH2:12][O:13][CH2:14][CH2:15]1)(=[O:16])(=[O:17])[NH:19][CH3:18],[N:1].Cl-[S:2]>>[N:1]-[S:2],0
309,Cc1ccc(O)c(-n2nc3ccc(Cl)cc3n2)c1.Cl[c:1]1[cH:2][cH:3][c:4]2[n:5][n:6](-[c:7]3[cH:8][c:9]([CH3:10])[cH:11][c:12]([CH2:13][CH2:14][CH2:15][CH2:16][CH2:17][CH2:18][CH2:19][CH2:20][CH2:21][CH2:22][CH2:23][CH3:24])[c:25]3[OH:26])[n:27][c:28]2[cH:29]1.c1ccc2[nH]nnc2c1>>[cH:1]1[cH:2][cH:3][c:4]2[n:5][n:6](-[c:7]3[cH:8][c:9]([CH3:10])[cH:11][c:12]([CH2:13][CH2:14][CH2:15][CH2:16][CH2:17][CH2:18][CH2:19][CH2:20][CH2:21][CH2:22][CH2:23][CH3:24])[c:25]3[OH:26])[n:27][c:28]2[cH:29]1,Cl-[c:1]>>[c:1],0
19021,CCOC(C)=O.CO.O=[N+:1]([O-])[c:2]1[cH:3][cH:4][c:5]2[c:6]([cH:7][n:8][n:9]2[CH2:10][c:11]2[cH:12][cH:13][cH:14][cH:15][n:16]2)[cH:17]1.[Pd]>>[NH2:1][c:2]1[cH:3][cH:4][c:5]2[c:6]([cH:7][n:8][n:9]2[CH2:10][c:11]2[cH:12][cH:13][cH:14][cH:15][n:16]2)[cH:17]1,O=[N:1]-[O-]>>[N:1],0
48918,C=CCc1c(O)c(Br)cc(F)c1F.CCN(C(C)C)C(C)C.CN(C)c1ccncc1.Cl[S:1]([c:2]1[cH:3][cH:4][c:5]([CH3:6])[cH:7][cH:8]1)(=[O:9])=[O:10].O=C(OO)c1cccc(Cl)c1.O=C([O-])[O-].[K+].[K+].[OH:11][CH2:12][CH:13]1[CH2:14][c:15]2[c:16]([F:17])[c:18]([F:19])[cH:20][c:21]([Br:22])[c:23]2[O:24]1>>[S:1]([c:2]1[cH:3][cH:4][c:5]([CH3:6])[cH:7][cH:8]1)(=[O:9])(=[O:10])[O:11][CH2:12][CH:13]1[CH2:14][c:15]2[c:16]([F:17])[c:18]([F:19])[cH:20][c:21]([Br:22])[c:23]2[O:24]1,[O:1].Cl-[S:2]>>[O:1]-[S:2],0
33238,Cl[CH2:1][c:2]1[cH:3][cH:4][c:5]([O:6][CH3:7])[c:8]([C:9]#[N:10])[cH:11]1.[O:12]=[C:13]([CH2:14][CH2:15][c:16]1[cH:17][cH:18][cH:19][cH:20][cH:21]1)[NH:22][c:23]1[cH:24][c:25](-[c:26]2[n:27][n:28][c:29]([SH:30])[o:31]2)[cH:32][cH:33][n:34]1>>[CH2:1]([c:2]1[cH:3][cH:4][c:5]([O:6][CH3:7])[c:8]([C:9]#[N:10])[cH:11]1)[S:30][c:29]1[n:28][n:27][c:26](-[c:25]2[cH:24][c:23]([NH:22][C:13](=[O:12])[CH2:14][CH2:15][c:16]3[cH:17][cH:18][cH:19][cH:20][cH:21]3)[n:34][cH:33][cH:32]2)[o:31]1,[S:1].Cl-[C:2]>>[C:2]-[S:1],0
28072,CCC1(C)OCCO1.Cc1ccc(S(=O)(=O)O)cc1.O[CH2:1][CH2:2][OH:3].[CH3:4][C@@H:5]1[C:6](=[O:7])[CH2:8][CH2:9][C@:10]2([c:11]3[cH:12][cH:13][c:14]([OH:15])[cH:16][cH:17]3)[C@@H:18]([OH:19])[CH2:20][CH2:21][CH2:22][C@@H:23]12>>[CH2:1]1[CH2:2][O:3][C:6]2([C@@H:5]([CH3:4])[C@H:23]3[C@:10]([c:11]4[cH:12][cH:13][c:14]([OH:15])[cH:16][cH:17]4)([CH2:9][CH2:8]2)[C@@H:18]([OH:19])[CH2:20][CH2:21][CH2:22]3)[O:7]1,[O:1].O-[C:2].[C:3]=[O:4]>>[C:2]-[O:4]-[C:3]-[O:1],0
22020,Br[CH:1]1[C:2](=[O:3])[N:4]([c:5]2[cH:6][n:7][n:8](-[c:9]3[cH:10][cH:11][cH:12][n:13][cH:14]3)[cH:15]2)[CH2:16][CH2:17][CH2:18]1.CS(C)=O.O.[CH3:19][SH:20].[Na]>>[CH:1]1([S:20][CH3:19])[C:2](=[O:3])[N:4]([c:5]2[cH:6][n:7][n:8](-[c:9]3[cH:10][cH:11][cH:12][n:13][cH:14]3)[cH:15]2)[CH2:16][CH2:17][CH2:18]1,[S:1].Br-[C:2]>>[C:2]-[S:1],0
39942,CCCCCCCCCCCC(=O)OOC(=O)CCCCCCCCCCC.ClC(Cl)Cl.O=C1CCC(=O)N1[Br:1].[CH3:2][c:3]1[cH:4][cH:5][c:6](-[c:7]2[n:8][c:9]3[c:10]([n:11][c:12]2-[c:13]2[cH:14][cH:15][c:16]([CH3:17])[cH:18][cH:19]2)[N:20]([C:21](=[O:22])[O:23][C:24]([CH3:25])([CH3:26])[CH3:27])[CH2:28][CH2:29][CH2:30]3)[cH:31][cH:32]1>>[Br:1][CH:30]1[c:9]2[n:8][c:7](-[c:6]3[cH:5][cH:4][c:3]([CH3:2])[cH:32][cH:31]3)[c:12](-[c:13]3[cH:14][cH:15][c:16]([CH3:17])[cH:18][cH:19]3)[n:11][c:10]2[N:20]([C:21](=[O:22])[O:23][C:24]([CH3:25])([CH3:26])[CH3:27])[CH2:28][CH2:29]1,[C:1].O=C1-C-C-C(=O)-N-1-[Br:2]>>[Br:2]-[C:1],0
33593,ClCCl.Cl[S:1](=[O:2])(=[O:3])[c:4]1[cH:5][cH:6][c:7]([Cl:8])[c:9]([Cl:10])[cH:11]1.[CH3:12][O:13][C:14](=[O:15])[CH:16]1[CH2:17][c:18]2[cH:19][cH:20][cH:21][cH:22][c:23]2[NH:24]1.c1ccncc1>>[S:1](=[O:2])(=[O:3])([c:4]1[cH:5][cH:6][c:7]([Cl:8])[c:9]([Cl:10])[cH:11]1)[N:24]1[CH:16]([C:14]([O:13][CH3:12])=[O:15])[CH2:17][c:18]2[cH:19][cH:20][cH:21][cH:22][c:23]21,[N:1].Cl-[S:2]>>[N:1]-[S:2],0
34175,CCN(C(C)C)C(C)C.CN(C)C(N(C)C)=[N+]1N=[N+]([O-])c2ccccc21.CN(C)C=O.Cl.F[P-](F)(F)(F)(F)F.O[C:1]([c:2]1[cH:3][c:4]([CH3:5])[c:6]([NH:7][c:8]2[n:9][cH:10][c:11]3[c:12]([n:13]2)[N:14]([CH:15]2[CH2:16][CH2:17][CH2:18][CH2:19]2)[CH2:20][C:21]([F:22])([F:23])[C:24](=[O:25])[N:26]3[CH3:27])[cH:28][cH:29]1)=[O:30].On1nnc2ccccc21.[CH3:31][NH2:32]>>[C:1]([c:2]1[cH:3][c:4]([CH3:5])[c:6]([NH:7][c:8]2[n:9][cH:10][c:11]3[c:12]([n:13]2)[N:14]([CH:15]2[CH2:16][CH2:17][CH2:18][CH2:19]2)[CH2:20][C:21]([F:22])([F:23])[C:24](=[O:25])[N:26]3[CH3:27])[cH:28][cH:29]1)(=[O:30])[NH:32][CH3:31],[N:1].O-[C:2]=O>>[C:2]-[N:1],0
39285,C1CCOC1.Cl[c:1]1[cH:2][cH:3][c:4]2[s:5][cH:6][c:7](-[n:8]3[c:9]4[cH:10][cH:11][cH:12][cH:13][c:14]4[c:15]4[cH:16][cH:17][cH:18][cH:19][c:20]34)[c:21]2[cH:22]1.[cH:23]1[cH:24][cH:25][c:26]2[c:27]([cH:28]1)[nH:29][c:30]1[cH:31][cH:32][cH:33][cH:34][c:35]21.c1ccc([PH](c2ccccc2)(c2ccccc2)[Pd]([PH](c2ccccc2)(c2ccccc2)c2ccccc2)([PH](c2ccccc2)(c2ccccc2)c2ccccc2)[PH](c2ccccc2)(c2ccccc2)c2ccccc2)cc1>>[c:1]1(-[n:29]2[c:27]3[c:26]([cH:25][cH:24][cH:23][cH:28]3)[c:35]3[c:30]2[cH:31][cH:32][cH:33][cH:34]3)[cH:2][cH:3][c:4]2[s:5][cH:6][c:7](-[n:8]3[c:9]4[cH:10][cH:11][cH:12][cH:13][c:14]4[c:15]4[cH:16][cH:17][cH:18][cH:19][c:20]34)[c:21]2[cH:22]1,[n:1].Cl-[c:2]>>[c:2]-[n:1],0
47356,Cc1nc(N2CCN(Cc3ccccc3)C2=O)sc1C(=O)O.O[C:1]([c:2]1[c:3]([CH3:4])[n:5][c:6]([N:7]2[CH2:8][CH2:9][N:10]([CH2:11][CH:12]3[CH2:13][CH2:14][CH2:15][CH2:16][CH2:17]3)[C:18]2=[O:19])[s:20]1)=[O:21].[NH2:22][CH2:23][c:24]1[cH:25][cH:26][cH:27][n:28][cH:29]1>>[C:1]([c:2]1[c:3]([CH3:4])[n:5][c:6]([N:7]2[CH2:8][CH2:9][N:10]([CH2:11][CH:12]3[CH2:13][CH2:14][CH2:15][CH2:16][CH2:17]3)[C:18]2=[O:19])[s:20]1)(=[O:21])[NH:22][CH2:23][c:24]1[cH:25][cH:26][cH:27][n:28][cH:29]1,[N:1].O-[C:2]=O>>[C:2]-[N:1],0
12632,Cl[C:1]([CH2:2][O:3][CH3:4])=[O:5].[NH2:6][c:7]1[n:8][c:9]2[cH:10][cH:11][c:12]([F:13])[cH:14][c:15]2[s:16]1.c1ccncc1>>[C:1]([CH2:2][O:3][CH3:4])(=[O:5])[NH:6][c:7]1[n:8][c:9]2[cH:10][cH:11][c:12]([F:13])[cH:14][c:15]2[s:16]1,[N:1].Cl-[C:2]>>[C:2]-[N:1],0
31202,C1CCOC1.CC[O:1][C:2](=[O:3])[C:4](=[N:5][O:6][CH:7]1[CH2:8][CH2:9][CH2:10][CH2:11][CH2:12]1)[c:13]1[cH:14][s:15][c:16]([NH2:17])[n:18]1.CO.[Na+].[OH-]>>[OH:1][C:2](=[O:3])[C:4](=[N:5][O:6][CH:7]1[CH2:8][CH2:9][CH2:10][CH2:11][CH2:12]1)[c:13]1[cH:14][s:15][c:16]([NH2:17])[n:18]1,C-C-[O:1]-C=O>>[O:1],0
8463,Cl[S:1](=[O:2])(=[O:3])[c:4]1[cH:5][cH:6][c:7]([Cl:8])[cH:9][cH:10]1.O.O=C([O-])O.[NH2:11][C@H:12]([CH2:13][c:14]1[cH:15][cH:16][cH:17][cH:18][cH:19]1)[C:20](=[O:21])[OH:22].[Na+]>>[S:1](=[O:2])(=[O:3])([c:4]1[cH:5][cH:6][c:7]([Cl:8])[cH:9][cH:10]1)[NH:11][C@@H:12]([CH2:13][c:14]1[cH:15][cH:16][cH:17][cH:18][cH:19]1)[C:20](=[O:21])[OH:22],[N:1].Cl-[S:2]>>[N:1]-[S:2],0
37947,Cl.Cl[CH2:1][CH2:2][N:3]1[CH2:4][CH2:5][CH2:6][CH2:7][CH2:8]1.[OH:9][c:10]1[cH:11][cH:12][c:13](-[n:14]2[n:15][cH:16][cH:17][c:18]2[C:19]([F:20])([F:21])[F:22])[cH:23][cH:24]1>>[CH2:1]([CH2:2][N:3]1[CH2:4][CH2:5][CH2:6][CH2:7][CH2:8]1)[O:9][c:10]1[cH:11][cH:12][c:13](-[n:14]2[n:15][cH:16][cH:17][c:18]2[C:19]([F:20])([F:21])[F:22])[cH:23][cH:24]1,[O:1]-c.Cl-[C:2]>>[C:2]-[O:1],0
19790,ClCCl.Cl[S:1]([CH3:2])(=[O:3])=[O:4].[OH:5][CH2:6][CH2:7][O:8][c:9]1[cH:10][cH:11][cH:12][cH:13][cH:14]1>>[S:1]([CH3:2])(=[O:3])(=[O:4])[O:5][CH2:6][CH2:7][O:8][c:9]1[cH:10][cH:11][cH:12][cH:13][cH:14]1,[O:1].Cl-[S:2]>>[O:1]-[S:2],0
26652,O=[C:1]([CH3:2])[CH3:3].[NH2:4][NH:5][c:6]1[cH:7][c:8]2[c:9]([n:10][n:11]1)[CH2:12][CH2:13][N:14]([C:15](=[O:16])[c:17]1[cH:18][cH:19][c:20]([Cl:21])[cH:22][cH:23]1)[CH2:24]2>>[C:1]([CH3:2])([CH3:3])=[N:4][NH:5][c:6]1[cH:7][c:8]2[c:9]([n:10][n:11]1)[CH2:12][CH2:13][N:14]([C:15](=[O:16])[c:17]1[cH:18][cH:19][c:20]([Cl:21])[cH:22][cH:23]1)[CH2:24]2,[N:1].O=[C:2]>>[C:2]=[N:1],0
18791,C1CCOC1.Cl[Pd]Cl.I[c:1]1[cH:2][c:3]([O:4][CH3:5])[n:6][cH:7][c:8]1[CH:9]=[O:10].[CH:11]#[C:12][Si:13]([CH3:14])([CH3:15])[CH3:16].[Cu]I.c1ccc(P(c2ccccc2)c2ccccc2)cc1.c1ccc(P(c2ccccc2)c2ccccc2)cc1>>[c:1]1([C:11]#[C:12][Si:13]([CH3:14])([CH3:15])[CH3:16])[cH:2][c:3]([O:4][CH3:5])[n:6][cH:7][c:8]1[CH:9]=[O:10],I-[c:1].C#[C:2]>>[C:2]-[c:1],0
36531,Br[c:1]1[cH:2][c:3]([O:4][CH2:5][CH2:6][O:7][CH3:8])[cH:9][c:10]([Br:11])[cH:12]1.CC(=O)[O-].CCCC[Mg+].CN(C)[CH:13]=[O:14].Cc1ccccc1.[Cl-].[K+].[Li]CCCC>>[c:1]1([CH:13]=[O:14])[cH:2][c:3]([O:4][CH2:5][CH2:6][O:7][CH3:8])[cH:9][c:10]([Br:11])[cH:12]1,Br-[c:1].C-N(-C)-[C:2]>>[C:2]-[c:1],0
2407,Br[c:1]1[c:2]([CH3:3])[n:4][c:5](-[c:6]2[n:7][cH:8][n:9]([CH:10]3[CH2:11][CH2:12][CH2:13][CH2:14][O:15]3)[n:16]2)[cH:17][cH:18]1.C1CCOC1.CC1(C)OB([c:19]2[cH:20][n:21][c:22]3[c:23]([n:24]2)[N:25]([CH2:26][CH3:27])[C:28](=[O:29])[CH2:30][NH:31]3)OC1(C)C.Cl[Pd]Cl.O.O=C([O-])O.[K+]>>[c:1]1(-[c:19]2[cH:20][n:21][c:22]3[c:23]([n:24]2)[N:25]([CH2:26][CH3:27])[C:28](=[O:29])[CH2:30][NH:31]3)[c:2]([CH3:3])[n:4][c:5](-[c:6]2[n:7][cH:8][n:9]([CH:10]3[CH2:11][CH2:12][CH2:13][CH2:14][O:15]3)[n:16]2)[cH:17][cH:18]1,Br-[c:1].C-C1(-C)-O-B(-[c:2])-O-C-1(-C)-C>>[c:1]-[c:2],0
37077,CC(C)(C)OC(=O)[NH:1][C@@H:2]1[CH2:3][CH2:4][C@@H:5]([c:6]2[cH:7][cH:8][cH:9][c:10]([F:11])[c:12]2[F:13])[CH2:14][N:15]([CH2:16][c:17]2[cH:18][cH:19][cH:20][cH:21][n:22]2)[C:23]1=[O:24].ClCCl.O=C(O)C(F)(F)F>>[NH2:1][C@@H:2]1[CH2:3][CH2:4][C@@H:5]([c:6]2[cH:7][cH:8][cH:9][c:10]([F:11])[c:12]2[F:13])[CH2:14][N:15]([CH2:16][c:17]2[cH:18][cH:19][cH:20][cH:21][n:22]2)[C:23]1=[O:24],C-C(-C)(-C)-O-C(=O)-[N:1]>>[N:1],0
25960,Cl[c:1]1[c:2]([F:3])[cH:4][cH:5][c:6](-[c:7]2[n:8]3[cH:9][cH:10][c:11]([C:12]([CH3:13])([CH3:14])[OH:15])[c:16]([F:17])[c:18]3[n:19][cH:20]2)[cH:21]1.OB(O)[c:22]1[cH:23][cH:24][c:25]([F:26])[c:27]([Cl:28])[cH:29]1>>[c:1]1(-[c:22]2[cH:23][cH:24][c:25]([F:26])[c:27]([Cl:28])[cH:29]2)[c:2]([F:3])[cH:4][cH:5][c:6](-[c:7]2[n:8]3[cH:9][cH:10][c:11]([C:12]([CH3:13])([CH3:14])[OH:15])[c:16]([F:17])[c:18]3[n:19][cH:20]2)[cH:21]1,Cl-[c:1].O-B(-O)-[c:2]>>[c:1]-[c:2],0
8232,CC(C)O.Cl.Cl.O=[CH2:1].[CH3:2][NH:3][CH3:4].[CH3:5][C:6](=[O:7])[c:8]1[cH:9][cH:10][cH:11][s:12]1>>[CH2:1]([N:3]([CH3:2])[CH3:4])[CH2:5][C:6](=[O:7])[c:8]1[cH:9][cH:10][cH:11][s:12]1,[N:1].O=[C:2].O=C-[C:3]>>[C:3]-[C:2]-[N:1],0
1493,CC(=O)O.CC(=O)O[BH-](OC(C)=O)OC(C)=O.ClCCl.O=[C:1]([CH3:2])[CH3:3].[F:4][c:5]1[cH:6][c:7]([O:8][CH:9]2[CH2:10][CH2:11][NH:12][CH2:13][CH2:14]2)[cH:15][cH:16][c:17]1[Br:18].[Na+]>>[CH:1]([CH3:2])([CH3:3])[N:12]1[CH2:11][CH2:10][CH:9]([O:8][c:7]2[cH:6][c:5]([F:4])[c:17]([Br:18])[cH:16][cH:15]2)[CH2:14][CH2:13]1,[N:1].O=[C:2]>>[C:2]-[N:1],0
30199,C1CCOC1.O=[N+:1]([O-])[c:2]1[c:3]([CH2:4][n:5]2[c:6]([C:7]([O:8][CH2:9][CH3:10])=[O:11])[n:12][cH:13][cH:14]2)[cH:15][cH:16][cH:17][cH:18]1.[Ni]>>[NH2:1][c:2]1[c:3]([CH2:4][n:5]2[c:6]([C:7]([O:8][CH2:9][CH3:10])=[O:11])[n:12][cH:13][cH:14]2)[cH:15][cH:16][cH:17][cH:18]1,O=[N:1]-[O-]>>[N:1],0
660,CC(=O)O.CCO.O=[N+:1]([O-])[c:2]1[c:3]([CH:4]=[C:5]([Br:6])[Br:7])[cH:8][cH:9][c:10]2[cH:11][cH:12][cH:13][cH:14][c:15]12.[Fe]>>[NH2:1][c:2]1[c:3]([CH:4]=[C:5]([Br:6])[Br:7])[cH:8][cH:9][c:10]2[cH:11][cH:12][cH:13][cH:14][c:15]12,O=[N:1]-[O-]>>[N:1],0
34207,CCO.O=[N+:1]([O-])[c:2]1[cH:3][cH:4][cH:5][c:6](-[c:7]2[c:8]([C:9]#[N:10])[cH:11][cH:12][cH:13][n:14]2)[cH:15]1.[Pd]>>[NH2:1][c:2]1[cH:3][cH:4][cH:5][c:6](-[c:7]2[c:8]([C:9]#[N:10])[cH:11][cH:12][cH:13][n:14]2)[cH:15]1,O=[N:1]-[O-]>>[N:1],0
5717,Cl[C:1](=[O:2])[CH2:3][C:4]12[CH2:5][CH:6]3[CH2:7][CH:8]([CH2:9][CH:10]([CH2:11]3)[CH2:12]1)[CH2:13]2.[NH2:14][c:15]1[cH:16][cH:17][c:18]([OH:19])[cH:20][c:21]1[Cl:22]>>[C:1](=[O:2])([CH2:3][C:4]12[CH2:5][CH:6]3[CH2:7][CH:8]([CH2:9][CH:10]([CH2:11]3)[CH2:12]1)[CH2:13]2)[NH:14][c:15]1[cH:16][cH:17][c:18]([OH:19])[cH:20][c:21]1[Cl:22],[N:1].Cl-[C:2]>>[C:2]-[N:1],0
25677,Br[c:1]1[cH:2][n:3][cH:4][c:5]([Br:6])[n:7]1.OB(O)[c:8]1[cH:9][cH:10][cH:11][cH:12][cH:13]1.c1ccc([PH](c2ccccc2)(c2ccccc2)[Pd]([PH](c2ccccc2)(c2ccccc2)c2ccccc2)([PH](c2ccccc2)(c2ccccc2)c2ccccc2)[PH](c2ccccc2)(c2ccccc2)c2ccccc2)cc1>>[c:1]1(-[c:8]2[cH:9][cH:10][cH:11][cH:12][cH:13]2)[cH:2][n:3][cH:4][c:5]([Br:6])[n:7]1,Br-[c:1].O-B(-O)-[c:2]>>[c:1]-[c:2],0
8735,CN(C)C=O.Cl[CH:1]([F:2])[F:3].O.O=C([O-])[O-].[CH3:4][CH2:5][O:6][C:7](=[O:8])[c:9]1[cH:10][n:11][nH:12][cH:13]1.[K+].[K+]>>[CH:1]([F:2])([F:3])[n:12]1[n:11][cH:10][c:9]([C:7]([O:6][CH2:5][CH3:4])=[O:8])[cH:13]1,[n:1].Cl-[C:2]>>[C:2]-[n:1],0
38803,C1COCCO1.O.O=C(OC(=O)C(F)(F)F)C(F)(F)F.O=[C:1]([c:2]1[c:3]2[n:4]([cH:5][n:6]1)-[c:7]1[cH:8][cH:9][c:10]([Cl:11])[cH:12][c:13]1[C:14](=[O:15])[N:16]([CH3:17])[CH2:18]2)[NH2:19].c1ccncc1>>[C:1]([c:2]1[c:3]2[n:4]([cH:5][n:6]1)-[c:7]1[cH:8][cH:9][c:10]([Cl:11])[cH:12][c:13]1[C:14](=[O:15])[N:16]([CH3:17])[CH2:18]2)#[N:19],O=[C:1]-[N:2]>>[C:1]#[N:2],0
1266,CO.C[O:1][C:2](=[O:3])[c:4]1[cH:5][cH:6][c:7]2[c:8]([cH:9]1)[n:10]([CH2:11][CH2:12][CH:13]([CH3:14])[CH3:15])[c:16](=[O:17])[n:18]2[CH2:19][CH2:20][CH:21]([CH3:22])[CH3:23].Cl.ClC(Cl)Cl.O.[Na+].[OH-]>>[OH:1][C:2](=[O:3])[c:4]1[cH:5][cH:6][c:7]2[c:8]([cH:9]1)[n:10]([CH2:11][CH2:12][CH:13]([CH3:14])[CH3:15])[c:16](=[O:17])[n:18]2[CH2:19][CH2:20][CH:21]([CH3:22])[CH3:23],C-[O:1]-C=O>>[O:1],0
13700,Cl[C:1]1=[N:2][c:3]2[c:4]([cH:5][cH:6][c:7]([C:8](=[O:9])[NH:10][N:11]3[CH2:12][CH2:13][CH2:14][CH2:15][CH2:16]3)[cH:17]2)[S:18][c:19]2[c:20]1[cH:21][cH:22][cH:23][cH:24]2.[I-].[Zn+][c:25]1[cH:26][cH:27][cH:28][c:29]([Br:30])[cH:31]1>>[C:1]1([c:25]2[cH:26][cH:27][cH:28][c:29]([Br:30])[cH:31]2)=[N:2][c:3]2[c:4]([cH:5][cH:6][c:7]([C:8](=[O:9])[NH:10][N:11]3[CH2:12][CH2:13][CH2:14][CH2:15][CH2:16]3)[cH:17]2)[S:18][c:19]2[c:20]1[cH:21][cH:22][cH:23][cH:24]2,[Zn+]-[c:1].Cl-[C:2]=N>>[C:2]-[c:1],0
37109,Cl.O[C:1]([c:2]1[cH:3][cH:4][c:5](-[n:6]2[n:7][cH:8][c:9](-[c:10]3[c:11]([CH3:12])[cH:13][c:14]([C:15]#[N:16])[cH:17][cH:18]3)[c:19]2[OH:20])[n:21][cH:22]1)=[O:23].[NH2:24][CH2:25][CH2:26][CH:27]1[CH2:28][CH2:29][CH2:30][CH2:31][O:32]1>>[C:1]([c:2]1[cH:3][cH:4][c:5](-[n:6]2[n:7][cH:8][c:9](-[c:10]3[c:11]([CH3:12])[cH:13][c:14]([C:15]#[N:16])[cH:17][cH:18]3)[c:19]2[OH:20])[n:21][cH:22]1)(=[O:23])[NH:24][CH2:25][CH2:26][CH:27]1[CH2:28][CH2:29][CH2:30][CH2:31][O:32]1,[N:1].O-[C:2]=O>>[C:2]-[N:1],0
39244,ClCCl.O=C(O[OH:1])c1cccc(Cl)c1.O=S([O-])([O-])=S.[CH3:2][CH2:3][CH2:4][CH2:5][O:6][CH2:7][CH2:8][O:9][c:10]1[cH:11][cH:12][c:13](-[c:14]2[cH:15][cH:16][c:17]3[c:18]([cH:19]2)[CH:20]=[C:21]([C:22](=[O:23])[NH:24][c:25]2[cH:26][cH:27][c:28]([S:29][CH2:30][c:31]4[cH:32][cH:33][cH:34][n:35][n:36]4)[cH:37][cH:38]2)[CH2:39][CH2:40][N:41]3[CH2:42][CH:43]([CH3:44])[CH3:45])[cH:46][cH:47]1.[Na+].[Na+]>>[O:1]=[S:29]([c:28]1[cH:27][cH:26][c:25]([NH:24][C:22]([C:21]2=[CH:20][c:18]3[c:17]([cH:16][cH:15][c:14](-[c:13]4[cH:12][cH:11][c:10]([O:9][CH2:8][CH2:7][O:6][CH2:5][CH2:4][CH2:3][CH3:2])[cH:47][cH:46]4)[cH:19]3)[N:41]([CH2:42][CH:43]([CH3:44])[CH3:45])[CH2:40][CH2:39]2)=[O:23])[cH:38][cH:37]1)[CH2:30][c:31]1[cH:32][cH:33][cH:34][n:35][n:36]1,[S:1].Cl-c1:c:c:c:c(-C(=O)-O-[O:2]):c:1>>[O:2]=[S:1],0
31886,ClCCl.[CH3:1][CH2:2][CH2:3][CH2:4][CH2:5][CH2:6][CH2:7][CH2:8][CH:9]([OH:10])/[CH:11]=[CH:12]/[CH:13]=[CH:14]/[c:15]1[cH:16][cH:17][cH:18][cH:19][c:20]1[CH2:21][CH2:22][CH2:23][CH2:24][C:25](=[O:26])[OH:27].[N-]=[N+]=[CH2:28]>>[CH3:1][CH2:2][CH2:3][CH2:4][CH2:5][CH2:6][CH2:7][CH2:8][CH:9]([OH:10])/[CH:11]=[CH:12]/[CH:13]=[CH:14]/[c:15]1[cH:16][cH:17][cH:18][cH:19][c:20]1[CH2:21][CH2:22][CH2:23][CH2:24][C:25](=[O:26])[O:27][CH3:28],O=C-[O:1].[C:2]=[N+]=[N-]>>[C:2]-[O:1],0
37966,COC(=O)[C@H](C(C)C)N1Cc2ccc(-c3ccc(NC(=O)c4ccccc4)cc3)cc2C1=O.Cl[C:1](=[O:2])[c:3]1[cH:4][cH:5][cH:6][c:7]([Cl:8])[cH:9]1.[CH3:10][O:11][C:12](=[O:13])[CH:14]1[CH2:15][CH2:16][CH2:17][CH:18]([N:19]2[CH2:20][c:21]3[cH:22][cH:23][c:24](-[c:25]4[cH:26][cH:27][c:28]([NH2:29])[cH:30][cH:31]4)[cH:32][c:33]3[C:34]2=[O:35])[CH2:36]1>>[C:1](=[O:2])([c:3]1[cH:4][cH:5][cH:6][c:7]([Cl:8])[cH:9]1)[NH:29][c:28]1[cH:27][cH:26][c:25](-[c:24]2[cH:23][cH:22][c:21]3[c:33]([cH:32]2)[C:34](=[O:35])[N:19]([CH:18]2[CH2:17][CH2:16][CH2:15][CH:14]([C:12]([O:11][CH3:10])=[O:13])[CH2:36]2)[CH2:20]3)[cH:31][cH:30]1,[N:1].Cl-[C:2]>>[C:2]-[N:1],0
7246,CCN(CC)CC.CN(C)C=O.ClCCl.O=C(Cl)C(=O)Cl.O[C:1](=[O:2])[c:3]1[cH:4][cH:5][c:6](-[c:7]2[cH:8][cH:9][cH:10][cH:11][cH:12]2)[n:13][cH:14]1.[CH3:15][C:16]([CH3:17])([CH3:18])[O:19][C:20](=[O:21])[c:22]1[cH:23][cH:24][c:25](-[c:26]2[cH:27][cH:28][cH:29][cH:30][cH:31]2)[cH:32][c:33]1[NH2:34]>>[C:1](=[O:2])([c:3]1[cH:4][cH:5][c:6](-[c:7]2[cH:8][cH:9][cH:10][cH:11][cH:12]2)[n:13][cH:14]1)[NH:34][c:33]1[c:22]([C:20]([O:19][C:16]([CH3:15])([CH3:17])[CH3:18])=[O:21])[cH:23][cH:24][c:25](-[c:26]2[cH:27][cH:28][cH:29][cH:30][cH:31]2)[cH:32]1,[N:1].O-[C:2]=O>>[C:2]-[N:1],0
45305,Br[c:1]1[cH:2][cH:3][cH:4][c:5]([CH2:6][N:7]([NH:8][C:9]([C@@H:10]([NH:11][C:12]([O:13][CH3:14])=[O:15])[C:16]([CH3:17])([CH3:18])[CH3:19])=[O:20])[CH2:21][C@@:22]([OH:23])([CH2:24][c:25]2[cH:26][cH:27][cH:28][cH:29][cH:30]2)[C:31](=[O:32])[NH:33][C@H:34]2[c:35]3[cH:36][cH:37][cH:38][cH:39][c:40]3[CH2:41][C@H:42]2[OH:43])[cH:44]1.CC#N.CN(C)C=O.Cl[Pd]Cl.O=CO.[CH:45]#[C:46][c:47]1[cH:48][cH:49][cH:50][cH:51][cH:52]1.[Cu]I.c1ccc(P(c2ccccc2)c2ccccc2)cc1.c1ccc(P(c2ccccc2)c2ccccc2)cc1>>[c:1]1([C:45]#[C:46][c:47]2[cH:48][cH:49][cH:50][cH:51][cH:52]2)[cH:2][cH:3][cH:4][c:5]([CH2:6][N:7]([NH:8][C:9]([C@@H:10]([NH:11][C:12]([O:13][CH3:14])=[O:15])[C:16]([CH3:17])([CH3:18])[CH3:19])=[O:20])[CH2:21][C@@:22]([OH:23])([CH2:24][c:25]2[cH:26][cH:27][cH:28][cH:29][cH:30]2)[C:31](=[O:32])[NH:33][C@H:34]2[c:35]3[cH:36][cH:37][cH:38][cH:39][c:40]3[CH2:41][C@H:42]2[OH:43])[cH:44]1,Br-[c:1].C#[C:2]>>[C:2]-[c:1],0
45230,C1COCCO1.C1COCCO1.O.O=C(O)C(F)(F)F.O=[CH:1][CH2:2][CH2:3][C:4](=[O:5])[OH:6].[BH3-]C#N.[CH3:7][CH2:8][C@H:9]([CH3:10])[C@@H:11]([C@@H:12]([CH2:13][C:14](=[O:15])[N:16]1[CH2:17][CH2:18][CH2:19][C@H:20]1[C@H:21]([O:22][CH3:23])[C@@H:24]([CH3:25])[C:26](=[O:27])[NH:28][C@H:29]([CH2:30][S:31][CH2:32][c:33]1[cH:34][cH:35][cH:36][cH:37][cH:38]1)[CH2:39][c:40]1[cH:41][cH:42][cH:43][cH:44][cH:45]1)[O:46][CH3:47])[N:48]([CH3:49])[C:50](=[O:51])[C@@H:52]([NH:53][C:54](=[O:55])[C@@H:56]([NH:57][CH3:58])[CH:59]([CH3:60])[CH3:61])[CH:62]([CH3:63])[CH3:64].[Na+]>>[CH2:1]([CH2:2][CH2:3][C:4](=[O:5])[OH:6])[N:57]([C@H:56]([C:54]([NH:53][C@H:52]([C:50]([N:48]([C@@H:11]([C@H:9]([CH2:8][CH3:7])[CH3:10])[C@@H:12]([CH2:13][C:14](=[O:15])[N:16]1[CH2:17][CH2:18][CH2:19][C@H:20]1[C@H:21]([O:22][CH3:23])[C@@H:24]([CH3:25])[C:26](=[O:27])[NH:28][C@H:29]([CH2:30][S:31][CH2:32][c:33]1[cH:34][cH:35][cH:36][cH:37][cH:38]1)[CH2:39][c:40]1[cH:41][cH:42][cH:43][cH:44][cH:45]1)[O:46][CH3:47])[CH3:49])=[O:51])[CH:62]([CH3:63])[CH3:64])=[O:55])[CH:59]([CH3:60])[CH3:61])[CH3:58],[N:1].O=[C:2]>>[C:2]-[N:1],0
20298,CC(=O)O.[N-]=[N+]=[N:1][C@@H:2]1[CH2:3][N:4]2[C:5](=[O:6])[N:7]([c:8]3[cH:9][c:10]([Cl:11])[cH:12][c:13]([Cl:14])[cH:15]3)[C:16](=[O:17])[C@@:18]2([CH2:19][c:20]2[cH:21][cH:22][c:23]([Br:24])[cH:25][cH:26]2)[CH2:27]1.[Zn]>>[NH2:1][C@@H:2]1[CH2:3][N:4]2[C:5](=[O:6])[N:7]([c:8]3[cH:9][c:10]([Cl:11])[cH:12][c:13]([Cl:14])[cH:15]3)[C:16](=[O:17])[C@@:18]2([CH2:19][c:20]2[cH:21][cH:22][c:23]([Br:24])[cH:25][cH:26]2)[CH2:27]1,[N-]=[N+]=[N:1]>>[N:1],0
20188,Br[CH2:1][CH2:2][OH:3].[O:4]=[C:5]([NH:6][CH2:7][CH:8]1[CH2:9][CH2:10][CH2:11]1)[c:12]1[n:13][c:14]([OH:15])[cH:16][cH:17][c:18]1[NH:19][C:20](=[O:21])[c:22]1[cH:23][cH:24][c:25]([CH2:26][n:27]2[cH:28][cH:29][n:30][n:31]2)[c:32]2[cH:33][cH:34][cH:35][cH:36][c:37]12>>[CH2:1]([CH2:2][OH:3])[O:15][c:14]1[n:13][c:12]([C:5](=[O:4])[NH:6][CH2:7][CH:8]2[CH2:9][CH2:10][CH2:11]2)[c:18]([NH:19][C:20](=[O:21])[c:22]2[cH:23][cH:24][c:25]([CH2:26][n:27]3[cH:28][cH:29][n:30][n:31]3)[c:32]3[cH:33][cH:34][cH:35][cH:36][c:37]23)[cH:17][cH:16]1,[O:1]-c.Br-[C:2]>>[C:2]-[O:1],0
4751,CCOC(C)=O.CN(C)C=O.Cl[CH2:1][c:2]1[o:3][c:4]2[cH:5][cH:6][c:7](-[c:8]3[cH:9][n:10]([S:11](=[O:12])(=[O:13])[c:14]4[cH:15][cH:16][cH:17][cH:18][cH:19]4)[c:20]4[c:21]3[cH:22][cH:23][c:24]([F:25])[cH:26]4)[cH:27][c:28]2[n:29]1.[CH2:30]1[CH2:31][NH:32][CH2:33][CH2:34][NH:35]1>>[CH2:1]([c:2]1[o:3][c:4]2[cH:5][cH:6][c:7](-[c:8]3[cH:9][n:10]([S:11](=[O:12])(=[O:13])[c:14]4[cH:15][cH:16][cH:17][cH:18][cH:19]4)[c:20]4[c:21]3[cH:22][cH:23][c:24]([F:25])[cH:26]4)[cH:27][c:28]2[n:29]1)[N:32]1[CH2:31][CH2:30][NH:35][CH2:34][CH2:33]1,[N:1].Cl-[C:2]>>[C:2]-[N:1],0
35923,CO.O=[N+:1]([O-])[c:2]1[cH:3][cH:4][c:5]([O:6][CH2:7][CH2:8][N:9]([CH3:10])[CH3:11])[n:12][cH:13]1.[H][H].[Pd]>>[NH2:1][c:2]1[cH:3][cH:4][c:5]([O:6][CH2:7][CH2:8][N:9]([CH3:10])[CH3:11])[n:12][cH:13]1,O=[N:1]-[O-]>>[N:1],0
17863,CCOCC.Cl[CH2:1][C@H:2]([OH:3])[c:4]1[cH:5][cH:6][c:7]([Cl:8])[n:9][cH:10]1.O.O=C([O-])O.[Na+].[Na+].[OH-]>>[CH2:1]1[C@@H:2]([c:4]2[cH:5][cH:6][c:7]([Cl:8])[n:9][cH:10]2)[O:3]1,[O:1].Cl-[C:2]>>[C:2]-[O:1],0
22672,Cl.O=C([O-])O.O=[C:1]([c:2]1[cH:3][c:4]([CH3:5])[n:6][cH:7][cH:8]1)[CH2:9][C@H:10]([c:11]1[cH:12][cH:13][c:14]([CH2:15][C:16](=[O:17])[OH:18])[cH:19][cH:20]1)[c:21]1[cH:22][cH:23][c:24]([Cl:25])[cH:26][c:27]1[CH3:28].[NH2:29][OH:30].[Na+]>>[C:1](\[c:2]1[cH:3][c:4]([CH3:5])[n:6][cH:7][cH:8]1)([CH2:9][C@H:10]([c:11]1[cH:12][cH:13][c:14]([CH2:15][C:16](=[O:17])[OH:18])[cH:19][cH:20]1)[c:21]1[cH:22][cH:23][c:24]([Cl:25])[cH:26][c:27]1[CH3:28])=[N:29]/[OH:30],[N:1].O=[C:2]>>[C:2]=[N:1],0
40282,CC(=O)O.Cl[Sn]Cl.O.O.O=[S:1](=O)(Cl)[c:2]1[n:3][c:4]([CH3:5])[n:6]([CH3:7])[cH:8]1.[ClH:9]>>[ClH:9].[SH:1][c:2]1[n:3][c:4]([CH3:5])[n:6]([CH3:7])[cH:8]1,Cl-[S:1](=O)=O>>[S:1],0
17191,C1CCOC1.CO[C:1](=[O:2])[C:3]12[CH2:4][CH2:5][CH2:6][C:7]([NH:8][C:9](=[O:10])[O:11][C:12]([CH3:13])([CH3:14])[CH3:15])([CH2:16][CH2:17]1)[CH2:18]2.[BH4-].[Li+]>>[CH2:1]([OH:2])[C:3]12[CH2:4][CH2:5][CH2:6][C:7]([NH:8][C:9](=[O:10])[O:11][C:12]([CH3:13])([CH3:14])[CH3:15])([CH2:16][CH2:17]1)[CH2:18]2,C-O-[C:1]=[O:2]>>[C:1]-[O:2],0
31091,CC(C)(C)OC(=O)[N:1]1[C@H:2]([C:3]([NH:4][C@@H:5]([C:6]([N:7]2[CH2:8][CH2:9][CH:10]([c:11]3[c:12]([NH:13][S:14]([c:15]4[c:16]([CH3:17])[cH:18][c:19]([CH3:20])[cH:21][c:22]4[CH3:23])(=[O:24])=[O:25])[cH:26][cH:27][cH:28][cH:29]3)[CH2:30][CH2:31]2)=[O:32])[CH2:33][c:34]2[cH:35][cH:36][c:37]([Cl:38])[cH:39][cH:40]2)=[O:41])[CH2:42][c:43]2[cH:44][cH:45][cH:46][cH:47][c:48]2[CH2:49]1.ClCCl.O=C(O)C(F)(F)F>>[NH:1]1[C@H:2]([C:3]([NH:4][C@@H:5]([C:6]([N:7]2[CH2:8][CH2:9][CH:10]([c:11]3[c:12]([NH:13][S:14]([c:15]4[c:16]([CH3:17])[cH:18][c:19]([CH3:20])[cH:21][c:22]4[CH3:23])(=[O:24])=[O:25])[cH:26][cH:27][cH:28][cH:29]3)[CH2:30][CH2:31]2)=[O:32])[CH2:33][c:34]2[cH:35][cH:36][c:37]([Cl:38])[cH:39][cH:40]2)=[O:41])[CH2:42][c:43]2[cH:44][cH:45][cH:46][cH:47][c:48]2[CH2:49]1,C-C(-C)(-C)-O-C(=O)-[N:1]>>[N:1],0
24246,Br[CH2:1][c:2]1[cH:3][cH:4][c:5]([Cl:6])[c:7]([O:8][c:9]2[c:10]([N+:11](=[O:12])[O-:13])[cH:14][c:15]([F:16])[c:17]([Br:18])[cH:19]2)[c:20]1[F:21].ClCCl.[NH3:22]>>[CH2:1]([c:2]1[cH:3][cH:4][c:5]([Cl:6])[c:7]([O:8][c:9]2[c:10]([N+:11](=[O:12])[O-:13])[cH:14][c:15]([F:16])[c:17]([Br:18])[cH:19]2)[c:20]1[F:21])[NH2:22],[N:1].Br-[C:2]>>[C:2]-[N:1],0
49175,CCOC(C)=O.CO.O=C([O-])O.O=[N+:1]([O-])[c:2]1[cH:3][c:4]([O:5][CH3:6])[c:7](-[n:8]2[cH:9][n:10][c:11]([CH2:12][OH:13])[cH:14]2)[cH:15][cH:16]1.[Na+]>>[NH2:1][c:2]1[cH:3][c:4]([O:5][CH3:6])[c:7](-[n:8]2[cH:9][n:10][c:11]([CH2:12][OH:13])[cH:14]2)[cH:15][cH:16]1,O=[N:1]-[O-]>>[N:1],0
49529,CO.Cl[Ni]Cl.[BH4-].[N:1]#[C:2][C:3]1([F:4])[CH2:5][N:6]([CH:7]([c:8]2[cH:9][cH:10][cH:11][cH:12][cH:13]2)[c:14]2[cH:15][cH:16][cH:17][cH:18][cH:19]2)[CH2:20]1.[Na+]>>[NH2:1][CH2:2][C:3]1([F:4])[CH2:5][N:6]([CH:7]([c:8]2[cH:9][cH:10][cH:11][cH:12][cH:13]2)[c:14]2[cH:15][cH:16][cH:17][cH:18][cH:19]2)[CH2:20]1,[C:1]#[N:2]>>[C:1]-[N:2],0
3207,BrB(Br)Br.C[O:1][c:2]1[cH:3][c:4]([CH2:5][C:6]([O:7][CH2:8][CH3:9])=[O:10])[c:11]([S:12](=[O:13])(=[O:14])[NH:15][c:16]2[cH:17][cH:18][c:19]3[c:20]([cH:21]2)[B:22]([OH:23])[O:24][CH2:25]3)[cH:26][cH:27]1.ClCCl>>[OH:1][c:2]1[cH:3][c:4]([CH2:5][C:6]([O:7][CH2:8][CH3:9])=[O:10])[c:11]([S:12](=[O:13])(=[O:14])[NH:15][c:16]2[cH:17][cH:18][c:19]3[c:20]([cH:21]2)[B:22]([OH:23])[O:24][CH2:25]3)[cH:26][cH:27]1,C-[O:1]-c>>[O:1],0
15338,Br[c:1]1[cH:2][cH:3][c:4]([CH:5]2[CH2:6][CH2:7]2)[cH:8][cH:9]1.C1CCOC1.CCCCCC.CON(C)[C:10](=[O:11])[N:12]([CH3:13])[O:14][CH3:15].[Cl-].[Li]CCCC.[NH4+]>>[c:1]1([C:10](=[O:11])[N:12]([CH3:13])[O:14][CH3:15])[cH:2][cH:3][c:4]([CH:5]2[CH2:6][CH2:7]2)[cH:8][cH:9]1,Br-[c:1].C-O-N(-C)-[C:2]>>[C:2]-[c:1],0
49707,Br[CH:1]([CH3:2])[c:3]1[cH:4][cH:5][cH:6][cH:7][cH:8]1.[O:9]=[CH:10][c:11]1[cH:12][nH:13][c:14]2[cH:15][cH:16][cH:17][cH:18][c:19]12>>[CH:1]([CH3:2])([c:3]1[cH:4][cH:5][cH:6][cH:7][cH:8]1)[n:13]1[cH:12][c:11]([CH:10]=[O:9])[c:19]2[c:14]1[cH:15][cH:16][cH:17][cH:18]2,[n:1].Br-[C:2]>>[C:2]-[n:1],0
4216,CO.Cl[CH2:1][C:2](=[O:3])[CH2:4][PH4:5].[Na].[Na].[OH:6][c:7]1[cH:8][cH:9][cH:10][c:11]([Cl:12])[cH:13]1>>[CH2:1]([C:2](=[O:3])[CH2:4][PH4:5])[O:6][c:7]1[cH:8][cH:9][cH:10][c:11]([Cl:12])[cH:13]1,[O:1]-c.Cl-[C:2]>>[C:2]-[O:1],0
17880,O[CH2:1][CH2:2][N:3]([CH2:4][CH2:5][O:6][CH3:7])[CH3:8].[CH3:9][O:10][c:11]1[cH:12][c:13]2[c:14]([O:15][c:16]3[cH:17][cH:18][c:19]4[nH:20][c:21]([CH3:22])[c:23]([CH3:24])[c:25]4[cH:26]3)[n:27][cH:28][n:29][c:30]2[cH:31][c:32]1[OH:33]>>[CH2:1]([CH2:2][N:3]([CH2:4][CH2:5][O:6][CH3:7])[CH3:8])[O:33][c:32]1[c:11]([O:10][CH3:9])[cH:12][c:13]2[c:14]([O:15][c:16]3[cH:17][cH:18][c:19]4[nH:20][c:21]([CH3:22])[c:23]([CH3:24])[c:25]4[cH:26]3)[n:27][cH:28][n:29][c:30]2[cH:31]1,[O:1]-c.O-[C:2]>>[C:2]-[O:1],0
23901,BrB(Br)Br.C[O:1][c:2]1[cH:3][c:4]([F:5])[c:6]([C:7]([CH3:8])([CH3:9])[C:10]([F:11])([F:12])[F:13])[c:14]([F:15])[cH:16]1.ClCCl>>[OH:1][c:2]1[cH:3][c:4]([F:5])[c:6]([C:7]([CH3:8])([CH3:9])[C:10]([F:11])([F:12])[F:13])[c:14]([F:15])[cH:16]1,C-[O:1]-c>>[O:1],0
31732,Br[c:1]1[cH:2][cH:3][c:4]([CH:5]([CH3:6])[C:7]([OH:8])([c:9]2[c:10]3[cH:11][cH:12][cH:13][cH:14][n:15]3[c:16](=[O:17])[cH:18][cH:19]2)[C:20]([F:21])([F:22])[F:23])[c:24]([Cl:25])[cH:26]1.OB(O)[c:27]1[cH:28][cH:29][c:30]([C:31]([O:32][CH3:33])=[O:34])[c:35]([F:36])[cH:37]1>>[c:1]1(-[c:27]2[cH:28][cH:29][c:30]([C:31]([O:32][CH3:33])=[O:34])[c:35]([F:36])[cH:37]2)[cH:2][cH:3][c:4]([CH:5]([CH3:6])[C:7]([OH:8])([c:9]2[c:10]3[cH:11][cH:12][cH:13][cH:14][n:15]3[c:16](=[O:17])[cH:18][cH:19]2)[C:20]([F:21])([F:22])[F:23])[c:24]([Cl:25])[cH:26]1,Br-[c:1].O-B(-O)-[c:2]>>[c:1]-[c:2],0
4290,Br[c:1]1[cH:2][n:3]([CH2:4][C:5]([F:6])([F:7])[F:8])[n:9][cH:10]1.CN(C)CCN.Cc1ccccc1.O=P([O-])([O-])[O-].[CH3:11][CH2:12][O:13][C:14](=[O:15])[c:16]1[cH:17][cH:18][cH:19][c:20]([S:21][c:22]2[c:23]([CH3:24])[nH:25][c:26]3[cH:27][c:28]([Cl:29])[cH:30][cH:31][c:32]23)[cH:33]1.[Cu]I.[K+].[K+].[K+]>>[c:1]1(-[n:25]2[c:23]([CH3:24])[c:22]([S:21][c:20]3[cH:19][cH:18][cH:17][c:16]([C:14]([O:13][CH2:12][CH3:11])=[O:15])[cH:33]3)[c:32]3[c:26]2[cH:27][c:28]([Cl:29])[cH:30][cH:31]3)[cH:2][n:3]([CH2:4][C:5]([F:6])([F:7])[F:8])[n:9][cH:10]1,[n:1].Br-[c:2]>>[c:2]-[n:1],0
1614,C1CCC(P(C2CCCCC2)C2CCCCC2)CC1.CC(=O)[O-].CC(=O)[O-].CC1(C)OB([c:1]2[cH:2][cH:3][cH:4][c:5]([CH2:6][O:7][CH2:8][C:9]([F:10])([F:11])[F:12])[cH:13]2)OC1(C)C.COCCOC.I[c:14]1[cH:15][c:16]([NH2:17])[n:18][n:19]1-[c:20]1[cH:21][cH:22][cH:23][cH:24][cH:25]1.O=C([O-])O.O=C([O-])[O-].[Na+].[Na+].[Na+].[Pd+2]>>[c:1]1(-[c:14]2[cH:15][c:16]([NH2:17])[n:18][n:19]2-[c:20]2[cH:21][cH:22][cH:23][cH:24][cH:25]2)[cH:2][cH:3][cH:4][c:5]([CH2:6][O:7][CH2:8][C:9]([F:10])([F:11])[F:12])[cH:13]1,I-[c:1].C-C1(-C)-O-B(-[c:2])-O-C-1(-C)-C>>[c:1]-[c:2],0
32521,O[C:1](=[O:2])[CH2:3][O:4][NH:5][C:6](=[O:7])[NH:8][CH2:9][c:10]1[cH:11][cH:12][cH:13][cH:14][cH:15]1.[CH3:16][CH2:17][O:18][CH:19]([CH2:20][N:21]([CH2:22][c:23]1[cH:24][cH:25][cH:26][c:27]2[cH:28][cH:29][cH:30][cH:31][c:32]12)[C:33](=[O:34])[C@@H:35]([NH2:36])[CH2:37][c:38]1[cH:39][cH:40][c:41]([O:42][C:43]([CH3:44])([CH3:45])[CH3:46])[cH:47][cH:48]1)[O:49][CH2:50][CH3:51]>>[C:1](=[O:2])([CH2:3][O:4][NH:5][C:6](=[O:7])[NH:8][CH2:9][c:10]1[cH:11][cH:12][cH:13][cH:14][cH:15]1)[NH:36][C@H:35]([C:33]([N:21]([CH2:20][CH:19]([O:18][CH2:17][CH3:16])[O:49][CH2:50][CH3:51])[CH2:22][c:23]1[cH:24][cH:25][cH:26][c:27]2[cH:28][cH:29][cH:30][cH:31][c:32]12)=[O:34])[CH2:37][c:38]1[cH:39][cH:40][c:41]([O:42][C:43]([CH3:44])([CH3:45])[CH3:46])[cH:47][cH:48]1,[N:1].O-[C:2]=O>>[C:2]-[N:1],0
30122,CN1CCOCC1.ClCCCl.ClCCl.O[C:1]([C@@H:2]([NH:3][C:4]([O:5][C:6]([CH3:7])([CH3:8])[CH3:9])=[O:10])[CH2:11][OH:12])=[O:13].[CH3:14][CH:15]([CH3:16])[CH2:17][C@H:18]([NH:19][C:20](=[O:21])[c:22]1[cH:23][c:24]2[cH:25][cH:26][cH:27][cH:28][c:29]2[s:30]1)[C:31](=[O:32])[N:33]1[CH2:34][CH2:35][NH:36][CH2:37][CH2:38]1>>[C:1]([C@@H:2]([NH:3][C:4]([O:5][C:6]([CH3:7])([CH3:8])[CH3:9])=[O:10])[CH2:11][OH:12])(=[O:13])[N:36]1[CH2:35][CH2:34][N:33]([C:31]([C@H:18]([CH2:17][CH:15]([CH3:14])[CH3:16])[NH:19][C:20](=[O:21])[c:22]2[cH:23][c:24]3[cH:25][cH:26][cH:27][cH:28][c:29]3[s:30]2)=[O:32])[CH2:38][CH2:37]1,[N:1].O-[C:2]=O>>[C:2]-[N:1],0
27199,C1CCOC1.CCCCCCC.CCN(C(C)C)C(C)C.CCOC(C)=O.CN(C)C(On1nnc2ccccc21)=[N+](C)C.F[B-](F)(F)F.O[C:1]([c:2]1[c:3]([S:4][CH2:5][CH:6]([CH3:7])[CH3:8])[cH:9][cH:10][c:11]([S:12]([CH3:13])(=[O:14])=[O:15])[cH:16]1)=[O:17].[F:18][c:19]1[cH:20][c:21]([C:22]([F:23])([F:24])[F:25])[cH:26][n:27][c:28]1[N:29]1[CH2:30][CH2:31][NH:32][CH2:33][CH2:34]1>>[C:1]([c:2]1[c:3]([S:4][CH2:5][CH:6]([CH3:7])[CH3:8])[cH:9][cH:10][c:11]([S:12]([CH3:13])(=[O:14])=[O:15])[cH:16]1)(=[O:17])[N:32]1[CH2:31][CH2:30][N:29]([c:28]2[c:19]([F:18])[cH:20][c:21]([C:22]([F:23])([F:24])[F:25])[cH:26][n:27]2)[CH2:34][CH2:33]1,[N:1].O-[C:2]=O>>[C:2]-[N:1],0
7688,Br[CH:1]([c:2]1[cH:3][cH:4][cH:5][cH:6][cH:7]1)[c:8]1[cH:9][cH:10][cH:11][cH:12][cH:13]1.Cc1ccccc1.O=C([O-])[O-].[CH2:14]1[CH2:15][NH:16][CH2:17][CH2:18][NH:19]1.[I-].[K+].[Na+].[Na+]>>[CH:1]([c:2]1[cH:3][cH:4][cH:5][cH:6][cH:7]1)([c:8]1[cH:9][cH:10][cH:11][cH:12][cH:13]1)[N:16]1[CH2:15][CH2:14][NH:19][CH2:18][CH2:17]1,[N:1].Br-[C:2]>>[C:2]-[N:1],0
46907,Cl[C:1](=[O:2])[c:3]1[cH:4][cH:5][c:6]([CH2:7][CH2:8][Br:9])[cH:10][cH:11]1.[CH3:12][S:13]([NH2:14])(=[O:15])=[O:16]>>[C:1](=[O:2])([c:3]1[cH:4][cH:5][c:6]([CH2:7][CH2:8][Br:9])[cH:10][cH:11]1)[NH:14][S:13]([CH3:12])(=[O:15])=[O:16],[N:1].Cl-[C:2]>>[C:2]-[N:1],0
32948,Br[CH2:1][C:2]([O:3][C:4]([CH3:5])([CH3:6])[CH3:7])=[O:8].[H-].[Na+].[O:9]=[N+:10]([O-:11])[c:12]1[cH:13][cH:14][c:15]([N:16]2[CH2:17][CH2:18][CH:19]([OH:20])[CH2:21]2)[n:22][cH:23]1>>[CH2:1]([C:2]([O:3][C:4]([CH3:5])([CH3:6])[CH3:7])=[O:8])[O:20][CH:19]1[CH2:18][CH2:17][N:16]([c:15]2[cH:14][cH:13][c:12]([N+:10](=[O:9])[O-:11])[cH:23][n:22]2)[CH2:21]1,[O:1].Br-[C:2]>>[C:2]-[O:1],0
42061,CCO.C[O:1][C:2](=[O:3])[C:4]([CH3:5])([CH3:6])[c:7]1[cH:8][cH:9][c:10]([Br:11])[cH:12][cH:13]1.O.[K+].[OH-]>>[OH:1][C:2](=[O:3])[C:4]([CH3:5])([CH3:6])[c:7]1[cH:8][cH:9][c:10]([Br:11])[cH:12][cH:13]1,C-[O:1]-C=O>>[O:1],0
31301,C1CCOC1.CO.C[O:1][C:2]([CH2:3][CH2:4][c:5]1[cH:6][cH:7][c:8](-[c:9]2[cH:10][cH:11][cH:12][c:13]([N:14]([C:15]([NH:16][CH2:17][CH2:18][CH2:19][CH2:20][CH3:21])=[O:22])[CH3:23])[cH:24]2)[c:25]([O:26][CH2:27][CH2:28][CH2:29][CH3:30])[cH:31]1)=[O:32].[Na+].[OH-]>>[OH:1][C:2]([CH2:3][CH2:4][c:5]1[cH:6][cH:7][c:8](-[c:9]2[cH:10][cH:11][cH:12][c:13]([N:14]([C:15]([NH:16][CH2:17][CH2:18][CH2:19][CH2:20][CH3:21])=[O:22])[CH3:23])[cH:24]2)[c:25]([O:26][CH2:27][CH2:28][CH2:29][CH3:30])[cH:31]1)=[O:32],C-[O:1]-C=O>>[O:1],0
26020,CCN(C(C)C)C(C)C.CN(C)C=O.Cl[c:1]1[n:2][cH:3][c:4]([N+:5](=[O:6])[O-:7])[c:8]([NH:9][CH:10]2[CH2:11][CH2:12][CH2:13][CH2:14]2)[n:15]1.[NH2:16][C@H:17]1[CH2:18][CH2:19][C@H:20]([OH:21])[CH2:22][CH2:23]1>>[c:1]1([NH:16][C@@H:17]2[CH2:18][CH2:19][C@@H:20]([OH:21])[CH2:22][CH2:23]2)[n:2][cH:3][c:4]([N+:5](=[O:6])[O-:7])[c:8]([NH:9][CH:10]2[CH2:11][CH2:12][CH2:13][CH2:14]2)[n:15]1,[N:1].Cl-[c:2]>>[N:1]-[c:2],0
22981,CCN(C(C)C)C(C)C.CN(C)C(On1nnc2ccccc21)=[N+](C)C.CN(C)C=O.F[B-](F)(F)F.O.O[C:1](=[O:2])[c:3]1[cH:4][cH:5][cH:6][c:7]2[cH:8][cH:9][nH:10][c:11]12.[CH3:12][C:13]([CH3:14])([CH3:15])[c:16]1[cH:17][cH:18][c:19]([CH2:20][NH:21][CH2:22][CH2:23][c:24]2[cH:25][cH:26][c:27]([F:28])[c:29]([F:30])[cH:31]2)[cH:32][cH:33]1>>[C:1](=[O:2])([c:3]1[cH:4][cH:5][cH:6][c:7]2[cH:8][cH:9][nH:10][c:11]12)[N:21]([CH2:20][c:19]1[cH:18][cH:17][c:16]([C:13]([CH3:12])([CH3:14])[CH3:15])[cH:33][cH:32]1)[CH2:22][CH2:23][c:24]1[cH:25][cH:26][c:27]([F:28])[c:29]([F:30])[cH:31]1,[N:1].O-[C:2]=O>>[C:2]-[N:1],0
20829,Br[c:1]1[cH:2][cH:3][cH:4][c:5]([CH2:6][C:7]([O:8][CH3:9])=[O:10])[cH:11]1.CN(C)C=O.[C-:12]#[N:13].[C-]#N.[Zn+2].c1ccc([PH](c2ccccc2)(c2ccccc2)[Pd]([PH](c2ccccc2)(c2ccccc2)c2ccccc2)([PH](c2ccccc2)(c2ccccc2)c2ccccc2)[PH](c2ccccc2)(c2ccccc2)c2ccccc2)cc1>>[c:1]1([C:12]#[N:13])[cH:2][cH:3][cH:4][c:5]([CH2:6][C:7]([O:8][CH3:9])=[O:10])[cH:11]1,Br-[c:1].N#[C:2]>>[C:2]-[c:1],0
6771,C1CCOC1.Cl[S:1]([CH3:2])(=[O:3])=[O:4].[N:5]#[C:6][c:7]1[cH:8][cH:9][c:10]([NH2:11])[c:12]([N+:13](=[O:14])[O-:15])[cH:16]1>>[S:1]([CH3:2])(=[O:3])(=[O:4])[NH:11][c:10]1[cH:9][cH:8][c:7]([C:6]#[N:5])[cH:16][c:12]1[N+:13](=[O:14])[O-:15],[N:1].Cl-[S:2]>>[N:1]-[S:2],0
11154,O=[CH:1][c:2]1[cH:3][s:4][c:5]([Br:6])[cH:7]1.[CH3:8][O:9][c:10]1[cH:11][cH:12][c:13](-[c:14]2[cH:15][n:16][cH:17][o:18]2)[cH:19][c:20]1[NH2:21]>>[CH2:1]([c:2]1[cH:3][s:4][c:5]([Br:6])[cH:7]1)[NH:21][c:20]1[c:10]([O:9][CH3:8])[cH:11][cH:12][c:13](-[c:14]2[cH:15][n:16][cH:17][o:18]2)[cH:19]1,[N:1].O=[C:2]>>[C:2]-[N:1],0
44811,CC(=O)O.CCOC(C)=O.CO.O=C([O-])O.O=[CH:1][c:2]1[cH:3][cH:4][c:5]([F:6])[cH:7][cH:8]1.[BH3-]C#N.[CH3:9][O:10][C:11](=[O:12])[CH:13]1[CH2:14][CH2:15][CH2:16][CH:17]1[NH2:18].[Na+].[Na+]>>[CH2:1]([c:2]1[cH:3][cH:4][c:5]([F:6])[cH:7][cH:8]1)[NH:18][CH:17]1[CH:13]([C:11]([O:10][CH3:9])=[O:12])[CH2:14][CH2:15][CH2:16]1,[N:1].O=[C:2]>>[C:2]-[N:1],0
14642,CO.[H][H].[Pd].c1ccc(C[N:1]2[CH2:2][C@@H:3]([O:4][CH3:5])[C@H:6]([NH:7][C:8](=[O:9])[c:10]3[cH:11][cH:12][cH:13][c:14]([C:15]([F:16])([F:17])[F:18])[cH:19]3)[CH2:20][CH2:21]2)cc1>>[NH:1]1[CH2:2][C@@H:3]([O:4][CH3:5])[C@H:6]([NH:7][C:8](=[O:9])[c:10]2[cH:11][cH:12][cH:13][c:14]([C:15]([F:16])([F:17])[F:18])[cH:19]2)[CH2:20][CH2:21]1,[N:1]-C-c1:c:c:c:c:c:1>>[N:1],0
31739,F[c:1]1[cH:2][cH:3][cH:4][cH:5][n:6]1.[CH3:7][C:8]([CH3:9])([CH3:10])[O:11][C:12](=[O:13])[NH:14][CH:15]1[CH2:16][CH2:17][NH:18][CH2:19]1>>[c:1]1([N:18]2[CH2:17][CH2:16][CH:15]([NH:14][C:12]([O:11][C:8]([CH3:7])([CH3:9])[CH3:10])=[O:13])[CH2:19]2)[cH:2][cH:3][cH:4][cH:5][n:6]1,[N:1].F-[c:2]>>[N:1]-[c:2],0
27520,CN(C)c1ccccc1.ClCCl.Cl[C:1](=[O:2])[O:3][c:4]1[cH:5][cH:6][cH:7][cH:8][cH:9]1.O.[NH2:10][c:11]1[cH:12][cH:13][c:14]2[cH:15][cH:16][n:17]([CH2:18][c:19]3[c:20]([Cl:21])[cH:22][cH:23][cH:24][c:25]3[Cl:26])[c:27]2[cH:28]1>>[C:1](=[O:2])([O:3][c:4]1[cH:5][cH:6][cH:7][cH:8][cH:9]1)[NH:10][c:11]1[cH:12][cH:13][c:14]2[cH:15][cH:16][n:17]([CH2:18][c:19]3[c:20]([Cl:21])[cH:22][cH:23][cH:24][c:25]3[Cl:26])[c:27]2[cH:28]1,[N:1].Cl-[C:2](-O)=O>>[C:2]-[N:1],0
2578,CC#N.CC[O:1][C:2](=[O:3])[c:4]1[cH:5][n:6]2[cH:7][c:8]([Br:9])[cH:10][c:11]([C:12]([F:13])([F:14])[F:15])[c:16]2[n:17]1.Cl>>[OH:1][C:2](=[O:3])[c:4]1[cH:5][n:6]2[cH:7][c:8]([Br:9])[cH:10][c:11]([C:12]([F:13])([F:14])[F:15])[c:16]2[n:17]1,C-C-[O:1]-C=O>>[O:1],0
25782,CN(C)C=O.O.O=C(n1ccnc1)n1ccnc1.O[C:1]([c:2]1[cH:3][cH:4][c:5]2[c:6]([cH:7]1)[C:8]([CH3:9])([CH3:10])[CH2:11][CH:12]([c:13]1[cH:14][c:15]([N:16]3[CH2:17][CH2:18][O:19][CH2:20][CH2:21]3)[cH:22][cH:23][c:24]1[Cl:25])[NH:26]2)=[O:27].[CH3:28][S:29]([NH2:30])(=[O:31])=[O:32].[H-].[Na+]>>[C:1]([c:2]1[cH:3][cH:4][c:5]2[c:6]([cH:7]1)[C:8]([CH3:9])([CH3:10])[CH2:11][CH:12]([c:13]1[cH:14][c:15]([N:16]3[CH2:17][CH2:18][O:19][CH2:20][CH2:21]3)[cH:22][cH:23][c:24]1[Cl:25])[NH:26]2)(=[O:27])[NH:30][S:29]([CH3:28])(=[O:31])=[O:32],[N:1].O-[C:2]=O>>[C:2]-[N:1],0
43405,CN(C)C=O.Cl[c:1]1[o:2][c:3]([CH2:4][CH2:5][CH2:6][O:7][c:8]2[c:9]([CH3:10])[cH:11][cH:12][cH:13][cH:14]2)[c:15](-[c:16]2[cH:17][cH:18][c:19]([Cl:20])[cH:21][cH:22]2)[n:23]1.O.O=C([O-])[O-].[CH3:24][CH:25]([CH3:26])[c:27]1[n:28][cH:29][cH:30][nH:31]1.[K+].[K+]>>[c:1]1(-[n:31]2[c:27]([CH:25]([CH3:24])[CH3:26])[n:28][cH:29][cH:30]2)[o:2][c:3]([CH2:4][CH2:5][CH2:6][O:7][c:8]2[c:9]([CH3:10])[cH:11][cH:12][cH:13][cH:14]2)[c:15](-[c:16]2[cH:17][cH:18][c:19]([Cl:20])[cH:21][cH:22]2)[n:23]1,[n:1].Cl-[c:2]>>[c:2]-[n:1],0
34384,CCO.O=C[O-].[NH4+].[Pd].c1ccc(C[N:1]2[CH2:2][CH:3]([C:4]([O:5][CH3:6])=[O:7])[O:8][C:9]3([CH2:10]2)[CH2:11][CH2:12][N:13]([C:14](=[O:15])[O:16][C:17]([CH3:18])([CH3:19])[CH3:20])[CH2:21][CH2:22]3)cc1>>[NH:1]1[CH2:2][CH:3]([C:4]([O:5][CH3:6])=[O:7])[O:8][C:9]2([CH2:10]1)[CH2:11][CH2:12][N:13]([C:14](=[O:15])[O:16][C:17]([CH3:18])([CH3:19])[CH3:20])[CH2:21][CH2:22]2,[N:1]-C-c1:c:c:c:c:c:1>>[N:1],0
2170,BrC(Br)[Br:1].CC(C)CCON=O.N[c:2]1[n:3][cH:4][c:5](-[c:6]2[cH:7][n:8][cH:9][c:10]([C:11]([O:12][CH2:13][CH3:14])=[O:15])[cH:16]2)[n:17][n:18]1>>[Br:1][c:2]1[n:3][cH:4][c:5](-[c:6]2[cH:7][n:8][cH:9][c:10]([C:11]([O:12][CH2:13][CH3:14])=[O:15])[cH:16]2)[n:17][n:18]1,N-[c:1].Br-C(-Br)-[Br:2]>>[Br:2]-[c:1],0
4565,CN(C)C=O.C[P+](C)(C)[CH2:1][CH2:2][CH:3]([CH3:4])[CH3:5].O=[CH:6][C@@H:7]([CH3:8])[CH2:9][CH2:10][Cl:11].[Br-].[Li]CCCC>>[CH:1](\[CH2:2][CH:3]([CH3:4])[CH3:5])=[CH:6]\[C@@H:7]([CH3:8])[CH2:9][CH2:10][Cl:11],O=[C:1].C-[P+](-C)(-C)-[C:2]>>[C:1]=[C:2],0
32029,C1COCCO1.CC(C)(C)OC(=O)[NH:1][C@@H:2]([CH3:3])[C:4](=[O:5])[NH:6][CH:7]1[CH2:8][CH2:9][CH2:10][CH2:11][CH2:12]1.[ClH:13]>>[ClH:13].[NH2:1][C@@H:2]([CH3:3])[C:4](=[O:5])[NH:6][CH:7]1[CH2:8][CH2:9][CH2:10][CH2:11][CH2:12]1,C-C(-C)(-C)-O-C(=O)-[N:1]>>[N:1],0
14964,O[C:1]([c:2]1[cH:3][c:4]([O:5][CH2:6][C:7]([O:8][C:9]([CH3:10])([CH3:11])[CH3:12])=[O:13])[c:14]([Cl:15])[cH:16][cH:17]1)=[O:18].[CH3:19][c:20]1[c:21]([O:22][CH:23]2[CH2:24][CH2:25][N:26]([CH2:27][C@H:28]([OH:29])[CH2:30][NH2:31])[CH2:32][CH2:33]2)[cH:34][cH:35][c:36]([Cl:37])[c:38]1[Cl:39]>>[C:1]([c:2]1[cH:3][c:4]([O:5][CH2:6][C:7]([O:8][C:9]([CH3:10])([CH3:11])[CH3:12])=[O:13])[c:14]([Cl:15])[cH:16][cH:17]1)(=[O:18])[NH:31][CH2:30][C@H:28]([CH2:27][N:26]1[CH2:25][CH2:24][CH:23]([O:22][c:21]2[c:20]([CH3:19])[c:38]([Cl:39])[c:36]([Cl:37])[cH:35][cH:34]2)[CH2:33][CH2:32]1)[OH:29],[N:1].O-[C:2]=O>>[C:2]-[N:1],0
1005,C1COCCO1.CC(C)(C)[O:1][C:2](=[O:3])[CH2:4][O:5][NH:6][C:7](=[O:8])[NH:9][CH2:10][c:11]1[cH:12][cH:13][cH:14][c:15]2[cH:16][cH:17][cH:18][cH:19][c:20]12.Cl>>[OH:1][C:2](=[O:3])[CH2:4][O:5][NH:6][C:7](=[O:8])[NH:9][CH2:10][c:11]1[cH:12][cH:13][cH:14][c:15]2[cH:16][cH:17][cH:18][cH:19][c:20]12,C-C(-C)(-C)-[O:1]-C=O>>[O:1],0
48935,CN(C)C=O.CS(N)(=O)=O.O=C(n1ccnc1)n1ccnc1.O[C:1]([c:2]1[cH:3][c:4]2[c:5]([cH:6][cH:7]1)[NH:8][CH:9]([c:10]1[cH:11][cH:12][cH:13][c:14]([N:15]3[C:16](=[O:17])[O:18][CH2:19][C@H:20]3[CH2:21][c:22]3[cH:23][cH:24][cH:25][cH:26][cH:27]3)[cH:28]1)[C:29]([CH3:30])([CH3:31])[CH2:32]2)=[O:33].[H-].[NH2:34][S:35](=[O:36])(=[O:37])[CH:38]1[CH2:39][CH2:40]1.[Na+]>>[C:1]([c:2]1[cH:3][c:4]2[c:5]([cH:6][cH:7]1)[NH:8][CH:9]([c:10]1[cH:11][cH:12][cH:13][c:14]([N:15]3[C:16](=[O:17])[O:18][CH2:19][C@H:20]3[CH2:21][c:22]3[cH:23][cH:24][cH:25][cH:26][cH:27]3)[cH:28]1)[C:29]([CH3:30])([CH3:31])[CH2:32]2)(=[O:33])[NH:34][S:35](=[O:36])(=[O:37])[CH:38]1[CH2:39][CH2:40]1,[N:1].O-[C:2]=O>>[C:2]-[N:1],0
23747,C1CCOC1.CCOCC.FB(F)F.O=[C:1]([CH:2]1[CH2:3][c:4]2[c:5]([n:6][c:7]([NH2:8])[s:9]2)[CH2:10][CH2:11]1)[N:12]1[CH2:13][CH2:14][N:15]([c:16]2[cH:17][cH:18][cH:19][cH:20][n:21]2)[CH2:22][CH2:23]1.[BH4-].[Na+]>>[CH2:1]([CH:2]1[CH2:3][c:4]2[c:5]([n:6][c:7]([NH2:8])[s:9]2)[CH2:10][CH2:11]1)[N:12]1[CH2:13][CH2:14][N:15]([c:16]2[cH:17][cH:18][cH:19][cH:20][n:21]2)[CH2:22][CH2:23]1,O=[C:1]>>[C:1],0
13901,Cl.O[C:1]([c:2]1[c:3]([O:4][CH3:5])[cH:6][cH:7][c:8]([NH:9][S:10]([CH3:11])(=[O:12])=[O:13])[cH:14]1)=[O:15].[CH3:16][CH2:17][O:18][CH2:19][CH2:20][n:21]1[c:22]([NH:23][CH:24]2[CH2:25][CH2:26][N:27]([CH2:28][CH2:29][C:30]3([c:31]4[cH:32][cH:33][cH:34][cH:35][cH:36]4)[CH2:37][CH2:38][NH:39][CH2:40]3)[CH2:41][CH2:42]2)[n:43][c:44]2[cH:45][cH:46][cH:47][cH:48][c:49]12>>[C:1]([c:2]1[c:3]([O:4][CH3:5])[cH:6][cH:7][c:8]([NH:9][S:10]([CH3:11])(=[O:12])=[O:13])[cH:14]1)(=[O:15])[N:39]1[CH2:38][CH2:37][C:30]([CH2:29][CH2:28][N:27]2[CH2:26][CH2:25][CH:24]([NH:23][c:22]3[n:21]([CH2:20][CH2:19][O:18][CH2:17][CH3:16])[c:49]4[c:44]([n:43]3)[cH:45][cH:46][cH:47][cH:48]4)[CH2:42][CH2:41]2)([c:31]2[cH:32][cH:33][cH:34][cH:35][cH:36]2)[CH2:40]1,[N:1].O-[C:2]=O>>[C:2]-[N:1],0
16731,Cl.O=[CH:1][c:2]1[cH:3][c:4]([O:5][Si:6]([C:7]([CH3:8])([CH3:9])[CH3:10])([CH3:11])[CH3:12])[cH:13][c:14]([O:15][Si:16]([CH3:17])([CH3:18])[C:19]([CH3:20])([CH3:21])[CH3:22])[cH:23]1.[CH3:24][CH2:25][O:26][C:27](=[O:28])[C:29]([CH3:30])([CH3:31])[NH2:32]>>[CH2:1]([c:2]1[cH:3][c:4]([O:5][Si:6]([C:7]([CH3:8])([CH3:9])[CH3:10])([CH3:11])[CH3:12])[cH:13][c:14]([O:15][Si:16]([CH3:17])([CH3:18])[C:19]([CH3:20])([CH3:21])[CH3:22])[cH:23]1)[NH:32][C:29]([C:27]([O:26][CH2:25][CH3:24])=[O:28])([CH3:30])[CH3:31],[N:1].O=[C:2]>>[C:2]-[N:1],0
2258,CCCC(=O)Cl.CCN(CC)CC.Cl.ClCCl.Cl[C:1]([CH2:2][CH2:3][O:4][CH3:5])=[O:6].O.[NH2:7][c:8]1[cH:9][n:10][c:11]2[cH:12][c:13]([Br:14])[cH:15][cH:16][c:17]2[c:18]1[OH:19]>>[C:1]([CH2:2][CH2:3][O:4][CH3:5])(=[O:6])[NH:7][c:8]1[cH:9][n:10][c:11]2[cH:12][c:13]([Br:14])[cH:15][cH:16][c:17]2[c:18]1[OH:19],[N:1].Cl-[C:2]>>[C:2]-[N:1],0
7938,CCO.O.[BH4-].[CH:1]#[C:2][CH2:3][O:4][c:5]1[cH:6][cH:7][c:8]([CH2:9][CH2:10][C:11](=[O:12])[NH:13][CH2:14][c:15]2[cH:16][cH:17][c:18]([CH:19]=[O:20])[cH:21][cH:22]2)[cH:23][c:24]1[O:25][CH3:26].[Cl-].[NH4+].[Na+]>>[CH:1]#[C:2][CH2:3][O:4][c:5]1[cH:6][cH:7][c:8]([CH2:9][CH2:10][C:11](=[O:12])[NH:13][CH2:14][c:15]2[cH:16][cH:17][c:18]([CH2:19][OH:20])[cH:21][cH:22]2)[cH:23][c:24]1[O:25][CH3:26],[C:1]=[O:2]>>[C:1]-[O:2],0
5435,COC(=O)[C:1]1([C:2]([CH3:3])=[O:4])[CH2:5][CH2:6][O:7][CH2:8][CH2:9]1.Cl>>[CH:1]1([C:2]([CH3:3])=[O:4])[CH2:5][CH2:6][O:7][CH2:8][CH2:9]1,C-O-C(=O)-[C:1]-C=O>>[C:1],0
43197,CN1CCCC1=O.COP([O-])OC.Cl[C:1]([c:2]1[cH:3][cH:4][cH:5][c:6]([Cl:7])[n:8]1)([Cl:9])[Cl:10].O.[Na+].[OH-].c1ccncc1>>[CH:1]([c:2]1[cH:3][cH:4][cH:5][c:6]([Cl:7])[n:8]1)([Cl:9])[Cl:10],Cl-[C:1]>>[C:1],0
40188,C1CCOC1.Cl[CH2:1][C:2]([N:3]([O:4][CH3:5])[CH3:6])=[O:7].[H-].[Na+].[cH:8]1[cH:9][nH:10][cH:11][n:12]1>>[CH2:1]([C:2]([N:3]([O:4][CH3:5])[CH3:6])=[O:7])[n:10]1[cH:9][cH:8][n:12][cH:11]1,[n:1].Cl-[C:2]>>[C:2]-[n:1],0
44172,CCO.O.O=[N+:1]([O-])[c:2]1[cH:3][cH:4][cH:5][c:6]([C:7]([NH:8][S:9]([CH3:10])(=[O:11])=[O:12])=[O:13])[cH:14]1.[Pd]>>[NH2:1][c:2]1[cH:3][cH:4][cH:5][c:6]([C:7]([NH:8][S:9]([CH3:10])(=[O:11])=[O:12])=[O:13])[cH:14]1,O=[N:1]-[O-]>>[N:1],0
39196,CCN(CC)CC.ClCCl.Cl[C:1](=[O:2])[O:3][c:4]1[cH:5][cH:6][cH:7][cH:8][cH:9]1.[CH3:10][c:11]1[n:12][cH:13][cH:14][cH:15][c:16]1[O:17][c:18]1[cH:19][cH:20][c:21]([NH2:22])[cH:23][n:24]1>>[C:1](=[O:2])([O:3][c:4]1[cH:5][cH:6][cH:7][cH:8][cH:9]1)[NH:22][c:21]1[cH:20][cH:19][c:18]([O:17][c:16]2[c:11]([CH3:10])[n:12][cH:13][cH:14][cH:15]2)[n:24][cH:23]1,[N:1].Cl-[C:2](-O)=O>>[C:2]-[N:1],0
10319,Cl[C:1](=[O:2])[O:3][CH2:4][c:5]1[cH:6][cH:7][cH:8][cH:9][cH:10]1.[K+].[OH-].[OH:11][CH:12]1[CH2:13][CH2:14][NH:15][CH2:16]1>>[C:1](=[O:2])([O:3][CH2:4][c:5]1[cH:6][cH:7][cH:8][cH:9][cH:10]1)[N:15]1[CH2:14][CH2:13][CH:12]([OH:11])[CH2:16]1,[N:1].Cl-[C:2](-O)=O>>[C:2]-[N:1],0
37066,C1CCNCC1.CCO.O=[CH:1][c:2]1[cH:3][cH:4][cH:5][nH:6]1.[O:7]=[C:8]1[CH2:9][c:10]2[cH:11][cH:12][c:13]([NH:14][c:15]3[cH:16][cH:17][cH:18][c:19](-[c:20]4[n:21][n:22][c:23](-[c:24]5[cH:25][cH:26][cH:27][c:28]([O:29][C:30]([F:31])([F:32])[F:33])[cH:34]5)[nH:35]4)[cH:36]3)[cH:37][c:38]2[NH:39]1>>[CH:1]([c:2]1[cH:3][cH:4][cH:5][nH:6]1)=[C:9]1[C:8](=[O:7])[NH:39][c:38]2[c:10]1[cH:11][cH:12][c:13]([NH:14][c:15]1[cH:16][cH:17][cH:18][c:19](-[c:20]3[n:21][n:22][c:23](-[c:24]4[cH:25][cH:26][cH:27][c:28]([O:29][C:30]([F:31])([F:32])[F:33])[cH:34]4)[nH:35]3)[cH:36]1)[cH:37]2,O=[C:1].O=C-[C:2]>>[C:1]=[C:2],0
2388,Br[c:1]1[cH:2][n:3][c:4]2[c:5]([cH:6]1)[CH2:7][N:8]([CH2:9][C:10]([O:11][CH2:12][CH3:13])=[O:14])[CH2:15][C:16](=[O:17])[NH:18]2.CC(=O)[O-].CC(=O)[O-].CCC#N.CN(C)C=O.Cc1ccccc1P(c1ccccc1C)c1ccccc1C.[CH2:19]=[CH:20][C:21](=[O:22])[O:23][C:24]([CH3:25])([CH3:26])[CH3:27].[Pd+2]>>[c:1]1(/[CH:19]=[CH:20]/[C:21](=[O:22])[O:23][C:24]([CH3:25])([CH3:26])[CH3:27])[cH:2][n:3][c:4]2[c:5]([cH:6]1)[CH2:7][N:8]([CH2:9][C:10]([O:11][CH2:12][CH3:13])=[O:14])[CH2:15][C:16](=[O:17])[NH:18]2,Br-[c:1].C=[C:2]>>[C:2]-[c:1],0
14263,Cl.Cl.Cl[C:1]([N:2]1[C:3]([c:4]2[c:5]([O:6][CH2:7][CH3:8])[cH:9][c:10]([C:11]([CH3:12])([CH3:13])[C:14]#[N:15])[cH:16][cH:17]2)=[N:18][C@@H:19]([c:20]2[cH:21][cH:22][c:23]([Cl:24])[cH:25][cH:26]2)[C@H:27]1[c:28]1[cH:29][cH:30][c:31]([Cl:32])[cH:33][cH:34]1)=[O:35].[CH3:36][S:37](=[O:38])(=[O:39])[CH2:40][CH2:41][N:42]1[CH2:43][CH2:44][NH:45][CH2:46][CH2:47]1>>[C:1]([N:2]1[C:3]([c:4]2[c:5]([O:6][CH2:7][CH3:8])[cH:9][c:10]([C:11]([CH3:12])([CH3:13])[C:14]#[N:15])[cH:16][cH:17]2)=[N:18][C@@H:19]([c:20]2[cH:21][cH:22][c:23]([Cl:24])[cH:25][cH:26]2)[C@H:27]1[c:28]1[cH:29][cH:30][c:31]([Cl:32])[cH:33][cH:34]1)(=[O:35])[N:45]1[CH2:44][CH2:43][N:42]([CH2:41][CH2:40][S:37]([CH3:36])(=[O:38])=[O:39])[CH2:47][CH2:46]1,[N:1].Cl-[C:2]>>[C:2]-[N:1],0
47152,Cl[c:1]1[n:2][c:3](=[O:4])[n:5]2[c:6]([cH:7]1)-[c:8]1[cH:9][cH:10][c:11]([O:12][CH3:13])[cH:14][c:15]1[CH2:16][CH2:17]2.[OH:18][CH2:19][c:20]1[cH:21][n:22][c:23]([O:24][c:25]2[cH:26][cH:27][c:28]([Cl:29])[c:30]([C:31]([F:32])([F:33])[F:34])[cH:35]2)[c:36]([F:37])[cH:38]1>>[c:1]1([O:18][CH2:19][c:20]2[cH:21][n:22][c:23]([O:24][c:25]3[cH:26][cH:27][c:28]([Cl:29])[c:30]([C:31]([F:32])([F:33])[F:34])[cH:35]3)[c:36]([F:37])[cH:38]2)[n:2][c:3](=[O:4])[n:5]2[c:6]([cH:7]1)-[c:8]1[cH:9][cH:10][c:11]([O:12][CH3:13])[cH:14][c:15]1[CH2:16][CH2:17]2,[O:1].Cl-[c:2]>>[O:1]-[c:2],0
4227,Br[c:1]1[cH:2][c:3]([CH3:4])[c:5]([Br:6])[cH:7][n:8]1.C1COCCO1.CC(C)(C)[O-].CC1(C)c2cccc(P(c3ccccc3)c3ccccc3)c2Oc2c(P(c3ccccc3)c3ccccc3)cccc21.O=C(/C=C/c1ccccc1)/C=C/c1ccccc1.O=C(/C=C/c1ccccc1)/C=C/c1ccccc1.O=C(/C=C/c1ccccc1)/C=C/c1ccccc1.[Na+].[O:9]=[S:10]1(=[O:11])[CH2:12][CH2:13][NH:14][CH2:15][CH2:16]1.[Pd].[Pd]>>[c:1]1([N:14]2[CH2:13][CH2:12][S:10](=[O:9])(=[O:11])[CH2:16][CH2:15]2)[cH:2][c:3]([CH3:4])[c:5]([Br:6])[cH:7][n:8]1,[N:1].Br-[c:2]>>[N:1]-[c:2],0
33668,CC(=O)N(C)C.Cl[c:1]1[n:2][cH:3][cH:4][cH:5][n:6]1.O.[H-].[NH2:7][c:8]1[cH:9][cH:10][c:11]([Br:12])[cH:13][c:14]1[F:15].[Na+]>>[c:1]1([NH:7][c:8]2[cH:9][cH:10][c:11]([Br:12])[cH:13][c:14]2[F:15])[n:2][cH:3][cH:4][cH:5][n:6]1,[N:1].Cl-[c:2]>>[N:1]-[c:2],0
6707,CS(=O)(=O)O[CH2:1][C:2]([F:3])([F:4])[F:5].[CH3:6][c:7]1[cH:8][c:9]([C:10]#[C:11][c:12]2[cH:13][nH:14][c:15]([CH3:16])[n:17]2)[cH:18][cH:19][n:20]1>>[CH2:1]([C:2]([F:3])([F:4])[F:5])[n:14]1[cH:13][c:12]([C:11]#[C:10][c:9]2[cH:8][c:7]([CH3:6])[n:20][cH:19][cH:18]2)[n:17][c:15]1[CH3:16],[n:1].C-S(=O)(=O)-O-[C:2]>>[C:2]-[n:1],0
12780,CO.[BH4-].[CH3:1][C:2](=[O:3])[c:4]1[cH:5][n:6][c:7]([N:8]2[CH2:9][CH2:10][N:11]([c:12]3[n:13][c:14]4[cH:15][cH:16][c:17]([C:18]([F:19])([F:20])[F:21])[cH:22][c:23]4[nH:24]3)[CH2:25][CH2:26]2)[c:27]([Cl:28])[cH:29]1.[Na+]>>[CH3:1][CH:2]([OH:3])[c:4]1[cH:5][n:6][c:7]([N:8]2[CH2:9][CH2:10][N:11]([c:12]3[n:13][c:14]4[cH:15][cH:16][c:17]([C:18]([F:19])([F:20])[F:21])[cH:22][c:23]4[nH:24]3)[CH2:25][CH2:26]2)[c:27]([Cl:28])[cH:29]1,[C:1]=[O:2]>>[C:1]-[O:2],0
34069,Br[CH2:1][CH2:2][CH2:3][C:4]([O:5][CH2:6][CH3:7])=[O:8].[CH3:9][O:10][C:11](=[O:12])/[CH:13]=[CH:14]/[c:15]1[c:16]([OH:17])[cH:18][cH:19][cH:20][c:21]1[C:22]#[C:23][CH2:24][CH2:25][CH2:26][CH2:27][O:28][CH:29]1[CH2:30][CH2:31][CH2:32][CH2:33][O:34]1>>[CH2:1]([CH2:2][CH2:3][C:4]([O:5][CH2:6][CH3:7])=[O:8])[O:17][c:16]1[c:15](/[CH:14]=[CH:13]/[C:11]([O:10][CH3:9])=[O:12])[c:21]([C:22]#[C:23][CH2:24][CH2:25][CH2:26][CH2:27][O:28][CH:29]2[CH2:30][CH2:31][CH2:32][CH2:33][O:34]2)[cH:20][cH:19][cH:18]1,[O:1]-c.Br-[C:2]>>[C:2]-[O:1],0
32603,Br[CH2:1][CH2:2][CH2:3][CH2:4][O:5][C:6]([CH:7]1[CH2:8][CH2:9][CH:10]([CH2:11][CH2:12][CH3:13])[CH2:14][CH2:15]1)=[O:16].CS(C)=O.O=C([O-])[O-].[CH2:17]=[C:18]([CH3:19])[C:20](=[O:21])[OH:22].[K+].[K+]>>[CH2:1]([CH2:2][CH2:3][CH2:4][O:5][C:6]([CH:7]1[CH2:8][CH2:9][CH:10]([CH2:11][CH2:12][CH3:13])[CH2:14][CH2:15]1)=[O:16])[O:22][C:20]([C:18](=[CH2:17])[CH3:19])=[O:21],Br-[C:1].O=C-[O:2]>>[C:1]-[O:2],0
33515,O=S(=O)([O-])O.[K+].[NH2:1][c:2]1[cH:3][cH:4][cH:5][c:6]([CH:7]=[O:8])[cH:9]1.[O:10]=[C:11]=[N:12][c:13]1[cH:14][c:15]([C:16]([F:17])([F:18])[F:19])[cH:20][cH:21][c:22]1[F:23]>>[NH:1]([c:2]1[cH:3][cH:4][cH:5][c:6]([CH:7]=[O:8])[cH:9]1)[C:11](=[O:10])[NH:12][c:13]1[cH:14][c:15]([C:16]([F:17])([F:18])[F:19])[cH:20][cH:21][c:22]1[F:23],[N:1].[C:2]=[N:3]>>[N:1]-[C:2]-[N:3],0
24155,CCCCO.CCN(C(C)C)C(C)C.CO.ClCCl.Cl[c:1]1[c:2](-[c:3]2[n:4][cH:5][n:6]([CH3:7])[n:8]2)[c:9]([NH2:10])[n:11][cH:12][n:13]1.[CH3:14][C@H:15]([NH2:16])[c:17]1[n:18][c:19]2[cH:20][cH:21][cH:22][c:23]([Cl:24])[c:25]2[c:26](=[O:27])[n:28]1[CH:29]1[CH2:30][CH2:31]1>>[c:1]1([NH:16][C@@H:15]([CH3:14])[c:17]2[n:18][c:19]3[cH:20][cH:21][cH:22][c:23]([Cl:24])[c:25]3[c:26](=[O:27])[n:28]2[CH:29]2[CH2:30][CH2:31]2)[c:2](-[c:3]2[n:4][cH:5][n:6]([CH3:7])[n:8]2)[c:9]([NH2:10])[n:11][cH:12][n:13]1,[N:1].Cl-[c:2]>>[N:1]-[c:2],0
36781,CCN(CC)CC.CCN=C=NCCCN(C)C.Cl.ClCCl.O[C:1](=[O:2])[c:3]1[cH:4][n:5][c:6]2[cH:7][c:8]([NH:9][C:10](=[O:11])[c:12]3[cH:13][cH:14][cH:15][cH:16][c:17]3-[c:18]3[cH:19][cH:20][c:21]([C:22]([F:23])([F:24])[F:25])[cH:26][cH:27]3)[cH:28][cH:29][c:30]2[cH:31]1.On1nnc2ccccc21.[NH2:32][CH:33]1[CH2:34][CH2:35]1>>[C:1](=[O:2])([c:3]1[cH:4][n:5][c:6]2[cH:7][c:8]([NH:9][C:10](=[O:11])[c:12]3[cH:13][cH:14][cH:15][cH:16][c:17]3-[c:18]3[cH:19][cH:20][c:21]([C:22]([F:23])([F:24])[F:25])[cH:26][cH:27]3)[cH:28][cH:29][c:30]2[cH:31]1)[NH:32][CH:33]1[CH2:34][CH2:35]1,[N:1].O-[C:2]=O>>[C:2]-[N:1],0
47966,F[c:1]1[c:2]([C:3]#[N:4])[c:5](-[c:6]2[cH:7][cH:8][cH:9][cH:10][cH:11]2)[cH:12][cH:13][cH:14]1.[NH2:15][CH:16]1[CH2:17][CH2:18][CH2:19][CH2:20][CH2:21]1>>[c:1]1([NH:15][CH:16]2[CH2:17][CH2:18][CH2:19][CH2:20][CH2:21]2)[c:2]([C:3]#[N:4])[c:5](-[c:6]2[cH:7][cH:8][cH:9][cH:10][cH:11]2)[cH:12][cH:13][cH:14]1,[N:1].F-[c:2]>>[N:1]-[c:2],0
21429,Br[CH2:1][CH2:2][NH:3][S:4](=[O:5])(=[O:6])[c:7]1[cH:8][cH:9][c:10]([S:11](=[O:12])(=[O:13])[NH:14][c:15]2[cH:16][cH:17][cH:18][c:19]3[c:20]([Cl:21])[cH:22][nH:23][c:24]23)[cH:25][cH:26]1.CN(C)C=O.[cH:27]1[cH:28][nH:29][cH:30][n:31]1>>[CH2:1]([CH2:2][NH:3][S:4](=[O:5])(=[O:6])[c:7]1[cH:8][cH:9][c:10]([S:11](=[O:12])(=[O:13])[NH:14][c:15]2[cH:16][cH:17][cH:18][c:19]3[c:20]([Cl:21])[cH:22][nH:23][c:24]23)[cH:25][cH:26]1)[n:29]1[cH:28][cH:27][n:31][cH:30]1,[n:1].Br-[C:2]>>[C:2]-[n:1],0
11700,O=C([O-])O.O[C:1]([c:2]1[cH:3][cH:4][c:5]([NH2:6])[n:7][c:8]1[NH2:9])=[O:10].On1nnc2ccccc21.[NH2:11][CH2:12][c:13]1[cH:14][cH:15][c:16]([O:17][c:18]2[cH:19][cH:20][c:21]([F:22])[cH:23][cH:24]2)[cH:25][cH:26]1.[Na+].c1ccncc1>>[C:1]([c:2]1[cH:3][cH:4][c:5]([NH2:6])[n:7][c:8]1[NH2:9])(=[O:10])[NH:11][CH2:12][c:13]1[cH:14][cH:15][c:16]([O:17][c:18]2[cH:19][cH:20][c:21]([F:22])[cH:23][cH:24]2)[cH:25][cH:26]1,[N:1].O-[C:2]=O>>[C:2]-[N:1],0
33368,Br[c:1]1[c:2]([C:3](=[O:4])[c:5]2[cH:6][cH:7][cH:8][cH:9][c:10]2[Cl:11])[cH:12][cH:13][cH:14][n:15]1.CCCC[Sn](CCCC)(CCCC)[c:16]1[n:17][n:18][n:19]([CH2:20][c:21]2[cH:22][c:23]([C:24]([F:25])([F:26])[F:27])[cH:28][c:29]([C:30]([F:31])([F:32])[F:33])[cH:34]2)[c:35]1[CH3:36].CN(C)C=O>>[c:1]1(-[c:16]2[n:17][n:18][n:19]([CH2:20][c:21]3[cH:22][c:23]([C:24]([F:25])([F:26])[F:27])[cH:28][c:29]([C:30]([F:31])([F:32])[F:33])[cH:34]3)[c:35]2[CH3:36])[c:2]([C:3](=[O:4])[c:5]2[cH:6][cH:7][cH:8][cH:9][c:10]2[Cl:11])[cH:12][cH:13][cH:14][n:15]1,Br-[c:1].C-C-C-C-[Sn](-[c:2])(-C-C-C-C)-C-C-C-C>>[c:1]-[c:2],0
47950,Br[CH2:1][CH2:2][O:3][Si:4]([C:5]([CH3:6])([CH3:7])[CH3:8])([CH3:9])[CH3:10].CN(C)C=O.[CH3:11][C:12]1([CH3:13])[O:14][B:15]([c:16]2[cH:17][n:18][nH:19][cH:20]2)[O:21][C:22]1([CH3:23])[CH3:24].[H-].[Na+]>>[CH2:1]([CH2:2][O:3][Si:4]([C:5]([CH3:6])([CH3:7])[CH3:8])([CH3:9])[CH3:10])[n:19]1[n:18][cH:17][c:16]([B:15]2[O:14][C:12]([CH3:11])([CH3:13])[C:22]([CH3:23])([CH3:24])[O:21]2)[cH:20]1,[n:1].Br-[C:2]>>[C:2]-[n:1],0
9554,CC(C)C(=O)O.Cc1ccccc1.[BH4-].[CH3:1][CH2:2][O:3][C:4](=[O:5])[C:6]1=[C:7]([NH:8][C@@H:9]([CH3:10])[c:11]2[cH:12][cH:13][cH:14][cH:15][cH:16]2)[CH2:17][CH2:18][CH2:19][CH2:20]1.[Na+]>>[CH3:1][CH2:2][O:3][C:4](=[O:5])[C@H:6]1[C@@H:7]([NH:8][C@@H:9]([CH3:10])[c:11]2[cH:12][cH:13][cH:14][cH:15][cH:16]2)[CH2:17][CH2:18][CH2:19][CH2:20]1,[C:1]=[C:2]>>[C:1]-[C:2],0
1456,CCN(CC)CC.CN(C)C=O.Cl[c:1]1[n:2][c:3](-[c:4]2[cH:5][cH:6][o:7][cH:8]2)[n:9][s:10]1.O.[CH3:11][C:12]([CH3:13])([CH3:14])[O:15][C:16](=[O:17])[N:18]1[CH2:19][CH2:20][NH:21][CH2:22][CH2:23]1>>[c:1]1([N:21]2[CH2:20][CH2:19][N:18]([C:16]([O:15][C:12]([CH3:11])([CH3:13])[CH3:14])=[O:17])[CH2:23][CH2:22]2)[n:2][c:3](-[c:4]2[cH:5][cH:6][o:7][cH:8]2)[n:9][s:10]1,[N:1].Cl-[c:2]>>[N:1]-[c:2],0
17949,Cl[c:1]1[c:2]([C:3]#[N:4])[cH:5][n:6][c:7]2[cH:8][c:9]([O:10][CH3:11])[c:12]([O:13][CH3:14])[cH:15][c:16]12.[NH2:17][c:18]1[c:19]([Cl:20])[cH:21][c:22]([I:23])[c:24]2[c:25]1[O:26][CH2:27][O:28]2>>[c:1]1([NH:17][c:18]2[c:19]([Cl:20])[cH:21][c:22]([I:23])[c:24]3[c:25]2[O:26][CH2:27][O:28]3)[c:2]([C:3]#[N:4])[cH:5][n:6][c:7]2[cH:8][c:9]([O:10][CH3:11])[c:12]([O:13][CH3:14])[cH:15][c:16]12,[N:1].Cl-[c:2]>>[N:1]-[c:2],0
24920,Br[c:1]1[cH:2][c:3]([Cl:4])[c:5]([CH2:6][N:7]2[C:8](=[O:9])[C:10]3([CH2:11][CH2:12]2)[CH2:13][CH2:14][CH2:15][CH2:16][CH2:17]3)[c:18]([Cl:19])[cH:20]1.CCOC(C)=O.Cc1ccccc1.O=C([O-])[O-].OB(O)[c:21]1[cH:22][cH:23][c:24]([F:25])[cH:26][cH:27]1.[Na+].[Na+].c1ccc([PH](c2ccccc2)(c2ccccc2)[Pd]([PH](c2ccccc2)(c2ccccc2)c2ccccc2)([PH](c2ccccc2)(c2ccccc2)c2ccccc2)[PH](c2ccccc2)(c2ccccc2)c2ccccc2)cc1>>[c:1]1(-[c:21]2[cH:22][cH:23][c:24]([F:25])[cH:26][cH:27]2)[cH:2][c:3]([Cl:4])[c:5]([CH2:6][N:7]2[C:8](=[O:9])[C:10]3([CH2:11][CH2:12]2)[CH2:13][CH2:14][CH2:15][CH2:16][CH2:17]3)[c:18]([Cl:19])[cH:20]1,Br-[c:1].O-B(-O)-[c:2]>>[c:1]-[c:2],0
20903,C1COCCO1.CC(=O)O.CCOC(C)=O.Cc1ccccc1.O=[CH:1][c:2]1[c:3]([O:4][CH3:5])[c:6]([F:7])[cH:8][c:9]([Cl:10])[cH:11]1.[F-].[NH2:12][c:13]1[cH:14][c:15]([F:16])[cH:17][c:18]2[c:19]1[cH:20][cH:21][c:22](=[O:23])[nH:24]2.[NH4+]>>[CH:1]([c:2]1[c:3]([O:4][CH3:5])[c:6]([F:7])[cH:8][c:9]([Cl:10])[cH:11]1)=[N:12][c:13]1[cH:14][c:15]([F:16])[cH:17][c:18]2[c:19]1[cH:20][cH:21][c:22](=[O:23])[nH:24]2,[N:1].O=[C:2]>>[C:2]=[N:1],0
24522,Br[CH2:1][c:2]1[cH:3][cH:4][cH:5][cH:6][cH:7]1.CC(C)=O.CCOCC.O=C([O-])[O-].[CH2:8]=[CH:9][CH2:10][c:11]1[cH:12][cH:13][c:14]2[cH:15][cH:16][cH:17][n:18][c:19]2[c:20]1[OH:21].[K+].[K+]>>[CH2:1]([c:2]1[cH:3][cH:4][cH:5][cH:6][cH:7]1)[O:21][c:20]1[c:11]([CH2:10][CH:9]=[CH2:8])[cH:12][cH:13][c:14]2[cH:15][cH:16][cH:17][n:18][c:19]21,[O:1]-c.Br-[C:2]>>[C:2]-[O:1],0
