reaction,mapped_reaction
C=CCOc1ccccc1>>Oc1ccccc1CC=C,[CH2:1]=[CH:2][CH2:3][O:4][c:5]1[cH:6][cH:7][cH:8][cH:9][cH:10]1>>[OH:4][c:5]1[cH:6][cH:7][cH:8][cH:9][c:10]1[CH2:1][CH:2]=[CH2:3]
C\C=C\CC\C=C\C>>CC(C=C)C(C)C=C,[CH3:1]\[CH:2]=[CH:3]\[CH2:4][CH2:5]\[CH:6]=[CH:7]\[CH3:8]>>[CH3:1][CH:2]([CH:3]=[CH2:4])[CH:7]([CH3:8])[CH:6]=[CH2:5]
CCCC[Sn](CCCC)(CCCC)CO[C@@H]1C[C@H](C=C1)N(CC=C)C(=O)OC(C)(C)C>>CC(C)(C)OC(=O)N(CC=C)[C@@H]1CC=C[C@H]1CO.CCCC[SnH](CCCC)CCCC,[CH3:1][CH2:2][CH2:3][CH2:4][Sn:5]([CH2:6][CH2:7][CH2:8][CH3:9])([CH2:10][CH2:11][CH2:12][CH3:13])[CH2:14][O:15][C@@H:16]1[CH2:17][C@H:18]([CH:19]=[CH:20]1)[N:21]([CH2:22][CH:23]=[CH2:24])[C:25](=[O:26])[O:27][C:28]([CH3:29])([CH3:30])[CH3:31]>>[CH3:1][CH2:2][CH2:3][CH2:4][SnH:5]([CH2:10][CH2:11][CH2:12][CH3:13])[CH2:6][CH2:7][CH2:8][CH3:9].[CH3:31][C:28]([CH3:30])([CH3:29])[O:27][C:25](=[O:26])[N:21]([CH2:22][CH:23]=[CH2:24])[C@@H:18]1[CH2:17][CH:16]=[CH:20][C@H:19]1[CH2:14][OH:15]
CC(C)C1=C/C=C(C)/CC\C=C(C)\CC[C@@H](OC\1)C(C)=C>>CC(C)C1=C/C=C(C)/CC\C=C(C)\CC\C=C(C)\C[C@@H]\1O,[CH3:1][CH:2]([CH3:3])[C:4]1=[CH:5]/[CH:6]=[C:7]([CH3:8])/[CH2:9][CH2:10]\[CH:11]=[C:12]([CH3:13])\[CH2:14][CH2:15][C@@H:16]([O:17][CH2:18]\1)[C:19]([CH3:20])=[CH2:21]>>[CH3:3][CH:2]([CH3:1])[C:4]1=[CH:5]/[CH:6]=[C:7]([CH3:8])/[CH2:9][CH2:10]\[CH:11]=[C:12]([CH3:13])\[CH2:14][CH2:15]\[CH:16]=[C:19]([CH3:20])\[CH2:21][C@@H:18]\1[OH:17]
CC(C)(C)[Si](C)(C)O[C@H]1[C@H](OCc2ccccc2)OCC1(C)C>>CC(C)(C)[Si](C)(C)O[C@H]1[C@@H](OCC1(C)C)[C@@H](O)c1ccccc1,[CH3:1][C:2]([CH3:3])([CH3:4])[Si:5]([CH3:6])([CH3:7])[O:8][C@H:9]1[C@H:10]([O:11][CH2:12][c:13]2[cH:14][cH:15][cH:16][cH:17][cH:18]2)[O:19][CH2:20][C:21]1([CH3:22])[CH3:23]>>[CH3:4][C:2]([CH3:3])([CH3:1])[Si:5]([CH3:7])([CH3:6])[O:8][C@H:9]1[C@@H:10]([O:19][CH2:20][C:21]1([CH3:22])[CH3:23])[C@@H:12]([OH:11])[c:13]1[cH:14][cH:15][cH:16][cH:17][cH:18]1
CS(=O)c1ccc(Cl)cc1.FC(F)(F)C(=O)OC(=O)C(F)(F)F>>FC(F)(F)C(=O)OCSc1ccc(Cl)cc1.OC(=O)C(F)(F)F,[CH3:1][S:2](=[O:3])[c:4]1[cH:5][cH:6][c:7]([Cl:8])[cH:9][cH:10]1.[F:11][C:12]([F:13])([F:14])[C:15](=[O:16])[O:17][C:18](=[O:19])[C:20]([F:21])([F:22])[F:23]>>[F:11][C:12]([F:13])([F:14])[C:15](=[O:16])[O:17][CH2:1][S:2][c:4]1[cH:10][cH:9][c:7]([Cl:8])[cH:6][cH:5]1.[OH:3][C:18](=[O:19])[C:20]([F:21])([F:22])[F:23]
CCC1(C\C=C(/C)COC=C)OCCO1>>CCC1(CC(CC=O)C(C)=C)OCCO1,[CH3:1][CH2:2][C:3]1([CH2:4]\[CH:5]=[C:6](/[CH3:7])[CH2:8][O:9][CH:10]=[CH2:11])[O:12][CH2:13][CH2:14][O:15]1>>[CH3:1][CH2:2][C:3]1([CH2:4][CH:5]([CH2:11][CH:10]=[O:9])[C:6]([CH3:7])=[CH2:8])[O:15][CH2:14][CH2:13][O:12]1
OC1(C=CC(=O)C=C1)C#Cc1ccccc1.C=C1CC(=O)O1>>CC(=O)Cc1cc(ccc1O)C#Cc1ccccc1.O=C=O,[CH2:1]=[C:2]1[CH2:3][C:4](=[O:5])[O:6]1.[OH:7][C:8]1([CH:9]=[CH:10][C:11](=[O:12])[CH:13]=[CH:14]1)[C:15]#[C:16][c:17]1[cH:18][cH:19][cH:20][cH:21][cH:22]1>>[O:5]=[C:4]=[O:7].[CH3:1][C:2](=[O:6])[CH2:3][c:10]1[cH:9][c:8]([cH:14][cH:13][c:11]1[OH:12])[C:15]#[C:16][c:17]1[cH:22][cH:21][cH:20][cH:19][cH:18]1
OC1(C=CC(=O)C=C1)C#Cc1ccccc1.C=C1CC(=O)O1>>CC(=O)Cc1cc(ccc1O)C#Cc1ccccc1,[CH2:1]=[C:2]1[CH2:3][C:4](=[O:5])[O:6]1.[OH:7][C:8]1([CH:9]=[CH:10][C:11](=[O:12])[CH:13]=[CH:14]1)[C:15]#[C:16][c:17]1[cH:18][cH:19][cH:20][cH:21][cH:22]1>>[CH3:1][C:2](=[O:6])[CH2:3][c:10]1[cH:9][c:8]([cH:14][cH:13][c:11]1[OH:12])[C:15]#[C:16][c:17]1[cH:18][cH:19][cH:20][cH:21][cH:22]1.[C:4].[O:5].[O:7]
OC(CC=C)C=C>>C=CCCCC=O,[OH:1][CH:2]([CH2:3][CH:4]=[CH2:5])[CH:6]=[CH2:7]>>[CH2:3]=[CH:4][CH2:5][CH2:7][CH2:6][CH:2]=[O:1]
CC#CC(O)=O.O=CC1=CC=CS1.CC(C)(C)[N+]#[C-].COc1ccc(CN)cc1>>COc1ccc(CN(C(C(=O)NC(C)(C)C)C2=CC=CS2)C(=O)C#CC)cc1.O,[CH3:1][C:2]#[C:3][C:4]([OH:5])=[O:6].[O:7]=[CH:8][C:9]1=[CH:10][CH:11]=[CH:12][S:13]1.[CH3:14][C:15]([CH3:16])([CH3:17])[N+:18]#[C-:19].[CH3:20][O:21][c:22]1[cH:23][cH:24][c:25]([CH2:26][NH2:27])[cH:28][cH:29]1>>[CH3:20][O:21][c:22]1[cH:23][cH:24][c:25]([CH2:26][N:27]([CH:8]([C:19](=[O:5])[NH:18][C:15]([CH3:17])([CH3:16])[CH3:14])[C:9]2=[CH:10][CH:11]=[CH:12][S:13]2)[C:4](=[O:6])[C:3]#[C:2][CH3:1])[cH:28][cH:29]1.[OH2:7]
OC(C(F)(Sc1ccccc1)F)=O.O=Cc2ccccc2.[C-]#[N+]c3ccccc3.Nc4ccccc4>>FC(Sc5ccccc5)(C(N(c6ccccc6)C(c7ccccc7)C(Nc8ccccc8)=O)=O)F.O,[OH:1][C:2](=[O:13])[C:3]([F:4])([F:12])[S:5][c:6]1[cH:7][cH:8][cH:9][cH:10][cH:11]1.[O:14]=[CH:15][c:16]1[cH:17][cH:18][cH:19][cH:20][cH:21]1.[C-:22]#[N+:23][c:24]1[cH:25][cH:26][cH:27][cH:28][cH:29]1.[NH2:30][c:31]1[cH:32][cH:33][cH:34][cH:35][cH:36]1>>[F:4][C:3]([F:12])([S:5][c:6]1[cH:11][cH:10][cH:9][cH:8][cH:7]1)[C:2](=[O:13])[N:30]([CH:15]([C:22](=[O:1])[NH:23][c:24]1[cH:25][cH:26][cH:27][cH:28][cH:29]1)[c:16]1[cH:17][cH:18][cH:19][cH:20][cH:21]1)[c:31]1[cH:32][cH:33][cH:34][cH:35][cH:36]1.[OH2:14]
[C-]#[N+]C1CCCC1.OC(=O)CC#N.O=CC(=O)C1=CC=CS1>>O=C(CC#N)OC(C(=O)NC1CCCC1)C(=O)C1=CC=CS1,[C-:1]#[N+:2][CH:3]1[CH2:4][CH2:5][CH2:6][CH2:7]1.[OH:8][C:9](=[O:10])[CH2:11][C:12]#[N:13].[O:14]=[CH:15][C:16](=[O:17])[C:18]1=[CH:19][CH:20]=[CH:21][S:22]1>>[O:10]=[C:9]([CH2:11][C:12]#[N:13])[O:14][CH:15]([C:1](=[O:8])[NH:2][CH:3]1[CH2:4][CH2:5][CH2:6][CH2:7]1)[C:16](=[O:17])[C:18]1=[CH:19][CH:20]=[CH:21][S:22]1
O=Cc1ccccc1.CC(=C)C[Si](C)(C)C.Cl>>CC(=C)CC(O)c1ccccc1.C[Si](C)(C)Cl,[O:1]=[CH:2][c:3]1[cH:4][cH:5][cH:6][cH:7][cH:8]1.[CH3:9][C:10](=[CH2:11])[CH2:12][Si:13]([CH3:14])([CH3:15])[CH3:16].[ClH:17]>>[CH3:9][C:10](=[CH2:12])[CH2:11][CH:2]([OH:1])[c:3]1[cH:4][cH:5][cH:6][cH:7][cH:8]1.[CH3:16][Si:13]([CH3:15])([CH3:14])[Cl:17]
O=Cc1ccccc1.C[Si](C)(C)CC=C>>OC(CC=C)c1ccccc1,[CH3:1][Si:2]([CH3:3])([CH3:4])[CH2:5][CH:6]=[CH2:7].[O:8]=[CH:9][c:10]1[cH:11][cH:12][cH:13][cH:14][cH:15]1>>[OH:8][CH:9]([CH2:7][CH:6]=[CH2:5])[c:10]1[cH:11][cH:12][cH:13][cH:14][cH:15]1.[C:3].[C:1].[C:4].[Si:2]
N#CCCCOC1=C(Sc2ccccc12)C#N>>Nc1nc2OCCc2c-2c1Sc1ccccc-21,[N:1]#[C:2][CH2:3][CH2:4][CH2:5][O:6][C:7]1=[C:8]([S:9][c:10]2[cH:11][cH:12][cH:13][cH:14][c:15]12)[C:16]#[N:17]>>[NH2:17][c:16]1[n:1][c:2]2[O:6][CH2:5][CH2:4][c:3]2[c:7]-2[c:8]1[S:9][c:10]1[cH:11][cH:12][cH:13][cH:14][c:15]-21
c1ccccc1.CCCCBr>>CCC(C)c1ccccc1.Br,[CH3:1][CH2:2][CH2:3][CH2:4][Br:5].[cH:6]1[cH:7][cH:8][cH:9][cH:10][cH:11]1>>[BrH:5].[CH3:1][CH2:2][CH:3]([CH3:4])[c:8]1[cH:9][cH:10][cH:11][cH:6][cH:7]1
C[C@H](CCC=O)C#C.[C-]#[O+]>>C[C@@H]1CCC2OC(=O)C=C12,[CH3:1][C@H:2]([CH2:3][CH2:4][CH:5]=[O:6])[C:7]#[CH:8].[C-:9]#[O+:10]>>[CH3:1][C@@H:2]1[CH2:3][CH2:4][CH:5]2[O:6][C:9](=[O:10])[CH:8]=[C:7]12
CC#CCCC1=CC=C(O1)[C@@H](O)CNC(C)=O>>[H][C@]1(CCC#CC)O[C@@]([H])(CNC(C)=O)C(=O)C=C1,[CH3:1][C:2]#[C:3][CH2:4][CH2:5][C:6]1=[CH:7][CH:8]=[C:9]([O:10]1)[C@@H:11]([OH:12])[CH2:13][NH:14][C:15]([CH3:16])=[O:17]>>[CH3:1][C:2]#[C:3][CH2:4][CH2:5][C@H:6]1[O:12][C@@H:11]([CH2:13][NH:14][C:15]([CH3:16])=[O:17])[C:9](=[O:10])[CH:8]=[CH:7]1
CC1(C)C2CCC1(O)C(=C)C2.O>>CC1(C)C2CCC(CO)(C2)C1=O,[OH2:1].[CH3:2][C:3]1([CH3:4])[CH:5]2[CH2:6][CH2:7][C:8]1([OH:9])[C:10](=[CH2:11])[CH2:12]2>>[CH3:4][C:3]1([CH3:2])[CH:5]2[CH2:6][CH2:7][C:10]([CH2:11][OH:1])([CH2:12]2)[C:8]1=[O:9]
[H][C@@]12CC[C@@H](OC1=O)C13CCCC21CC3(C)C>>[H][C@]12CCC3C(C)(C)CC11CCC[C@@]31OC2=O,[H:1][C@@:2]12[CH2:3][CH2:4][C@@H:5]([O:6][C:7]1=[O:8])[C:9]13[CH2:10][CH2:11][CH2:12][C:13]21[CH2:14][C:15]3([CH3:16])[CH3:17]>>[H:1][C@:2]12[CH2:3][CH2:4][CH:5]3[C:15]([CH3:16])([CH3:17])[CH2:14][C:13]11[CH2:12][CH2:11][CH2:10][C@@:9]31[O:6][C:7]2=[O:8]
CC(CCC1=C(C)CCCC1(C)C)=CCO.OC=O>>C[C@]12CC[C@]3(C1)[C@](C)(CCCC3(C)C)C2OC=O.O,[CH3:1][C:2]([CH2:3][CH2:4][C:5]1=[C:6]([CH3:7])[CH2:8][CH2:9][CH2:10][C:11]1([CH3:12])[CH3:13])=[CH:14][CH2:15][OH:16].[OH:17][CH:18]=[O:19]>>[CH3:1][C@:2]12[CH2:3][CH2:4][C@:5]3([CH2:15]1)[C@:6]([CH3:7])([CH2:8][CH2:9][CH2:10][C:11]3([CH3:12])[CH3:13])[CH:14]2[O:17][CH:18]=[O:19].[OH2:16]
CC(=C)[C@@H](O)[C@@H](O)C(C)=C.CC(C)=O>>CC(=C)[C@@H]1OC(C)(C)C[C@]1(C)C=O,[CH3:1][C:2]([CH3:3])=[O:4].[CH3:5][C:6](=[CH2:7])[C@@H:8]([OH:9])[C@@H:10]([OH:11])[C:12]([CH3:13])=[CH2:14]>>[OH2:4].[CH3:5][C:6](=[CH2:7])[C@@H:8]1[O:9][C:2]([CH3:3])([CH3:1])[CH2:14][C@:12]1([CH3:13])[CH:10]=[O:11]
C\C=C(\C)C1(C)OC(C)O[C@H]1C>>C[C@H]1O[C@@H](C)[C@](C)([C@H]1C)C(C)=O,[CH3:1]\[CH:2]=[C:3](\[CH3:4])[C:5]1([CH3:6])[O:7][CH:8]([CH3:9])[O:10][C@H:11]1[CH3:12]>>[CH3:9][C@H:8]1[O:10][C@@H:11]([CH3:12])[C@:3]([CH3:4])([C@H:2]1[CH3:1])[C:5]([CH3:6])=[O:7]
CC(C)=CCC\C(C)=C\COC(=N)C(Cl)(Cl)Cl>>CC(C)=CCCC(C)(NC(=O)C(Cl)(Cl)Cl)C=C,[CH3:1][C:2]([CH3:3])=[CH:4][CH2:5][CH2:6]\[C:7]([CH3:8])=[CH:9]\[CH2:10][O:11][C:12](=[NH:13])[C:14]([Cl:15])([Cl:16])[Cl:17]>>[CH3:1][C:2]([CH3:3])=[CH:4][CH2:5][CH2:6][C:7]([CH3:8])([NH:13][C:12](=[O:11])[C:14]([Cl:16])([Cl:15])[Cl:17])[CH:9]=[CH2:10]
C[C@H](CCC=C(C)C)[C@@]12C[C@@H]1C(=O)CC2>>[H][C@@]12CC[C@@H](C)[C@]11C[C@@H](C(=O)CC1)C2(C)C,[CH3:1][C@H:2]([CH2:3][CH2:4][CH:5]=[C:6]([CH3:7])[CH3:8])[C@@:9]12[CH2:10][C@@H:11]1[C:12](=[O:13])[CH2:14][CH2:15]2>>[CH3:1][C@@H:2]1[CH2:3][CH2:4][C@H:5]2[C:6]([CH3:8])([CH3:7])[C@H:11]3[CH2:10][C@@:9]12[CH2:15][CH2:14][C:12]3=[O:13]
[H][C@]12CC(Cl)[C@](C)(C=C)C([N+]#[C-])=C1C1(Cl)C3=C(C=CC=C3)N=C1C2(C)C>>[H][C@]12C[C@@H](Cl)[C@@](C)(C=C)C([N+]#[C-])=C1[C@]1(C(=O)Nc3ccccc13)C2(C)C,[CH3:24][C:23]1([CH3:25])[C@H:1]2[CH2:2][CH:3]([Cl:4])[C@:5]([CH3:6])([CH:7]=[CH2:8])[C:9]([N+:10]#[C-:11])=[C:12]2[C:13]2([Cl:14])[C:15]3=[C:16]([CH:17]=[CH:18][CH:19]=[CH:20]3)[N:21]=[C:22]12.[O:26]>>[CH3:24][C:23]1([CH3:25])[C@H:1]2[CH2:2][C@@H:3]([Cl:4])[C@@:5]([CH3:6])([CH:7]=[CH2:8])[C:9]([N+:10]#[C-:11])=[C:12]2[C@:13]11[C:22](=[O:26])[NH:21][c:16]2[cH:17][cH:18][cH:19][cH:20][c:15]12.[Cl:14]
[H][C@]12CC(Cl)[C@](C)(C=C)C([N+]#[C-])=C1C1=C(NC3=C1C=CC=C3)C2(C)C>>[H][C@]12C[C@@H](Cl)[C@@](C)(C=C)C([N+]#[C-])=C1[C@]1(C(=O)Nc3ccccc13)C2(C)C,[OH2:1].[CH3:24][C:23]1([CH3:25])[C@H:2]2[CH2:3][CH:4]([Cl:5])[C@:6]([CH3:7])([CH:8]=[CH2:9])[C:10]([N+:11]#[C-:12])=[C:13]2[C:14]2=[C:15]1[NH:16][C:17]1=[C:18]2[CH:19]=[CH:20][CH:21]=[CH:22]1>>[CH3:25][C:23]1([CH3:24])[C@H:2]2[CH2:3][C@@H:4]([Cl:5])[C@@:6]([CH3:7])([CH:8]=[CH2:9])[C:10]([N+:11]#[C-:12])=[C:13]2[C@:14]11[C:15](=[O:1])[NH:16][c:17]2[cH:22][cH:21][cH:20][cH:19][c:18]12
CC[C@@H]1CCCN(C1C=C)C(=O)CC>>CC[C@@H]1CCCNC(=O)[C@H](C)C\C=C\1,[CH3:1][CH2:2][C@@H:3]1[CH2:4][CH2:5][CH2:6][N:7]([CH:8]1[CH:9]=[CH2:10])[C:11](=[O:12])[CH2:13][CH3:14]>>[CH3:1][CH2:2][C@@H:3]1[CH2:4][CH2:5][CH2:6][NH:7][C:11](=[O:12])[C@H:13]([CH3:14])[CH2:10]\[CH:9]=[CH:8]\1
CC(=O)C(=O)[C@@]1(C)CCC2C(CCC3=CC(=O)CC[C@]23C)C1CC=O>>C[C@]12CCC(=O)C=C1CCC1C2CC[C@@]2(C)C1C[C@@H]1C[C@@]2(O)C(=O)O1,[CH3:1][C:2](=[O:3])[C:4](=[O:5])[C@@:6]1([CH3:7])[CH2:8][CH2:9][CH:10]2[CH:11]([CH2:12][CH2:13][C:14]3=[CH:15][C:16](=[O:17])[CH2:18][CH2:19][C@:20]23[CH3:21])[CH:22]1[CH2:23][CH:24]=[O:25]>>[CH3:21][C@:20]12[CH2:19][CH2:18][C:16](=[O:17])[CH:15]=[C:14]1[CH2:13][CH2:12][CH:11]1[CH:10]2[CH2:9][CH2:8][C@@:6]2([CH3:7])[CH:22]1[CH2:23][C@@H:24]1[CH2:1][C@@:2]2([OH:3])[C:4](=[O:5])[O:25]1
CCOC1=C(N=C(O1)c1ccccc1)C1=NCCO1>>CCOC(=O)C1=C2OCCN2C(=N1)c1ccccc1,[CH3:1][CH2:2][O:3][C:4]1=[C:5]([N:6]=[C:7]([O:8]1)[c:9]1[cH:10][cH:11][cH:12][cH:13][cH:14]1)[C:15]1=[N:16][CH2:17][CH2:18][O:19]1>>[CH3:1][CH2:2][O:3][C:4](=[O:8])[C:5]1=[C:15]2[O:19][CH2:18][CH2:17][N:16]2[C:7](=[N:6]1)[c:9]1[cH:10][cH:11][cH:12][cH:13][cH:14]1
[H][C@]12CCN(C(=O)OCC)[C@]1([H])[C@H](CCO[Si](C)(C)C(C)(C)C)[C@H](O)C=C2>>[H][C@]12CCN(C(=O)OCC)[C@]1([H])[C@H](CCO[Si](C)(C)C(C)(C)C)C=C[C@@H]2C(N)=O,[CH3:9][CH2:8][O:7][C:5](=[O:6])[N:4]1[CH2:3][CH2:2][C@@H:1]2[CH:25]=[CH:24][C@@H:22]([OH:23])[C@@H:11]([CH2:12][CH2:13][O:14][Si:15]([CH3:16])([CH3:17])[C:18]([CH3:19])([CH3:20])[CH3:21])[C@@H:10]12.[C:26].[N:27]>>[CH3:9][CH2:8][O:7][C:5](=[O:6])[N:4]1[CH2:3][CH2:2][C@H:1]2[C@H:10]1[C@H:11]([CH2:12][CH2:13][O:14][Si:15]([CH3:16])([CH3:17])[C:18]([CH3:21])([CH3:20])[CH3:19])[CH:22]=[CH:24][C@@H:25]2[C:26]([NH2:27])=[O:23]
CO[C@@H]1C[C@@H]2OC(=O)CC2C(=C)O1.O>>OC1C[C@@H]2OC(=O)CC2C(=O)C1,[CH3:1][O:2][C@@H:3]1[CH2:4][C@@H:5]2[O:6][C:7](=[O:8])[CH2:9][CH:10]2[C:11](=[CH2:12])[O:13]1.[OH2:14]>>[OH:13][CH:3]1[CH2:4][C@@H:5]2[O:6][C:7](=[O:8])[CH2:9][CH:10]2[C:11](=[O:14])[CH2:12]1
CC1(C)C[C@@H](O)[C@]2(O)CC3=COC=C3C=C2C1>>CC1(C)CC2C(C1)=CC1=COC=C1CC2=O,[CH3:1][C:2]1([CH3:3])[CH2:4][C@@H:5]([OH:6])[C@:7]2([OH:8])[CH2:9][C:10]3=[CH:11][O:12][CH:13]=[C:14]3[CH:15]=[C:16]2[CH2:17]1>>[CH3:1][C:2]1([CH3:3])[CH2:4][CH:5]2[C:16]([CH2:17]1)=[CH:15][C:14]1=[CH:13][O:12][CH:11]=[C:10]1[CH2:9][C:7]2=[O:8]
Cc1ccc(cc1)S(=O)(=O)O[C@@H]1CC(C)(C)CC2=CC3=COC=C3C[C@@]12O>>CC1(C)CC2C(C1)=CC1=COC=C1CC2=O.Cc1ccc(cc1)S(O)(=O)=O,[CH3:1][c:2]1[cH:3][cH:4][c:5]([cH:6][cH:7]1)[S:8](=[O:9])(=[O:10])[O:11][C@@H:12]1[CH2:13][C:14]([CH3:15])([CH3:16])[CH2:17][C:18]2=[CH:19][C:20]3=[CH:21][O:22][CH:23]=[C:24]3[CH2:25][C@@:26]12[OH:27]>>[CH3:15][C:14]1([CH3:16])[CH2:13][CH:12]2[C:18]([CH2:17]1)=[CH:19][C:20]1=[CH:21][O:22][CH:23]=[C:24]1[CH2:25][C:26]2=[O:27].[CH3:1][c:2]1[cH:3][cH:4][c:5]([cH:6][cH:7]1)[S:8]([OH:11])(=[O:10])=[O:9]
[H][C@]12CC=C[C@@]1([H])CC(=C2)[C@@]1(CCC[C@H]1CC(OC)OC)O[Si](CC)(CC)CC>>[H][C@]12CC(OC)[C@]3([H])[C@@]4([H])CC=C[C@@]4([H])C[C@]13C(=O)CCC2.CC[SiH](CC)CC,[CH3:23][CH2:22][Si:21]([CH2:24][CH3:25])([CH2:26][CH3:27])[O:20][C@:9]1([CH2:10][CH2:11][CH2:12][C@H:13]1[CH2:14][CH:15]([O:16][CH3:17])[O:18][CH3:19])[C:7]1=[CH:8][C@H:1]2[CH2:2][CH:3]=[CH:4][C@H:5]2[CH2:6]1>>[CH3:27][CH2:26][SiH:21]([CH2:22][CH3:23])[CH2:24][CH3:25].[CH3:19][O:18][CH:15]1[CH2:14][C@@H:13]2[CH2:12][CH2:11][CH2:10][C:9](=[O:20])[C@@:7]22[CH2:6][C@@H:5]3[CH:4]=[CH:3][CH2:2][C@@H:1]3[C@@H:8]12.[C:17].[O:16]
CC(C)=C1CCOCO1>>CC1(C)COCCC1=O,[CH3:1][C:2]([CH3:3])=[C:4]1[CH2:5][CH2:6][O:7][CH2:8][O:9]1>>[CH3:3][C:2]1([CH3:1])[CH2:8][O:7][CH2:6][CH2:5][C:4]1=[O:9]
O=C1CCCCC1.CC(=O)\C=C\c1ccccc1>>O=C1CC(C2CCCCC2=C1)c1ccccc1,[CH3:1][C:2](=[O:3])\[CH:4]=[CH:5]\[c:6]1[cH:7][cH:8][cH:9][cH:10][cH:11]1.[O:12]=[C:13]1[CH2:14][CH2:15][CH2:16][CH2:17][CH2:18]1>>[OH2:12].[O:3]=[C:2]1[CH2:4][CH:5]([CH:18]2[CH2:17][CH2:16][CH2:15][CH2:14][C:13]2=[CH:1]1)[c:6]1[cH:11][cH:10][cH:9][cH:8][cH:7]1
C[N+]1([O-])CCCC1C1=CC=CN=C1.CC(=O)OC(C)=O>>CC(=O)N1CCCC1C1=CC=CN=C1.C=O.CC(O)=O,[CH3:1][N+:2]1([O-:3])[CH2:4][CH2:5][CH2:6][CH:7]1[C:8]1=[CH:9][CH:10]=[CH:11][N:12]=[CH:13]1.[CH3:14][C:15](=[O:16])[O:17][C:18]([CH3:19])=[O:20]>>[CH3:14][C:15](=[O:16])[N:2]1[CH2:4][CH2:5][CH2:6][CH:7]1[C:8]1=[CH:9][CH:10]=[CH:11][N:12]=[CH:13]1.[CH2:1]=[O:3].[CH3:19][C:18]([OH:17])=[O:20]
CC(C)(C)[Si](C)(C)O[C@@H]1CC[C@@]2([C@H]3[C@@H]2[C@]1(C)COC3=O)C1=CC=CCC1>>CC(C)(C)[Si](C)(C)O[C@@H]1CCC2=C3CCC=C[C@@H]3[C@H]3[C@@H]2[C@]1(C)COC3=O,[CH3:1][C:2]([CH3:3])([CH3:4])[Si:5]([CH3:6])([CH3:7])[O:8][C@@H:9]1[CH2:10][CH2:11][C@@:12]2([C@H:13]3[C@@H:14]2[C@:15]1([CH3:16])[CH2:17][O:18][C:19]3=[O:20])[C:21]1=[CH:22][CH:23]=[CH:24][CH2:25][CH2:26]1>>[CH3:4][C:2]([CH3:3])([CH3:1])[Si:5]([CH3:6])([CH3:7])[O:8][C@@H:9]1[CH2:10][CH2:11][C:12]2=[C:21]3[CH2:26][CH2:25][CH:24]=[CH:23][C@@H:22]3[C@H:13]3[C@@H:14]2[C@:15]1([CH3:16])[CH2:17][O:18][C:19]3=[O:20]
[H][C@]12CC[C@@]3(C)[C@@H](CC[C@@]3(O)C1COC(C2)OC)OS(=O)(=O)C1=CC=C(C)C=C1>>[H][C@@]12CC(OC)OCC1C(=O)CC\C=C(C)\CC2.CC1=CC=C(C=C1)S(O)(=O)=O,[CH3:1][C:2]1=[CH:3][CH:4]=[C:5]([CH:6]=[CH:7]1)[S:8](=[O:9])(=[O:9])[O:11][C@@H:12]2[CH2:13][CH2:14][C@@:15]3([C@:16]2([CH2:17][CH2:18][C@H:19]4[CH:20]3[CH2:21][O:22][CH:23]([CH2:24]4)[O:25][CH3:26])[CH3:27])[OH:28]>>[CH3:27]/[C:16]1=[CH:12]\[CH2:13][CH2:14][C:15](=[O:28])[CH:20]2[CH2:21][O:22][CH:23]([CH2:24][C@H:19]2[CH2:18][CH2:17]1)[O:25][CH3:26].[CH3:1][C:2]1=[CH:3][CH:4]=[C:5]([CH:6]=[CH:7]1)[S:8](=[O:9])(=[O:9])[OH:11]
O=CCCC=O>>OC1CC2C=C(CC2O1)C=O,[O:1]=[CH:2][CH2:3][CH2:4][CH:5]=[O:6].[O:7]=[CH:8][CH2:9][CH2:10][CH:11]=[O:12]>>[OH2:6].[OH:1][CH:2]1[CH2:3][CH:4]2[CH:5]=[C:10]([CH2:9][CH:8]2[O:7]1)[CH:11]=[O:12]
O=CCCC=O.O=CCCC=O>>OC1CC2C=C(CC2O1)C=O,[O:1]=[CH:2][CH2:3][CH2:4][CH:5]=[O:6].[O:7]=[CH:8][CH2:9][CH2:10][CH:11]=[O:12]>>[OH2:6].[OH:1][CH:2]1[CH2:3][CH:4]2[CH:5]=[C:10]([CH2:9][CH:8]2[O:7]1)[CH:11]=[O:12]
C=COCC.CC(=O)C1(CC1)C#Cc1ccccc1.O>>C[C@@]12CC[C@]1(O)C(=CC2)C(=O)c1ccccc1,[CH3:1][CH2:2][O:3][CH:4]=[CH2:5].[CH3:13][C:12](=[O:14])[C:9]1([CH2:10][CH2:11]1)[C:8]#[C:7][cH:6]1[cH:16][cH:17][cH:18][cH:19][cH:20]1.[O:15]>>[CH3:13][C@@:12]12[CH2:11][CH2:10][C@:9]1([OH:15])[C:8](=[CH:4][CH2:5]2)[C:7](=[O:14])[c:6]1[cH:16][cH:17][cH:18][cH:19][cH:20]1
CCOC=C.CC#CC1(CC1)C(C)=O.O>>CC(=O)C1=CC[C@]2(C)CC[C@]12O,[CH3:1][CH2:2][O:3][CH:4]=[CH2:5].[CH3:6][C:7]#[C:8][C:9]1([CH2:10][CH2:11]1)[C:12]([CH3:13])=[O:14].[O:15]>>[CH3:6][C:7](=[O:14])[C:8]1=[CH:4][CH2:5][C@:12]2([CH3:13])[CH2:11][CH2:10][C@:9]12[OH:15]
CC1C2CC[C@@]3(C)C=CC(=O)C(C)=C3C2OC1=O>>CC1C2CC[C@]3(C)[C@@]4(C)C(=O)C=CC34C2OC1=O,[CH3:1][CH:2]1[CH:3]2[CH2:4][CH2:5][C@@:6]3([CH3:7])[CH:8]=[CH:9][C:10](=[O:11])[C:12]([CH3:13])=[C:14]3[CH:15]2[O:16][C:17]1=[O:18]>>[CH3:1][CH:2]1[CH:3]2[CH2:4][CH2:5][C@:6]3([CH3:7])[C@@:12]4([CH3:13])[C:10](=[O:11])[CH:9]=[CH:8][C:14]34[CH:15]2[O:16][C:17]1=[O:18]
CC(C)=CC(C)(C)C=C(C1=CC=CC=C1)C1=CC=CC=C1>>CC(C)=CC1C(C)(C)C1(C1=CC=CC=C1)C1=CC=CC=C1,[CH3:1][C:2]([CH3:3])=[CH:4][C:5]([CH3:6])([CH3:7])[CH:8]=[C:9]([C:10]1=[CH:11][CH:12]=[CH:13][CH:14]=[CH:15]1)[C:16]1=[CH:17][CH:18]=[CH:19][CH:20]=[CH:21]1>>[CH3:1][C:2]([CH3:3])=[CH:4][CH:8]1[C:5]([CH3:7])([CH3:6])[C:9]1([C:10]1=[CH:15][CH:14]=[CH:13][CH:12]=[CH:11]1)[C:16]1=[CH:21][CH:20]=[CH:19][CH:18]=[CH:17]1
[H][C@@]12C[C@@]3(C(=O)OC)C(=O)CC[C@@]13CC([C@H]2OC(=S)N1C=CN=C1)C(C)(C)O>>COC(=O)C1CC(=O)CC[C@]11CC(C=C1)C(C)(C)O,[CH3:7][O:6][C:4](=[O:5])[C@@:3]12[CH2:2][C@H:1]3[C@@H:15]([O:16][C:17](=[S:18])[N:19]4[CH:20]=[CH:21][N:22]=[CH:23]4)[CH:14]([CH2:13][C@@:12]13[CH2:11][CH2:10][C:8]2=[O:9])[C:24]([CH3:25])([CH3:26])[OH:27]>>[CH3:7][O:6][C:4](=[O:5])[CH:3]1[CH2:2][C:8](=[O:9])[CH2:10][CH2:11][C@:12]11[CH2:13][CH:14]([CH:15]=[CH:1]1)[C:24]([CH3:25])([CH3:26])[OH:27].[C:21].[C:20].[C:17].[C:23].[N:22].[N:19].[O:16].[S:18]
C1N=C1c1ccccc1.O=C1C(=C(C(=C1c1ccccc1)c1ccccc1)c1ccccc1)c1ccccc1>>c1ccc(cc1)C1C=NC(c2ccccc2)=C(c2ccccc2)C(c2ccccc2)=C1c1ccccc1,[O:1]=[C:2]1[C:6](=[C:5]([C:4](=[C:3]1[c:25]1[cH:26][cH:27][cH:28][cH:29][cH:30]1)[c:19]1[cH:20][cH:21][cH:22][cH:23][cH:24]1)[c:13]1[cH:14][cH:15][cH:16][cH:17][cH:18]1)[c:7]1[cH:8][cH:9][cH:10][cH:11][cH:12]1.[CH:39]1=[N:38][CH:37]1[c:34]1[cH:33][cH:32][cH:31][cH:36][cH:35]1>>[cH:10]1[cH:11][cH:12][c:7]([cH:8][cH:9]1)[CH:6]1[CH:39]=[N:38][C:37]([c:34]2[cH:33][cH:32][cH:31][cH:36][cH:35]2)=[C:3]([c:25]2[cH:30][cH:29][cH:28][cH:27][cH:26]2)[C:4]([c:19]2[cH:24][cH:23][cH:22][cH:21][cH:20]2)=[C:5]1[c:13]1[cH:18][cH:17][cH:16][cH:15][cH:14]1.[C:2].[O:1]
CO\N=C/CNC(=O)C1Cc2ccccc12>>CON1Cc2ccccc2C2C1CNC2=O,[CH3:1][O:2]\[N:3]=[CH:4]/[CH2:5][NH:6][C:7](=[O:8])[CH:9]1[CH2:10][c:11]2[cH:12][cH:13][cH:14][cH:15][c:16]12>>[CH3:1][O:2][N:3]1[CH2:10][c:11]2[cH:12][cH:13][cH:14][cH:15][c:16]2[CH:9]2[CH:4]1[CH2:5][NH:6][C:7]2=[O:8]
C[Si](C)(C)C#C[Si](C)(C)C.CON=Cc1ccccc1COC(CC#C)C#C>>[H][C@]12OCc3ccccc3[C@]1([H])N(Cc1cc(c(cc21)[Si](C)(C)C)[Si](C)(C)C)OC,[CH3:1][O:2][N:3]=[CH:4][c:5]1[cH:6][cH:7][cH:8][cH:9][c:10]1[CH2:11][O:12][CH:13]([CH2:14][C:15]#[CH:16])[C:17]#[CH:18].[CH3:19][Si:20]([CH3:21])([CH3:22])[C:23]#[C:24][Si:25]([CH3:26])([CH3:27])[CH3:28]>>[CH3:1][O:2][N:3]1[CH2:14][c:15]2[cH:16][c:24]([c:23]([cH:18][c:17]2[C@H:13]2[O:12][CH2:11][c:10]3[cH:9][cH:8][cH:7][cH:6][c:5]3[C@H:4]12)[Si:20]([CH3:22])([CH3:21])[CH3:19])[Si:25]([CH3:28])([CH3:27])[CH3:26]
C[Si](C)(C)Cc1ccccc1C(Cl)=O.O=Cc1ccccc1>>O=C1OC(Cc2ccccc12)c1ccccc1.C[Si](C)(C)Cl,[CH3:1][Si:2]([CH3:3])([CH3:4])[CH2:5][c:6]1[cH:7][cH:8][cH:9][cH:10][c:11]1[C:12]([Cl:13])=[O:14].[O:15]=[CH:16][c:17]1[cH:18][cH:19][cH:20][cH:21][cH:22]1>>[O:14]=[C:12]1[O:15][CH:16]([CH2:5][c:6]2[cH:7][cH:8][cH:9][cH:10][c:11]12)[c:17]1[cH:18][cH:19][cH:20][cH:21][cH:22]1.[CH3:4][Si:2]([CH3:3])([CH3:1])[Cl:13]
O=C1C(=C(C(=C1c1ccccc1)c1ccccc1)c1ccccc1)c1ccccc1.N#Cc1ccccc1>>c1ccc(cc1)-c1nc(-c2ccccc2)c(-c2ccccc2)c(-c2ccccc2)c1-c1ccccc1.[C-]#[O+],[N:1]#[C:2][c:3]1[cH:4][cH:5][cH:6][cH:7][cH:8]1.[O:9]=[C:10]1[C:14](=[C:13]([C:12](=[C:11]1[c:33]1[cH:34][cH:35][cH:36][cH:37][cH:38]1)[c:27]1[cH:28][cH:29][cH:30][cH:31][cH:32]1)[c:21]1[cH:22][cH:23][cH:24][cH:25][cH:26]1)[c:15]1[cH:16][cH:17][cH:18][cH:19][cH:20]1>>[C-:10]#[O+:9].[cH:6]1[cH:7][cH:8][c:3]([cH:4][cH:5]1)-[c:2]1[n:1][c:14](-[c:15]2[cH:16][cH:17][cH:18][cH:19][cH:20]2)[c:13](-[c:21]2[cH:22][cH:23][cH:24][cH:25][cH:26]2)[c:12](-[c:27]2[cH:28][cH:29][cH:30][cH:31][cH:32]2)[c:11]1-[c:33]1[cH:34][cH:35][cH:36][cH:37][cH:38]1
O=C1C(=C(C(=C1c1ccccc1)c1ccccc1)c1ccccc1)c1ccccc1.N#Cc1ccccc1>>c1ccc(cc1)-c1nc(-c2ccccc2)c(-c2ccccc2)c(-c2ccccc2)c1-c1ccccc1,[N:1]#[C:2][c:3]1[cH:4][cH:5][cH:6][cH:7][cH:8]1.[O:9]=[C:10]1[C:14](=[C:13]([C:12](=[C:11]1[c:33]1[cH:34][cH:35][cH:36][cH:37][cH:38]1)[c:27]1[cH:28][cH:29][cH:30][cH:31][cH:32]1)[c:21]1[cH:22][cH:23][cH:24][cH:25][cH:26]1)[c:15]1[cH:16][cH:17][cH:18][cH:19][cH:20]1>>[cH:6]1[cH:5][cH:4][c:3]([cH:8][cH:7]1)-[c:2]1[n:1][c:14](-[c:15]2[cH:20][cH:19][cH:18][cH:17][cH:16]2)[c:13](-[c:21]2[cH:26][cH:25][cH:24][cH:23][cH:22]2)[c:12](-[c:27]2[cH:32][cH:31][cH:30][cH:29][cH:28]2)[c:11]1-[c:33]1[cH:38][cH:37][cH:36][cH:35][cH:34]1.[C:10].[O:9]
C#CCOc1ccccc1C1=NC=CC=N1>>C1Oc2ccccc2-c2ncccc12.C#N,[CH:1]#[C:2][CH2:3][O:4][c:5]1[cH:6][cH:7][cH:8][cH:9][c:10]1[C:11]1=[N:12][CH:13]=[CH:14][CH:15]=[N:16]1>>[CH:15]#[N:16].[CH2:3]1[O:4][c:5]2[cH:6][cH:7][cH:8][cH:9][c:10]2-[c:11]2[n:12][cH:13][cH:14][cH:1][c:2]12
OC1=CC(=O)NC=C1c1ccccc1.C\C=C\C=C\CCC[C@@H](C)C=O>>[H][C@@]12CCC[C@@H](C)[C@]1([H])C1=C(O[C@H]2\C=C\C)C(=CNC1=O)c1ccccc1,[CH3:1]\[CH:2]=[CH:3]\[CH:4]=[CH:5]\[CH2:6][CH2:7][CH2:8][C@@H:9]([CH3:10])[CH:11]=[O:12].[OH:13][C:14]1=[CH:15][C:16](=[O:17])[NH:18][CH:19]=[C:20]1[c:21]1[cH:22][cH:23][cH:24][cH:25][cH:26]1>>[OH2:12].[CH3:1]\[CH:2]=[CH:3]\[C@@H:4]1[O:13][C:14]2=[C:15]([C@H:11]3[C@H:9]([CH3:10])[CH2:8][CH2:7][CH2:6][C@@H:5]13)[C:16](=[O:17])[NH:18][CH:19]=[C:20]2[c:21]1[cH:26][cH:25][cH:24][cH:23][cH:22]1
CC(C)OC(=O)\C=C\C(=O)O\C=C\[N+]([O-])=O.C=CO[C@@H]1CCCC1(c1ccccc1)c1ccccc1>>[H][C@]12C[C@@]([H])(O[C@@H]3CCCC3(c3ccccc3)c3ccccc3)ON3O[C@@H](C(=O)OC(C)C)[C@]([H])(C(=O)O1)[C@]23[H],[CH3:1][CH:2]([CH3:3])[O:4][C:5](=[O:6])\[CH:7]=[CH:8]\[C:9](=[O:10])[O:11]\[CH:12]=[CH:13]\[N+:14]([O-:15])=[O:16].[CH2:17]=[CH:18][O:19][C@@H:20]1[CH2:21][CH2:22][CH2:23][C:24]1([c:25]1[cH:26][cH:27][cH:28][cH:29][cH:30]1)[c:31]1[cH:32][cH:33][cH:34][cH:35][cH:36]1>>[CH3:3][CH:2]([CH3:1])[O:4][C:5](=[O:6])[C@@H:7]1[O:15][N:14]2[O:16][C@@H:18]([CH2:17][C@H:12]3[O:11][C:9](=[O:10])[C@@H:8]1[C@@H:13]23)[O:19][C@@H:20]1[CH2:21][CH2:22][CH2:23][C:24]1([c:31]1[cH:36][cH:35][cH:34][cH:33][cH:32]1)[c:25]1[cH:30][cH:29][cH:28][cH:27][cH:26]1
C[Si](C)(C)C1=CC=CC=C1OS(=O)(C(F)(F)F)=O.O=C(CC(OC)=O)C.[F-]>>O=C(C)C2=CC=CC=C2CC(OC)=O.C[Si](C)(F)C.[O-]S(=O)(C(F)(F)F)=O,[#6:1][Si:2]([#6:3])([#6:4])[#6:5]-1=[#6:6]-[#6:7]=[#6:8]-[#6:9]=[#6:10]-1-[#8:11][S:12](=[O:13])(=[O:18])[C:14]([F:15])([F:16])[F:17].[#6:24]-[#8:23]-[#6:22](=[O:25])-[#6:21]-[#6:20](-[#6:26])=[O:19].[F-:27]>>[#6:24]-[#8:23]-[#6:22](=[O:25])-[#6:21]-[#6:5]-1=[#6:6]-[#6:7]=[#6:8]-[#6:9]=[#6:10]-1-[#6:20](-[#6:26])=[O:19].[#6:1][Si:2]([#6:3])([#6:4])[F:27].[#8-:11][S:12](=[O:18])(=[O:13])[C:14]([F:15])([F:16])[F:17]
CC(CCC1(C(CCCC1=O)=O)CCCOCC2=CC=CC=C2)=O>>O=C3CC[C@@]4(C(CCCC4=C3)=O)CCCOCC5=CC=CC=C5.O,[#6:1]-[#6:2](=[O:24])-[#6:3]-[#6:4][C:5]1([#6:13]-[#6:14]-[#6:15]-[#8:16]-[#6:17]-[#6:18]-2=[#6:19]-[#6:20]=[#6:21]-[#6:22]=[#6:23]-2)[#6:10](=[O:11])-[#6:9]-[#6:8]-[#6:7]-[#6:6]1=[O:12]>>[O:24]=[#6:2]-1-[#6:3]-[#6:4][C@:5]2([#6:13]-[#6:14]-[#6:15]-[#8:16]-[#6:17]-[#6:18]-3=[#6:23]-[#6:22]=[#6:21]-[#6:20]=[#6:19]-3)[#6:10](=[O:11])-[#6:9]-[#6:8]-[#6:7]-[#6:6]2=[#6:1]-1.[#8:12]
O=C(OC)C1OC1(C)CC(OC)OC>>O=C(OC)C2=C(C)C=CO2.OC.OC,[CH3:8][C:7]1([CH:5]([O:6]1)[C:2](=[O:1])[O:3][CH3:4])[CH2:9][CH:10]([O:11][CH3:12])[O:13][CH3:14]>>[CH3:8][C:7]1=[C:5]([O:6][CH:10]=[CH:9]1)[C:2](=[O:1])[O:3][CH3:4].[CH3:12][OH:11].[CH3:14][OH:13]
OCC1=CC=CO1.O=C(C2=CC=CC(Cl)=C2)OO>>O=C3COC(C=C3)O.OC(C4=CC=CC(Cl)=C4)=O,[#8:1]-[#6:2]-[#6:3]-1=[#6:4]-[#6:5]=[#6:6]-[#8:7]-1.[#8:18]-[#8:17]-[#6:9](=[O:8])-[#6:10]-1=[#6:11]-[#6:12]=[#6:13]-[#6:14]([Cl:15])=[#6:16]-1>>[#8:18]-[#6:6]-1-[#8:1]-[#6:2]-[#6:3](=[O:7])-[#6:4]=[#6:5]-1.[#8:17]-[#6:9](=[O:8])-[#6:10]-1=[#6:11]-[#6:12]=[#6:13]-[#6:14]([Cl:15])=[#6:16]-1
OC(C1=CC=CC=C1)(C2=CC=CC=C2)C(C3=CC=CC=C3)(O)C4=CC=CC=C4>>C5(C(C=CC=C6)=C6C(C7=CC=CC=C7)=C8C9=CC=CC=C9)=C8C=CC=C5.O.O,[#8:1][C:2]([#6:3]-1=[#6:4]-[#6:5]=[#6:6]-[#6:7]=[#6:8]-1)([#6:9]-1=[#6:10]-[#6:11]=[#6:12]-[#6:13]=[#6:14]-1)[C:15]([#8:22])([#6:16]-1=[#6:17]-[#6:18]=[#6:19]-[#6:20]=[#6:21]-1)[#6:23]-1=[#6:24]-[#6:25]=[#6:26]-[#6:27]=[#6:28]-1>>[#6:6]-1=[#6:5]-[#6:4]=[#6:3](-[#6:8]=[#6:7]-1)-[#6:2]-1=[#6:15](-[#6:16]-2=[#6:17]-[#6:18]=[#6:19]-[#6:20]=[#6:21]-2)-[#6:23]-2=[#6:24](-[#6:25]=[#6:26]-[#6:27]=[#6:28]-2)-[#6:10]-2=[#6:9]-1-[#6:14]=[#6:13]-[#6:12]=[#6:11]-2.[#8:1].[#8:22]
C=C/C=C/OC(C)=O.C1=CC=CCC=C1>>C23C=CC=CC(CC=CC3OC(C)=O)C2,[CH3:1][C:2](=[O:3])[O:4]/[CH:5]=[CH:6]/[CH:7]=[CH2:8].[CH2:9]1[CH:10]=[CH:11][CH:12]=[CH:13][CH:14]=[CH:15]1>>[CH3:1][C:2](=[O:3])[O:4][CH:5]1[CH:6]=[CH:7][CH2:8][CH:15]2[CH2:9][CH:10]1[CH:11]=[CH:12][CH:13]=[CH:14]2 
C=C(C)CCN(C(OC(C)(C)C)=O)C1=CC=CO1>>O=C2CC3(C)C(N(C(OC(C)(C)C)=O)CC3)=CC2,[#6:3]-[#6:2](=[#6:1])-[#6:4]-[#6:5]-[#7:6](-[#6:7](=[O:13])-[#8:8][C:9]([#6:10])([#6:11])[#6:12])-[#6:14]-1=[#6:15]-[#6:16]=[#6:17]-[#8:18]-1>>[#6:11][C:9]([#6:10])([#6:12])[#8:8]-[#6:7](=[O:13])-[#7:6]-1-[#6:5]-[#6:4][C:2]2([#6:3])[#6:1]-[#6:17](=[O:18])-[#6:16]-[#6:15]=[#6:14]-12
N[C@@H](CO)C1=CC=CC=C1.O=CCCCC=O.[H]C#N>>N#C[C@H]2N3C(COC3CCC2)C4=CC=CC=C4.O.O,[NH2:1][C@@H:2]([CH2:3][OH:4])[C:5]1=[CH:6][CH:7]=[CH:8][CH:9]=[CH:10]1.[O:11]=[CH:12][CH2:13][CH2:14][CH2:15][CH:16]=[O:17].[CH:18]#[N:19]>>[N:19]#[C:18][C@@H:12]1[CH2:13][CH2:14][CH2:15][CH:16]2[O:4][CH2:3][CH:2]([N:1]12)[C:5]1=[CH:10][CH:9]=[CH:8][CH:7]=[CH:6]1.[OH2:17].[OH2:11]
C[Si](C)(C)O/C=C1CCCCCCCCCCC\1(CC(C)=C)O>>CC2=CC=C3CCCCCCCCCCC3=C2.O[Si](C)(C)C.O,[#6:21]-[#6:20](=[#6:22])-[#6:19][C:18]1([#8:23])[#6:17]-[#6:16]-[#6:15]-[#6:14]-[#6:13]-[#6:12]-[#6:11]-[#6:10]-[#6:9]-[#6:8]\[#6:7]1=[#6:6]/[#8:5][Si:2]([#6:1])([#6:3])[#6:4]>>[#6:21]-[#6:20]-1=[#6:22]-[#6:6]=[#6:7]-2-[#6:8]-[#6:9]-[#6:10]-[#6:11]-[#6:12]-[#6:13]-[#6:14]-[#6:15]-[#6:16]-[#6:17]-[#6:18]-2=[#6:19]-1.[#6:4][Si:2]([#6:3])([#6:1])[#8:5].[#8:23]
O=C1C(C)=CC[C@@H](C(C)=C)C1.C=C=C([Si](C)(C)C)C>>C[C@@]23[C@@](CC([Si](C)(C)C)=C3C)([H])C[C@@H](C(C)=C)CC2=O,[C@@H:7]1([CH2:6][CH:5]=[C:3]([C:2](=[O:1])[CH2:12]1)[CH3:4])[C:9](=[CH2:11])[CH3:10].[CH3:20][C:15](=[C:14]=[CH2:13])[Si:16]([CH3:17])([CH3:18])[CH3:19]>>[C@@H:5]12[CH2:6][C@H:7]([CH2:12][C:2](=[O:1])[C@@:3]1([C:15](=[C:14]([CH2:13]2)[Si:16]([CH3:17])([CH3:18])[CH3:19])[CH3:20])[CH3:4])[C:9](=[CH2:11])[CH3:10] 
OC(C1=CC=CC=C1)(C#CC2=CC=CC=C2)C3=CC=CC=C3.OC(C1=CC=CC=C1)(C#CC2=CC=CC=C2)C3=CC=CC=C3>>C1(C2=CC=CC=C2)=C3C(C4=CC=CC=C4)=C5C=CC=CC5=C(C3=C(C6=CC=CC=C16)C7=CC=CC=C7)C8=CC=CC=C8.[H]O[H].[H]O[H],[#8:1][C:2]([C:9]#[C:10][#6:11]-1=[#6:12]-[#6:13]=[#6:14]-[#6:15]=[#6:16]-1)([#6:3]-1=[#6:4]-[#6:5]=[#6:6]-[#6:7]=[#6:8]-1)[#6:17]-1=[#6:18]-[#6:19]=[#6:20]-[#6:21]=[#6:22]-1.[#8:23][C:24]([C:31]#[C:32][#6:33]-1=[#6:34]-[#6:35]=[#6:36]-[#6:37]=[#6:38]-1)([#6:25]-1=[#6:26]-[#6:27]=[#6:28]-[#6:29]=[#6:30]-1)[#6:39]-1=[#6:40]-[#6:41]=[#6:42]-[#6:43]=[#6:44]-1>>[#6:42]-1=[#6:43]-[#6:44]=[#6:39](-[#6:40]=[#6:41]-1)-[#6:24]-1=[#6:31]-2-[#6:32](-[#6:33]-3=[#6:38]-[#6:37]=[#6:36]-[#6:35]=[#6:34]-3)=[#6:4]-3-[#6:5]=[#6:6]-[#6:7]=[#6:8]-[#6:3]-3=[#6:2](-[#6:17]-3=[#6:18]-[#6:19]=[#6:20]-[#6:21]=[#6:22]-3)-[#6:9]-2=[#6:10](-[#6:11]-2=[#6:12]-[#6:13]=[#6:14]-[#6:15]=[#6:16]-2)-[#6:26]-2=[#6:27]-[#6:28]=[#6:29]-[#6:30]=[#6:25]-1-2.[#8:1].[#8:23]
O=C(OC)[C@@H](N(CC#C)CC=C)CC1=CC=CC=C1>>O=C(OC)[C@@H](N1CC(C=C)=CC1)CC2=CC=CC=C2,[CH3:1][O:2][C:3](=[O:4])[C@H:5]([CH2:6][C:7]1=[CH:8][CH:9]=[CH:10][CH:11]=[CH:12]1)[N:13]([CH2:14][CH:15]=[CH2:16])[CH2:17][C:18]#[CH:19]>>[CH3:1][O:2][C:3](=[O:4])[C@H:5]([CH2:6][C:7]1=[CH:8][CH:9]=[CH:10][CH:11]=[CH:12]1)[N:13]2[CH2:14][CH:15]=[C:18]([CH2:17]2)[CH:19]=[CH2:16]
C1CCCO1.CCCC[Li]>>C=CO[Li].C=C.CCCC,[#6:2]-1-[#6:3]-[#6:4]-[#8:5]-[#6:1]-1.[Li:10][#6:9]-[#6:8]-[#6:7]-[#6:6]>>[Li:10][#8:5]-[#6:1]=[#6:2].[#6:3]=[#6:4].[#6:9]-[#6:8]-[#6:7]-[#6:6]
CC1=C2[C@@](CCC2)([H])[C@]3([H])[C@@](/C(C(O3)=O)=C/C)([H])[C@@H](O)C1>>O[C@H]1CC(C)=C2[C@@]([C@]1([H])/C3=C/C)([H])[C@@](CCC2)([H])OC3=O,[CH3:1]/[CH:2]=[C:3]\1[C@@H:4]2[C@H:5]([CH2:6][C:7](=[C:8]3[CH2:9][CH2:10][CH2:11][C@@H:12]3[C@H:13]2[O:14][C:15]1=[O:16])[CH3:17])[OH:18]>>[CH3:1]/[CH:2]=[C:3]\1[C@@H:4]2[C@H:5]([CH2:6][C:7](=[C:8]3[C@H:13]2[C@H:12]([CH2:11][CH2:10][CH2:9]3)[O:16][C:15]1=[O:14])[CH3:17])[OH:18]
C=C1C=CC(C)=C/C1=C\O[Li].C12=CC=CC=C1CCN=C2.[H]Cl>>CC1=CC=C(CC(C(C=CC=C2)=C2CC3)N3C4O)C4=C1.[Li]Cl,[Li:11][#8:10]\[#6:9]=[#6:8]-1/[#6:7]=[#6:5](-[#6:6])-[#6:4]=[#6:3]-[#6:2]-1=[#6:1].[#6:19]-1-[#6:18]-[#6:17]-2=[#6:16]-[#6:15]=[#6:14]-[#6:13]=[#6:12]-2-[#6:21]=[#7:20]-1.[Cl:22]>>[#6:6]-[#6:5]-1=[#6:4]-[#6:3]=[#6:2]-2-[#6:1]-[#6:21]-3-[#7:20](-[#6:19]-[#6:18]-[#6:17]-4=[#6:12]-3-[#6:13]=[#6:14]-[#6:15]=[#6:16]-4)-[#6:9](-[#8:10])-[#6:8]-2=[#6:7]-1.[Li:11][Cl:22]
CC(OC)(C)/C=C/C1=C[C@@H](O)[C@H](O2)[C@H]2C1=O.CC(OC)(C)/C=C/C1=C[C@@H](O)[C@H](O2)[C@H]2C1=O>>OC([C@H]1[C@@H]2O1)[C@@]3([H])[C@](C4=C[C@H](C(C)(OC)C)[C@@]3(/C=C/C(C)(OC)C)C2=O)([H])[C@@H](O)[C@H]5[C@H](O5)C4=O,[CH3:4][O:3][C:2]([CH3:1])([CH3:5])\[CH:6]=[CH:7]\[C:8]1=[CH:9][C@@H:10]([OH:11])[C@@H:12]2[O:13][C@@H:14]2[C:15]1=[O:16].[CH3:20][O:19][C:18]([CH3:17])([CH3:21])\[CH:22]=[CH:23]\[C:24]1=[CH:25][C@@H:26]([OH:27])[C@@H:28]2[O:29][C@@H:30]2[C:31]1=[O:32]>>[CH3:4][O:3][C:2]([CH3:5])([CH3:1])\[CH:6]=[CH:7]\[C@@:8]12[C@@H:9]([CH:10]([OH:11])[C@@H:12]3[O:13][C@@H:14]3[C:15]1=[O:16])[C@@H:25]1[C@@H:26]([OH:27])[C@@H:28]3[O:29][C@@H:30]3[C:31](=[O:32])[C:24]1=[CH:23][C@@H:22]2[C:18]([CH3:21])([CH3:17])[O:19][CH3:20]
CC(C)([Si](C)(OC[C@H]1OC(C)(O[C@H]1[C@H](C=C)O)C)C)C.COC(OC)(OC)C>>COC(CC/C=C/[C@@H]1OC(C)(O[C@@H]1CO[Si](C)(C(C)(C)C)C)C)=O.CO,[CH3:1][O:2][C:3]([CH3:8])([O:4][CH3:5])[O:6][CH3:7].[CH3:9][C:10]([CH3:11])([CH3:28])[Si:12]([CH3:13])([CH3:27])[O:14][CH2:15][C@H:16]1[O:17][C:18]([CH3:19])([CH3:26])[O:20][C@H:21]1[C@@H:22]([OH:25])[CH:23]=[CH2:24]>>[CH3:7][OH:6].[CH3:1][O:2][C:3](=[O:4])[CH2:8][CH2:24]\[CH:23]=[CH:22]\[C@@H:21]1[O:20][C:18]([CH3:26])([CH3:19])[O:17][C@@H:16]1[CH2:15][O:14][Si:12]([CH3:13])([CH3:27])[C:10]([CH3:28])([CH3:11])[CH3:9].[C:5].[O:25]
CONC([C@H]1OC(C)(O[C@H]1/C=C/CCC(OC)=O)C)=O>>[H][C@]1([C@@]2([C@@H]3OC(C)(O[C@@H]3C(N2OC)=O)C)[H])CCC(O1)=O,[CH3:1][O:2][NH:3][C:4](=[O:20])[C@H:5]1[O:6][C:7]([CH3:8])([CH3:19])[O:9][C@H:10]1\[CH:11]=[CH:12]\[CH2:13][CH2:14][C:15](=[O:18])[O:16][CH3:17]>>[CH3:1][O:2]N1[CH:11]([CH:12]2[CH2:13][CH2:14][C:15](=[O:16])[O:18]2)[C@@H:10]2[O:9][C:7]([CH3:8])([CH3:19])[O:6][C@@H:5]2[C:4]1=[O:20]
[H][C@]1([C@@]2([C@@H]3OC(C)(O[C@@H]3C(N2OC)=O)C)[H])CCC(O1)=O>>[H][C@]1([C@@H](CCCO)O)NC[C@H]2OC(C)(O[C@@H]12)C.CO.O,[CH3:12][O:11][N:10]1[C@H:2]([C@H:1]2[CH2:15][CH2:16][C:17](=[O:19])[O:18]2)[C@@H:3]2[O:4][C:5]([CH3:6])([CH3:14])[O:7][C@@H:8]2[C:9]1=[O:13]>>[OH2:13].[CH3:12][OH:11].[CH3:14][C:5]1([CH3:6])[O:7][C@@H:8]2[CH2:9][NH:10][C@H:2]([C@H:1]([OH:18])[CH2:15][CH2:16][CH2:17][OH:19])[C@@H:3]2[O:4]1
CC1(C)C2CCC1(C)C(O)C2>>CC1(C)C2CCC(C2)C1=C.O,[#6:1][C:2]1([#6:3])[#6:4]-2-[#6:5]-[#6:6][C:7]1([#6:8])[#6:9](-[#8:10])-[#6:11]-2>>[#6:3][C:2]1([#6:1])[#6:4]-2-[#6:5]-[#6:6]-[#6:9](-[#6:11]-2)-[#6:7]1=[#6:8].[#8:10]
CCOC(=O)CCCCC(=O)OCC>>O=C1CCCC1.CCO.CCO,[#6:1]-[#6:2]-[#8:3]-[#6:4](=[O:5])-[#6:6]-[#6:7]-[#6:8]-[#6:9]-[#6:10](=[O:11])-[#8:12]-[#6:13]-[#6:14]>>[#6:1]-[#6:2]-[#8:3].[#6:14]-[#6:13]-[#8:12].[O:5]=[#6:4]-1-[#6:6]-[#6:7]-[#6:8]-[#6:9]-1.[#6;v0:10].[#8:11]
NC(=N)C(\N=N\c1ccccc1)C(N)=O.Clc1ccc(C=O)cc1.Clc1ccc(C=O)cc1>>Clc1ccc(cc1)-c1nc2N=C(NC(=O)c2[nH]1)c1ccc(Cl)cc1.Nc1ccccc1,[Cl:1][c:2]1[c:3][c:4][c:5](-[#6:6]=[O:7])[c:8][c:9]1.[Cl:10][c:11]1[c:12][c:13][c:14](-[#6:15]=[O:16])[c:17][c:18]1.[#7:19]-[#6:20](=[#7:21])-[#6:22](\[#7:23]=[#7:24]\[c:25]1[c:26][c:27][c:28][c:29][c:30]1)-[#6:31](-[#7:32])=[O:33]>>[#7:24]-[c:25]1[c:26][c:27][c:28][c:29][c:30]1.[Cl:10][c:11]1[c:12][c:13][c:14]([c:17][c:18]1)-[c:15]1[n:21][c:20]2-[#7:19]=[#6:6](-[#7:32]-[#6:31](=[O:33])-[c:22]2[n:23]1)-[c:5]1[c:8][c:9][c:2]([Cl:1])[c:3][c:4]1.[#8:7].[#8:16]
ClC1CCCCC1=O.CO>>COC(=O)C1CCCC1.[Cl-],[#6:1]-[#8:2].[Cl:3][#6:4]-1-[#6:5]-[#6:6]-[#6:7]-[#6:8]-[#6:9]-1=[O:10]>>[Cl-:3].[#6:1]-[#8:2]-[#6:9](=[O:10])-[#6:4]-1-[#6:5]-[#6:6]-[#6:7]-[#6:8]-1
C[Si](C)(C)OC1=CCCC1.O=C1C=CC(=O)C=C1>>C[Si](C)(C)OC12CCCC1c1cc(O)ccc1O2,[O:1]=[#6:2]-1-[#6:3]=[#6:4]-[#6:5](=[O:6])-[#6:7]=[#6:8]-1.[#6:9][Si:10]([#6:11])([#6:12])[#8:13]-[#6:14]-1=[#6:15]-[#6:16]-[#6:17]-[#6:18]-1>>[#6:12][Si:10]([#6:11])([#6:9])[#8:13][C:14]12[#6:18]-[#6:17]-[#6:16]-[#6:15]1-[c:4]1[c:3][c:2](-[#8:1])[c:8][c:7][c:5]1-[#8:6]2
CC1(O)CCCC1.CCCCN=[N+]=[N-]>>CCCCN1CCCCC1C.N#N,[#6:1]-[#6:2]-[#6:3]-[#6:4]-[#7:5]=[N+:6]=[#7-:7].[#6:8][C:9]1([#8:10])[#6:11]-[#6:12]-[#6:13]-[#6:14]1>>[N:7]#[N:6].[#6:1]-[#6:2]-[#6:3]-[#6:4]-[#7:5]-1-[#6:14]-[#6:13]-[#6:12]-[#6:11]-[#6:9]-1-[#6:8].[#8:10]
CC1CCCC(=O)C1C.CC(=O)C=C>>CC1CCCC2=CC(=O)CCC12C.O,[#6:1]-[#6:2]-1-[#6:3]-[#6:4]-[#6:5]-[#6:6](=[O:7])-[#6:8]-1-[#6:9].[#6:10]-[#6:11](=[O:12])-[#6:13]=[#6:14]>>[#6:1]-[#6:2]1-[#6:3]-[#6:4]-[#6:5]-[#6:6]2=[#6:10]-[#6:11](=[O:12])-[#6:13]-[#6:14][C:8]12[#6:9].[#8:7]
[H][C@@]1(OC(=O)C(O)=C1O)[C@@H](O)CO.CC(=O)\C=C/C=O>>[H][C@]12OC(=O)[C@](O)(c3ccc(C)o3)[C@@]1(O)OC[C@@H]2O.O,[CH3:1][C:2](=[O:3])\[CH:4]=[CH:5]/[CH:6]=[O:7].[OH:19][CH2:18][C@H:16]([OH:17])[C@H:8]1[O:9][C:10](=[O:11])[C:12]([OH:13])=[C:14]1[OH:15]>>[OH2:3].[CH3:1][c:2]1[cH:4][cH:5][c:6]([o:7]1)[C@@:12]1([OH:13])[C:10](=[O:11])[O:9][C@@H:8]2[C@@H:16]([OH:17])[CH2:18][O:19][C@:14]12[OH:15]
CO[C@H]1C[C@H](S[Si](C)(C)C)[C@@H](CO1)OC(=O)N[Si](C)(C)C.CCc1cnc(O[Si](C)(C)C)nc1O[Si](C)(C)C>>CCC1=CN(C(CC2SC2CO)OC)C(=O)NC1=O.C[Si+](C)C.C[Si+](C)C.C[Si+](C)C.C[Si](C)(C)N.O=C=O,[CH3:1][CH2:2][c:3]1[cH:4][n:5][c:6]([n:7][c:8]1[O:9][Si:10]([CH3:11])([CH3:12])[CH3:13])[O:14][Si:15]([CH3:16])([CH3:17])[CH3:18].[CH3:19][O:20][C@H:21]1[CH2:22][C@@H:23]([C@@H:24]([CH2:25][O:26]1)[O:27][C:28](=[O:29])[NH:30][Si:31]([CH3:32])([CH3:33])[CH3:34])[S:35][Si:36]([CH3:37])([CH3:38])[CH3:39]>>[CH3:1][CH2:2][C:3]1=[CH:4][N:5]([C:6](=[O:14])[NH:7][C:8]1=[O:9])[CH:21]([CH2:22][CH:23]2[CH:24]([S:35]2)[CH2:25][OH:26])[O:20][CH3:19].[CH3:11][Si+:10]([CH3:12])[CH3:13].[CH3:16][Si+:15]([CH3:17])[CH3:18].[CH3:37][Si+:36]([CH3:38])[CH3:39].[CH3:32][Si:31]([CH3:33])([CH3:34])[NH2:30].[C:28](=[O:27])=[O:29]
C\C=C\[C@H](O)C\C=C\c1ccccc1>>C[C@H](CC=O)[C@@H](C=C)c1ccccc1,[#6:1]\[#6:2]=[#6:3]\[#6@H:4](-[#8:5])-[#6:6]\[#6:7]=[#6:8]\[c:9]1[c:10][c:11][c:12][c:13][c:14]1>>[#6:1]-[#6@H:2](-[#6:3]-[#6:4]=[O:5])-[#6@@H:8](-[#6:7]=[#6:6])-[c:9]1[c:10][c:11][c:12][c:13][c:14]1
COC(=O)C(C)(CCCC1(Cc2ccccc12)C#N)C=C>>[H][C@@]12CCc3ccccc3[C@@]1(CCCC2(C)C(=O)OC)C#N,[#6:1]-[#8:2]-[#6:3](=[O:4])[C:5]([#6:6])([#6:7]-[#6:8]-[#6:9][C:10]1([#6:11]-[c:12]2[c:13][c:14][c:15][c:16][c:17]12)[C:18]#[N:19])[#6:20]=[#6:21]>>[#6:1]-[#8:2]-[#6:3](=[O:4])[C:5]1([#6:6])[#6:7]-[#6:8]-[#6:9][C@:10]2([C:18]#[N:19])[#6@H:20]1-[#6:21]-[#6:11]-[c:12]1[c:13][c:14][c:15][c:16][c:17]21
O=C1C(=O)c2cccc3cccc1c23.CC(=O)CC(=O)CC(C)=O.C1C2C=CC1C=C2>>CC(=O)c1ccc(C(C)=O)c2-c3cccc4cccc(-c12)c34.[C-]#[O+].C1C=CC=C1.O.O,[O:1]=[#6:2]-1-[#6:3](=[O:4])-[c:5]2[c:6][c:7][c:8][c:9]3[c:10][c:11][c:12][c:13]-1[c:14]23.[#6:15]-[#6:16](=[O:17])-[#6:18]-[#6:19](=[O:20])-[#6:21]-[#6:22](-[#6:23])=[O:24].[#6:25]-1-[#6:26]-2-[#6:27]=[#6:28]-[#6:29]-1-[#6:30]=[#6:31]-2>>[#6:23]-[#6:22](=[O:24])-[c:21]1[c:27][c:28][c:18](-[#6:16](-[#6:15])=[O:17])[c:2]2-[c:13]3[c:12][c:11][c:10][c:9]4[c:8][c:7][c:6][c:5](-[c:3]12)[c:14]34.[C-:19]#[O+:20].[#6:26]-1-[#6:25]=[#6:29]-[#6:30]=[#6:31]-1.[#8:1].[#8:4]
CCC=O>>CC\C=C(/C)C=O,[#6:1]-[#6:2]-[#6:3]=[O:4].[#6:5]-[#6:6]-[#6:7]=[O:8]>>[#8:8].[#6:5]-[#6:6]\[#6:7]=[#6:2](/[#6:1])-[#6:3]=[O:4]
CN1C=C(C)C(=O)NC1=O>>[H][C@]1(N(C)C(=O)NC(=O)[C@]1(C)O)C1=NC(=O)N(C)C=C1C,[#6:1]-[#7:2]-1-[#6:3]=[#6:4](-[#6:5])-[#6:6](=[O:7])-[#7:8]-[#6:9]-1=[O:10].[#6:11]-[#7:12]-1-[#6:13]=[#6:14](-[#6:15])-[#6:16](=[O:17])-[#7:18]-[#6:19]-1=[O:20]>>[#6:11]-[#7:12]-1-[#6:13]=[#6:14](-[#6:15])-[#6:16](=[#7:18]-[#6:19]-1=[O:20])-[#6@@H:3]1-[#7:2](-[#6:1])-[#6:9](=[O:10])-[#7:8]-[#6:6](=[O:7])[C@:4]1([#6:5])[#8:17]
[H]C(=O)c1ccccc1>>OC(C(=O)c1ccccc1)c1ccccc1,[O:2]=[#6:1]-[c:3]1[c:4][c:5][c:6][c:7][c:8]1.[O:10]=[#6:9]-[c:11]1[c:12][c:13][c:14][c:15][c:16]1>>[#8:10]-[#6:9](-[#6:1](=[O:2])-[c:3]1[c:4][c:5][c:6][c:7][c:8]1)-[c:11]1[c:16][c:15][c:14][c:13][c:12]1
CC(C)(O)C(C)(C)O>>CC(=O)C(C)(C)C,[#6:1][C:2]([#6:3])([#8:4])[C:5]([#6:6])([#6:7])[#8:8]>>[#8:8].[#6:1]-[#6:2](=[O:4])[C:5]([#6:7])([#6:6])[#6:3]
COC(=O)CC(C)=O.O=Cc1ccccc1.NC(N)=O>>COC(=O)C1C(C)NC(=O)NC1c1ccccc1,[#7:1]-[#6:2](-[#7:3])=[O:4].[O:5]=[#6:6]-[c:7]1[c:8][c:9][c:10][c:11][c:12]1.[#6:13]-[#8:14]-[#6:15](=[O:16])-[#6:17]-[#6:18](-[#6:19])=[O:20]>>[#6:13]-[#8:14]-[#6:15](=[O:16])-[#6:17]-1-[#6:18](-[#6:19])-[#7:3]-[#6:2](=[O:4])-[#7:1]-[#6:6]-1-[c:7]1[c:12][c:11][c:10][c:9][c:8]1.[#8:5].[#8:20]
CCC(C)=O.COC(=O)CC#N.[S--]>>COC(=O)C1=C(N)SC(C)=C1C,[#16-:1].[#6:2]-[#8:3]-[#6:4](=[O:5])-[#6:6][C:7]#[N:8].[#6:9]-[#6:10]-[#6:11](-[#6:12])=[O:13]>>[#8:13].[#6:2]-[#8:3]-[#6:4](=[O:5])-[#6:6]-1=[#6:7](-[#7:8])-[#16:1]-[#6:10](-[#6:9])=[#6:11]-1-[#6:12]
[H]C(C)=O.CCC(=O)CC(=O)OC(C)C.N>>CCC1=C(C(C)C(C(=O)OC(C)C)=C(CC)N1)C(=O)OC(C)C,[#6:1]-[#6:2]-[#6:3](=[O:4])-[#6:5]-[#6:6](=[O:7])-[#8:8]-[#6:9](-[#6:10])-[#6:11].[#7:12].[#6:13]-[#6:14]-[#6:15](=[O:16])-[#6:17]-[#6:18](=[O:19])-[#8:20]-[#6:21](-[#6:22])-[#6:23].[#6:25]-[#6:24]=[O:26]>>[#8:16].[#8:4].[#8:26].[#6:13]-[#6:14]-[#6:15]-1=[#6:17](-[#6:24](-[#6:25])-[#6:5](-[#6:6](=[O:7])-[#8:8]-[#6:9](-[#6:11])-[#6:10])=[#6:3](-[#6:2]-[#6:1])-[#7:12]-1)-[#6:18](=[O:19])-[#8:20]-[#6:21](-[#6:22])-[#6:23]
[H]C([H])=O.CCNCC.CCCC(C)=O>>CCC(CN(CC)CC)C(C)=O,[#6:1]-[#6:2]-[#6:3]-[#6:4](-[#6:5])=[O:6].[#6:7]-[#6:8]-[#7:9]-[#6:10]-[#6:11].[#6:12]=[O:13]>>[#8:13].[#6:1]-[#6:2]-[#6:3](-[#6:12]-[#7:9](-[#6:10]-[#6:11])-[#6:8]-[#6:7])-[#6:4](-[#6:5])=[O:6]
CCC#CC1=C(O)C=CC(=C1)N(=O)=O.CC(=O)Oc1ccc(I)cc1.[C-]#[O+]>>CCC1=C(C(=O)c2ccc(OC(C)=O)cc2)c2cc(ccc2O1)N(=O)=O,[C-:1]#[O+:2].[#6:3]-[#6:4](=[O:5])-[#8:6]-[c:7]1[c:8][c:9][c:10]([I:11])[c:12][c:13]1.[#6:14]-[#6:15][C:16]#[C:17][#6:18]-1=[#6:19](-[#8:20])-[#6:21]=[#6:22]-[#6:23](=[#6:24]-1)[N:25](=[O:26])=[O:27]>>[#6:14]-[#6:15]-[#6:16]-1=[#6:17](-[#6:1](=[O:2])-[c:10]2[c:9][c:8][c:7](-[#8:6]-[#6:4](-[#6:3])=[O:5])[c:13][c:12]2)-[c:18]2[c:24][c:23]([c:22][c:21][c:19]2-[#8:20]-1)[N:25](=[O:27])=[O:26].[I:11]
CC\C(OC)=C(/C#N)c1ccc(Cl)cc1.NC(N)=N>>CCC1=C(C(N)=NC(N)=N1)c1ccc(Cl)cc1,[#7:1]-[#6:2](-[#7:3])=[#7:4].[#6:5]-[#6:6]\[#6:7](-[#8:8]-[#6:9])=[#6:10](/[C:11]#[N:12])-[c:13]1[c:14][c:15][c:16]([Cl:17])[c:18][c:19]1>>[#6:5]-[#6:6]-[#6:7]-1=[#6:10](-[#6:11](-[#7:12])=[#7:1]-[#6:2](-[#7:3])=[#7:4]-1)-[c:13]1[c:19][c:18][c:16]([Cl:17])[c:15][c:14]1.[#6;v0:9].[#8:8]
COC(=O)\C=C(\C)N.CC(=O)C#C>>COC(=O)C1=C(C)N=C(C)C=C1,[#6:1]-[#6:2](=[O:3])[C:4]#[C:5].[#6:6]-[#8:7]-[#6:8](=[O:9])\[#6:10]=[#6:11](\[#6:12])-[#7:13]>>[#8:3].[#6:6]-[#8:7]-[#6:8](=[O:9])-[#6:10]-1=[#6:11](-[#6:12])-[#7:13]=[#6:2](-[#6:1])-[#6:4]=[#6:5]-1
COc1ccc(cc1)C#Cc1ccc(OC)cc1.C=C>>COc1ccc(cc1)C(=C)C(=C)c1ccc(OC)cc1,[#6:1]-[#8:2]-[c:3]1[c:4][c:5][c:6]([c:7][c:8]1)[C:9]#[C:10][c:11]1[c:12][c:13][c:14](-[#8:15]-[#6:16])[c:17][c:18]1.[#6:19]=[#6:20]>>[#6:1]-[#8:2]-[c:3]1[c:4][c:5][c:6]([c:7][c:8]1)-[#6:9](=[#6:19])-[#6:10](=[#6:20])-[c:11]1[c:12][c:13][c:14](-[#8:15]-[#6:16])[c:17][c:18]1
CC(=O)C=C.CCCCC=C>>CCCCC=CC(C)=O.C=C,[#6:1]-[#6:2](=[O:3])-[#6:4]=[#6:5].[#6:6]-[#6:7]-[#6:8]-[#6:9]-[#6:10]=[#6:11]>>[#6:6]-[#6:7]-[#6:8]-[#6:9]-[#6:10]=[#6:4]-[#6:2](-[#6:1])=[O:3].[#6:5]=[#6:11]
[H]\C(CC)=N/CC.Cc1ccc(cc1)S(=O)(=O)CN=C>>CCN1C=NC=C1CC.Cc1ccc(cc1)S(=O)=O,[#6:1]-[c:2]1[c:3][c:4][c:5]([c:6][c:7]1)[S:8](=[O:9])(=[O:10])[#6:11]-[#7:12]=[#6:13].[#6:16]-[#6:15]\[#6:14]=[#7:17]\[#6:18]-[#6:19]>>[#6:1]-[c:2]1[c:7][c:6][c:5]([c:4][c:3]1)[S:8](=[O:10])=[O:9].[#6:19]-[#6:18]-[#7:17]-1-[#6:13]=[#7:12]-[#6:11]=[#6:14]-1-[#6:15]-[#6:16]
C[Mg]Br.C[Si](C)(C)OC1=CC=CO1>>CC1OC(=O)C=C1.C[Si+](C)C.[Br-].[Mg++],[#6:1][Mg:2][Br:3].[#6:4][Si:5]([#6:6])([#6:7])[#8:8]-[#6:9]-1=[#6:10]-[#6:11]=[#6:12]-[#8:13]-1>>[#6:1]-[#6:12]-1-[#8:13]-[#6:9](=[O:8])-[#6:10]=[#6:11]-1.[#6:4]-[#14+:5](-[#6:6])-[#6:7].[Br-:3].[Mg;v0+:2]
C=CCOCC#CCOCC=C>>C1OCC(=C1)C1=CCOC1,[#6:1]=[#6:2]-[#6:3]-[#8:4]-[#6:5][C:6]#[C:7][#6:8]-[#8:9]-[#6:10]-[#6:11]=[#6:12]>>[#6:10]-1-[#8:9]-[#6:8]-[#6:7](=[#6:11]-1)-[#6:6]-1=[#6:2]-[#6:3]-[#8:4]-[#6:5]-1.[#6;v0:1].[#6;v0:12]
Cc1ccc(cc1)S(=O)(=O)N(CC=C)C1CC(C=C1)N(CC=C)S(=O)(=O)c1ccc(C)cc1>>CC1=CC=C(C=C1)S(=O)(=O)N1CC=CC1C1C=CCN1S(=O)(=O)C1=CC=C(C)C=C1,[#6:1]-[c:2]1[c:3][c:4][c:5]([c:6][c:7]1)[S:8](=[O:9])(=[O:10])[#7:11](-[#6:12]-[#6:13]=[#6:14])-[#6:15]-1-[#6:16]-[#6:17](-[#6:18]=[#6:19]-1)-[#7:20](-[#6:21]-[#6:22]=[#6:23])[S:24](=[O:25])(=[O:26])[c:27]1[c:28][c:29][c:30](-[#6:31])[c:32][c:33]1>>[#6:1]-[#6:2]-1=[#6:3]-[#6:4]=[#6:5](-[#6:6]=[#6:7]-1)[S:8](=[O:10])(=[O:9])[#7:11]-1-[#6:12]-[#6:13]=[#6:19]-[#6:15]-1-[#6:16]-[#6:17]-1-[#6:18]=[#6:22]-[#6:21]-[#7:20]-1[S:24](=[O:25])(=[O:26])[#6:27]-1=[#6:28]-[#6:29]=[#6:30](-[#6:31])-[#6:32]=[#6:33]-1
FC1=CC=CC=C1I.[C-]#[O+].[S-].CCC#C>>CCC1=CC(=O)c2ccccc2S1,[#6:1]-[#6:2][C:3]#[C:4].[#16-:5].[C-:6]#[O+:7].[F:8][#6:9]-1=[#6:10]-[#6:11]=[#6:12]-[#6:13]=[#6:14]-1[I:15]>>[#6:1]-[#6:2]-[#6:3]-1=[#6:4]-[#6:6](=[O:7])-[c:14]2[c:9][c:10][c:11][c:12][c:13]2-[#16:5]-1.[F:8].[I:15]
C=C1CCCCC1=C.CCC1CO1.O=C=O>>CCC1CC2(CCCCC2=C)CC(=O)O1.O,[O:1]=[C:2]=[O:3].[#6:4]-[#6:5]-[#6:6]-1-[#6:7]-[#8:8]-1.[#6:9]=[#6:10]-1-[#6:11]-[#6:12]-[#6:13]-[#6:14]-[#6:15]-1=[#6:16]>>[#8:3].[#6:4]-[#6:5]-[#6:6]-1-[#6:7][C:15]2([#6:14]-[#6:13]-[#6:12]-[#6:11]-[#6:10]2=[#6:9])[#6:16]-[#6:2](=[O:1])-[#8:8]-1
CC1=CC=C(C)O1>>CC1=CC(=O)CC1,[#6:1]-[#6:2]-1=[#6:3]-[#6:4]=[#6:5](-[#6:6])-[#8:7]-1>>[#6:6]-[#6:5]-1=[#6:1]-[#6:2](=[O:7])-[#6:3]-[#6:4]-1
CC1=CC=C(C)O1>>CC1CC(=O)C=C1,[#6:1]-[#6:2]-1=[#6:3]-[#6:4]=[#6:5](-[#6:6])-[#8:7]-1>>[#6:6]-[#6:5]-1-[#6:1]-[#6:2](=[O:7])-[#6:3]=[#6:4]-1
CC(OC(C)=O)=O.CC(OC(C)=O)=O.O=Cc1ccccc1.OC(CCC(c2ccccc2)=O)=O>>O=C3OC(c4ccccc4)=C/C3=C\c5ccccc5.CC(O)=O.CC(O)=O.CC(O)=O.CC(O)=O,[CH3:1][C:2](=[O:7])[O:3][C:4](=[O:6])[CH3:5].[CH3:8][C:9](=[O:14])[O:10][C:11](=[O:13])[CH3:12].[cH:20]1[cH:19][cH:18][c:17]([cH:22][cH:21]1)[CH:16]=[O:15].[cH:31]1[cH:30][cH:29][c:28]([cH:33][cH:32]1)[C:27](=[O:34])[CH2:26][CH2:25][C:24](=[O:35])[OH:23]>>[CH3:1][C:2](=[O:7])[OH:3].[CH3:5][C:4](=[O:6])[OH:15].[CH3:8][C:9](=[O:14])[OH:23].[CH3:12][C:11](=[O:13])[OH:10].[cH:20]1[cH:19][cH:18][c:17]([cH:22][cH:21]1)/[CH:16]=[C:25]/2[CH:26]=[C:27]([O:34][C:24]2=[O:35])[c:28]3[cH:29][cH:30][cH:31][cH:32][cH:33]3
N#CC1=CN=NC=C1C#N.C1C\C=C/CC\C=C/1>>N#CC1=C(C#N)C2C3CCC2C2CCC3C12,[#6:1]-1-[#6:2]\[#6:3]=[#6:4]/[#6:5]-[#6:6]\[#6:7]=[#6:8]/1.[N:9]#[C:10][#6:11]-1=[#6:12]-[#7:13]=[#7:14]-[#6:15]=[#6:16]-1[C:17]#[N:18]>>[N:9]#[C:10][#6:11]-1=[#6:16]([C:17]#[N:18])-[#6:15]-2-[#6:3]-3-[#6:2]-[#6:1]-[#6:8]-2-[#6:7]-2-[#6:6]-[#6:5]-[#6:4]-3-[#6:12]-1-2.[#7;v0:13].[#7;v0:14]
N(C)[C@@H]1CCC[C@@]1(O)C(=C)C1=CC=CC=C1>>CC1CC2(C(CCCC2=O)N1C)C1=CC=CC=C1,[#6;v0:1].[#6;v0:2].[#6:3]-[#7:4]-[#6@@H:5]1-[#6:6]-[#6:7]-[#6:8][C@@:9]1([#8:10])[#6:11](=[#6:12])-[#6:13]-1=[#6:14]-[#6:15]=[#6:16]-[#6:17]=[#6:18]-1>>[#6:2]-[#6:1]-1-[#6:12][C:11]2([#6:5](-[#6:6]-[#6:7]-[#6:8]-[#6:9]2=[O:10])-[#7:4]-1-[#6:3])[#6:13]-1=[#6:18]-[#6:17]=[#6:16]-[#6:15]=[#6:14]-1
O=C(CC1C=CCS1(=O)=O)N(CC1=CC=CC=C1)\C=C\C1=CC=CC=C1>>[H][C@]12CC(=O)N(CC3=CC=CC=C3)[C@@]1([H])[C@@H](CC=C2)C1=CC=CC=C1,[O:1]=[#6:2](-[#6:3]-[#6:4]1-[#6:5]=[#6:6]-[#6:7][S:8]1(=[O:9])=[O:10])-[#7:11](-[#6:12]-[#6:13]-1=[#6:14]-[#6:15]=[#6:16]-[#6:17]=[#6:18]-1)\[#6:19]=[#6:20]\[#6:21]-1=[#6:22]-[#6:23]=[#6:24]-[#6:25]=[#6:26]1>>[O:1]=[#6:2]-1-[#6:3]-[#6@@H:4]-2-[#6:5]=[#6:6]-[#6:7]-[#6@H:20](-[#6@@H:19]-2-[#7:11]-1-[#6:12]-[#6:13]-1=[#6:18]-[#6:17]=[#6:16]-[#6:15]=[#6:14]-1)-[#6:21]-1=[#6:26]-[#6:25]=[#6:24]-[#6:23]=[#6:22]-1.[#8:9].[#8:10].[#16:8]
C=CCOC1(CCCCC1)OCC=C>>C=CCC1CCCCC1=O,[#6:1]=[#6:2]-[#6:3]-[#8:4][C:5]1([#6:6]-[#6:7]-[#6:8]-[#6:9]-[#6:10]1)[#8:11]-[#6:12]-[#6:13]=[#6:14]>>[#6:12]=[#6:13]-[#6:14]-[#6:10]-1-[#6:9]-[#6:8]-[#6:7]-[#6:6]-[#6:5]-1=[O:4].[#6;v0:2].[#6;v0:1].[#6;v0:3].[#8:11]
C1N=NCC2=CC=CC=C12.C1N=NCC2=CC=CC=C12>>C=C1C=CC=CC11CCC2=C(C1)C=CC=C2,[#6:1]-1-[#7:2]=[#7:3]-[#6:4]-[#6:5]-2=[#6:6]-[#6:7]=[#6:8]-[#6:9]=[#6:10]-1-2.[#6:11]-1-[#7:12]=[#7:13]-[#6:14]-[#6:15]-2=[#6:16]-[#6:17]=[#6:18]-[#6:19]=[#6:20]-1-2>>[#6:14]=[#6:15]1-[#6:16]=[#6:17]-[#6:18]=[#6:19][C:20]11[#6:11]-[#6:1]-[#6:10]-2=[#6:5](-[#6:4]1)-[#6:6]=[#6:7]-[#6:8]=[#6:9]-2.[#7;v0:13].[#7;v0:12].[#7;v0:2].[#7;v0:3]
CC1=C(CC1)C#CC(O)C(C)(C)CC=C>>CC12CCC1=C([S+]([O-])C1=CC=CC=C1)C1=CC(C)(C)CC1C2,[#6:1]-[#6:2]-1=[#6:3](-[#6:4]-[#6:5]-1)[C:6]#[C:7][#6:8](-[#8:9])[C:10]([#6:11])([#6:12])[#6:13]-[#6:14]=[#6:15].[Cl:16][#16:17]-[#6:18]-1=[#6:19]-[#6:20]=[#6:21]-[#6:22]=[#6:23]-1>>[#6:1][C:2]12[#6:5]-[#6:4]-[#6:3]1=[#6:6]([S+:17]([#8-:9])[#6:18]-1=[#6:19]-[#6:20]=[#6:21]-[#6:22]=[#6:23]-1)-[#6:7]-1=[#6:8][C:10]([#6:11])([#6:12])[#6:13]-[#6:14]-1-[#6:15]2.[Cl:16]